date,campaign_name,platform,ad_creative_type,audience_segment,impressions,clicks,conversions,spend,revenue
01-01-2024,Campaign 1,Instagram,Video,Gen Z,1930,49,6,96.47,433.75
01-01-2024,Campaign 1,Instagram,Video,Millennials,3667,79,10,184,854.04
01-01-2024,Campaign 1,Instagram,Video,Gen X,380,8,0,24.93,0
01-01-2024,Campaign 1,Instagram,Image,Gen Z,4025,31,0,187.97,0
01-01-2024,Campaign 1,Instagram,Image,Millennials,1237,17,0,44.66,0
01-01-2024,Campaign 1,Instagram,Image,Gen X,144,0,0,5.79,0
01-01-2024,Campaign 1,Instagram,Carousel,Gen Z,2264,24,1,69.17,53.25
01-01-2024,Campaign 1,Instagram,Carousel,Millennials,2217,63,3,89.45,152.39
01-01-2024,Campaign 1,Instagram,Carousel,Gen X,498,11,0,14.13,0
01-01-2024,Campaign 1,TikTok,Video,Gen Z,6613,312,23,350.33,1508.47
01-01-2024,Campaign 1,TikTok,Video,Millennials,956,25,2,23.15,184.23
01-01-2024,Campaign 1,TikTok,Video,Gen X,327,15,2,16.36,192.19
01-01-2024,Campaign 1,TikTok,Image,Gen Z,6314,50,0,237.46,0
01-01-2024,Campaign 1,TikTok,Image,Millennials,418,5,0,27.89,0
01-01-2024,Campaign 1,TikTok,Image,Gen X,296,2,0,7.75,0
01-01-2024,Campaign 1,TikTok,Carousel,Gen Z,5231,93,3,122.53,179.83
01-01-2024,Campaign 1,TikTok,Carousel,Millennials,445,10,0,11.62,0
01-01-2024,Campaign 1,TikTok,Carousel,Gen X,70,1,0,3.01,0
01-01-2024,Campaign 1,Facebook,Video,Gen Z,751,22,1,42.06,81.88
01-01-2024,Campaign 1,Facebook,Video,Millennials,2785,95,5,153.98,440.2
01-01-2024,Campaign 1,Facebook,Video,Gen X,2644,71,5,65.12,427.67
01-01-2024,Campaign 1,Facebook,Image,Gen Z,1440,7,0,34.86,0
01-01-2024,Campaign 1,Facebook,Image,Millennials,2281,30,1,66.44,80.22
01-01-2024,Campaign 1,Facebook,Image,Gen X,1839,30,0,48.35,0
01-01-2024,Campaign 1,Facebook,Carousel,Gen Z,1054,29,1,38.23,55.27
01-01-2024,Campaign 1,Facebook,Carousel,Millennials,4445,115,3,282.07,230.9
01-01-2024,Campaign 1,Facebook,Carousel,Gen X,1764,21,0,113.1,0
02-01-2024,Campaign 1,Instagram,Video,Gen Z,2153,70,9,133.52,453.13
02-01-2024,Campaign 1,Instagram,Video,Millennials,3787,136,13,205.79,825.12
02-01-2024,Campaign 1,Instagram,Video,Gen X,381,18,1,17.68,85.15
02-01-2024,Campaign 1,Instagram,Image,Gen Z,4116,24,0,140.08,0
02-01-2024,Campaign 1,Instagram,Image,Millennials,1818,16,0,91.91,0
02-01-2024,Campaign 1,Instagram,Image,Gen X,332,1,0,17.18,0
02-01-2024,Campaign 1,Instagram,Carousel,Gen Z,4086,80,6,138.16,501.64
02-01-2024,Campaign 1,Instagram,Carousel,Millennials,1101,19,0,65.39,0
02-01-2024,Campaign 1,Instagram,Carousel,Gen X,354,8,0,9.52,0
02-01-2024,Campaign 1,TikTok,Video,Gen Z,7169,252,30,443.74,1988.94
02-01-2024,Campaign 1,TikTok,Video,Millennials,451,18,2,17.45,109.62
02-01-2024,Campaign 1,TikTok,Video,Gen X,294,11,0,19.23,0
02-01-2024,Campaign 1,TikTok,Image,Gen Z,6577,105,1,312.14,84.79
02-01-2024,Campaign 1,TikTok,Image,Millennials,381,5,0,18.32,0
02-01-2024,Campaign 1,TikTok,Image,Gen X,50,0,0,2.42,0
02-01-2024,Campaign 1,TikTok,Carousel,Gen Z,6079,102,4,339.62,379.42
02-01-2024,Campaign 1,TikTok,Carousel,Millennials,325,5,0,20,0
02-01-2024,Campaign 1,TikTok,Carousel,Gen X,259,7,0,6.02,0
02-01-2024,Campaign 1,Facebook,Video,Gen Z,549,27,2,20.14,148.56
02-01-2024,Campaign 1,Facebook,Video,Millennials,3617,143,10,199.77,618.62
02-01-2024,Campaign 1,Facebook,Video,Gen X,1650,41,3,93.55,258.14
02-01-2024,Campaign 1,Facebook,Image,Gen Z,819,11,0,32.4,0
02-01-2024,Campaign 1,Facebook,Image,Millennials,5446,75,3,244.88,285.91
02-01-2024,Campaign 1,Facebook,Image,Gen X,2037,34,1,99.98,74.63
02-01-2024,Campaign 1,Facebook,Carousel,Gen Z,726,10,0,35.45,0
02-01-2024,Campaign 1,Facebook,Carousel,Millennials,5839,79,6,386.83,574.46
02-01-2024,Campaign 1,Facebook,Carousel,Gen X,2073,51,3,78.47,232.91
03-01-2024,Campaign 1,Instagram,Video,Gen Z,1803,88,11,65.25,761.8
03-01-2024,Campaign 1,Instagram,Video,Millennials,1592,46,3,76.65,290.42
03-01-2024,Campaign 1,Instagram,Video,Gen X,334,15,0,10.8,0
03-01-2024,Campaign 1,Instagram,Image,Gen Z,2343,16,0,147.05,0
03-01-2024,Campaign 1,Instagram,Image,Millennials,3170,32,0,189.15,0
03-01-2024,Campaign 1,Instagram,Image,Gen X,253,4,0,11.53,0
03-01-2024,Campaign 1,Instagram,Carousel,Gen Z,2684,30,1,67.35,94.33
03-01-2024,Campaign 1,Instagram,Carousel,Millennials,1583,27,0,77.79,0
03-01-2024,Campaign 1,Instagram,Carousel,Gen X,382,5,0,23.29,0
03-01-2024,Campaign 1,TikTok,Video,Gen Z,7453,157,12,352.2,795.99
03-01-2024,Campaign 1,TikTok,Video,Millennials,381,16,1,19.5,54.27
03-01-2024,Campaign 1,TikTok,Video,Gen X,488,12,1,26.66,56.92
03-01-2024,Campaign 1,TikTok,Image,Gen Z,5899,115,3,221.23,269.28
03-01-2024,Campaign 1,TikTok,Image,Millennials,665,7,0,22.74,0
03-01-2024,Campaign 1,TikTok,Image,Gen X,464,8,0,19.23,0
03-01-2024,Campaign 1,TikTok,Carousel,Gen Z,2756,51,1,74.6,59.14
03-01-2024,Campaign 1,TikTok,Carousel,Millennials,880,13,1,49.62,77.72
03-01-2024,Campaign 1,TikTok,Carousel,Gen X,444,10,0,21.55,0
03-01-2024,Campaign 1,Facebook,Video,Gen Z,1054,21,1,26.2,52.04
03-01-2024,Campaign 1,Facebook,Video,Millennials,4934,243,16,116.29,1410.69
03-01-2024,Campaign 1,Facebook,Video,Gen X,2194,75,5,93.37,349.63
03-01-2024,Campaign 1,Facebook,Image,Gen Z,760,14,0,26.34,0
03-01-2024,Campaign 1,Facebook,Image,Millennials,3865,48,2,204.06,116.29
03-01-2024,Campaign 1,Facebook,Image,Gen X,2419,46,2,150.69,163.64
03-01-2024,Campaign 1,Facebook,Carousel,Gen Z,925,19,0,48.21,0
03-01-2024,Campaign 1,Facebook,Carousel,Millennials,3369,88,5,202.73,412.87
03-01-2024,Campaign 1,Facebook,Carousel,Gen X,1533,21,0,41.97,0
04-01-2024,Campaign 1,Instagram,Video,Gen Z,2773,106,8,146.05,554.16
04-01-2024,Campaign 1,Instagram,Video,Millennials,1812,54,4,82.25,338.58
04-01-2024,Campaign 1,Instagram,Video,Gen X,362,14,1,20.37,90.17
04-01-2024,Campaign 1,Instagram,Image,Gen Z,2904,38,1,141.4,78.8
04-01-2024,Campaign 1,Instagram,Image,Millennials,1561,17,0,90.77,0
04-01-2024,Campaign 1,Instagram,Image,Gen X,144,1,0,7.75,0
04-01-2024,Campaign 1,Instagram,Carousel,Gen Z,2957,35,2,135.47,182.65
04-01-2024,Campaign 1,Instagram,Carousel,Millennials,1682,26,0,42.42,0
04-01-2024,Campaign 1,Instagram,Carousel,Gen X,87,1,0,4.65,0
04-01-2024,Campaign 1,TikTok,Video,Gen Z,5243,117,6,263.39,466.11
04-01-2024,Campaign 1,TikTok,Video,Millennials,996,42,5,58.51,272.8
04-01-2024,Campaign 1,TikTok,Video,Gen X,70,3,0,1.78,0
04-01-2024,Campaign 1,TikTok,Image,Gen Z,6962,71,1,204.01,88.08
04-01-2024,Campaign 1,TikTok,Image,Millennials,495,8,0,20.87,0
04-01-2024,Campaign 1,TikTok,Image,Gen X,246,4,0,6.52,0
04-01-2024,Campaign 1,TikTok,Carousel,Gen Z,7290,126,8,480.75,794.4
04-01-2024,Campaign 1,TikTok,Carousel,Millennials,827,14,0,37,0
04-01-2024,Campaign 1,TikTok,Carousel,Gen X,133,2,0,3.69,0
04-01-2024,Campaign 1,Facebook,Video,Gen Z,826,26,2,46.71,176.72
04-01-2024,Campaign 1,Facebook,Video,Millennials,2447,96,11,120.8,1079.19
04-01-2024,Campaign 1,Facebook,Video,Gen X,1607,55,3,75.32,215.45
04-01-2024,Campaign 1,Facebook,Image,Gen Z,528,2,0,13.08,0
04-01-2024,Campaign 1,Facebook,Image,Millennials,3466,65,3,118.93,254.31
04-01-2024,Campaign 1,Facebook,Image,Gen X,2756,35,1,150.15,72.73
04-01-2024,Campaign 1,Facebook,Carousel,Gen Z,1198,28,1,67.53,95.76
04-01-2024,Campaign 1,Facebook,Carousel,Millennials,2676,77,5,116.52,405.03
04-01-2024,Campaign 1,Facebook,Carousel,Gen X,1515,20,1,61.33,61.47
05-01-2024,Campaign 1,Instagram,Video,Gen Z,1769,39,5,119.8,424.54
05-01-2024,Campaign 1,Instagram,Video,Millennials,3660,107,14,197.58,813.83
05-01-2024,Campaign 1,Instagram,Video,Gen X,328,7,1,13.72,79.06
05-01-2024,Campaign 1,Instagram,Image,Gen Z,2472,27,1,153.88,52.26
05-01-2024,Campaign 1,Instagram,Image,Millennials,1507,16,0,102.12,0
05-01-2024,Campaign 1,Instagram,Image,Gen X,476,7,0,28.84,0
05-01-2024,Campaign 1,Instagram,Carousel,Gen Z,3500,67,3,123.35,158.46
05-01-2024,Campaign 1,Instagram,Carousel,Millennials,3306,78,4,188.29,382.63
05-01-2024,Campaign 1,Instagram,Carousel,Gen X,61,1,0,3.74,0
05-01-2024,Campaign 1,TikTok,Video,Gen Z,6122,160,12,216.13,724.34
05-01-2024,Campaign 1,TikTok,Video,Millennials,474,19,2,18.55,111.36
05-01-2024,Campaign 1,TikTok,Video,Gen X,126,4,0,7.66,0
05-01-2024,Campaign 1,TikTok,Image,Gen Z,3038,59,0,178.86,0
05-01-2024,Campaign 1,TikTok,Image,Millennials,633,3,0,32.31,0
05-01-2024,Campaign 1,TikTok,Image,Gen X,267,4,0,18,0
05-01-2024,Campaign 1,TikTok,Carousel,Gen Z,6508,116,5,416.4,337.06
05-01-2024,Campaign 1,TikTok,Carousel,Millennials,332,6,0,12.08,0
05-01-2024,Campaign 1,TikTok,Carousel,Gen X,90,2,0,5.83,0
05-01-2024,Campaign 1,Facebook,Video,Gen Z,1265,27,1,64.62,67.37
05-01-2024,Campaign 1,Facebook,Video,Millennials,5134,200,14,134.7,790.22
05-01-2024,Campaign 1,Facebook,Video,Gen X,2627,98,8,143.36,472.03
05-01-2024,Campaign 1,Facebook,Image,Gen Z,949,9,0,42.11,0
05-01-2024,Campaign 1,Facebook,Image,Millennials,2984,41,0,179.72,0
05-01-2024,Campaign 1,Facebook,Image,Gen X,1340,10,0,37.91,0
05-01-2024,Campaign 1,Facebook,Carousel,Gen Z,672,18,0,25.43,0
05-01-2024,Campaign 1,Facebook,Carousel,Millennials,5468,142,8,144.95,749.43
05-01-2024,Campaign 1,Facebook,Carousel,Gen X,2439,42,0,152.06,0
06-01-2024,Campaign 1,Instagram,Video,Gen Z,4493,114,8,178.22,593.81
06-01-2024,Campaign 1,Instagram,Video,Millennials,3284,140,14,182.64,743.64
06-01-2024,Campaign 1,Instagram,Video,Gen X,399,11,1,25.38,75.58
06-01-2024,Campaign 1,Instagram,Image,Gen Z,4435,24,1,172.61,69.86
06-01-2024,Campaign 1,Instagram,Image,Millennials,3655,33,0,86.63,0
06-01-2024,Campaign 1,Instagram,Image,Gen X,165,1,0,5.51,0
06-01-2024,Campaign 1,Instagram,Carousel,Gen Z,4584,108,7,208.57,380.42
06-01-2024,Campaign 1,Instagram,Carousel,Millennials,3103,76,4,153.66,312.89
06-01-2024,Campaign 1,Instagram,Carousel,Gen X,326,5,0,17.04,0
06-01-2024,Campaign 1,TikTok,Video,Gen Z,2938,87,12,67.94,735.2
06-01-2024,Campaign 1,TikTok,Video,Millennials,561,13,0,20.05,0
06-01-2024,Campaign 1,TikTok,Video,Gen X,461,20,1,10.89,84.85
06-01-2024,Campaign 1,TikTok,Image,Gen Z,7055,47,1,472.41,93.28
06-01-2024,Campaign 1,TikTok,Image,Millennials,572,11,0,31.85,0
06-01-2024,Campaign 1,TikTok,Image,Gen X,146,1,0,5.19,0
06-01-2024,Campaign 1,TikTok,Carousel,Gen Z,5734,168,10,182.77,868.12
06-01-2024,Campaign 1,TikTok,Carousel,Millennials,319,3,0,11.48,0
06-01-2024,Campaign 1,TikTok,Carousel,Gen X,119,3,0,5.92,0
06-01-2024,Campaign 1,Facebook,Video,Gen Z,504,18,1,16.13,84.23
06-01-2024,Campaign 1,Facebook,Video,Millennials,2809,77,9,161.31,718.04
06-01-2024,Campaign 1,Facebook,Video,Gen X,1971,75,9,54.5,832.83
06-01-2024,Campaign 1,Facebook,Image,Gen Z,1489,28,0,83.53,0
06-01-2024,Campaign 1,Facebook,Image,Millennials,3317,35,1,184.64,52.4
06-01-2024,Campaign 1,Facebook,Image,Gen X,1686,11,0,53.91,0
06-01-2024,Campaign 1,Facebook,Carousel,Gen Z,862,11,0,44.52,0
06-01-2024,Campaign 1,Facebook,Carousel,Millennials,2300,63,2,137.98,143.91
06-01-2024,Campaign 1,Facebook,Carousel,Gen X,2798,78,4,132.56,287.75
07-01-2024,Campaign 1,Instagram,Video,Gen Z,1996,53,7,80.38,540.24
07-01-2024,Campaign 1,Instagram,Video,Millennials,2843,76,7,120.66,466.49
07-01-2024,Campaign 1,Instagram,Video,Gen X,139,4,0,8.2,0
07-01-2024,Campaign 1,Instagram,Image,Gen Z,2517,40,1,171.79,87.62
07-01-2024,Campaign 1,Instagram,Image,Millennials,2534,22,0,61.61,0
07-01-2024,Campaign 1,Instagram,Image,Gen X,310,3,0,8.52,0
07-01-2024,Campaign 1,Instagram,Carousel,Gen Z,3955,106,2,161.72,179.73
07-01-2024,Campaign 1,Instagram,Carousel,Millennials,2614,38,2,145.32,164.11
07-01-2024,Campaign 1,Instagram,Carousel,Gen X,427,9,0,21.37,0
07-01-2024,Campaign 1,TikTok,Video,Gen Z,5583,189,27,166.23,2141.41
07-01-2024,Campaign 1,TikTok,Video,Millennials,728,16,1,40.69,79.65
07-01-2024,Campaign 1,TikTok,Video,Gen X,227,10,1,5.42,82.57
07-01-2024,Campaign 1,TikTok,Image,Gen Z,6897,73,0,181.45,0
07-01-2024,Campaign 1,TikTok,Image,Millennials,910,17,0,25.43,0
07-01-2024,Campaign 1,TikTok,Image,Gen X,360,2,0,13.67,0
07-01-2024,Campaign 1,TikTok,Carousel,Gen Z,5757,125,5,145.55,333.8
07-01-2024,Campaign 1,TikTok,Carousel,Millennials,979,25,1,27.39,70.73
07-01-2024,Campaign 1,TikTok,Carousel,Gen X,350,9,0,13.49,0
07-01-2024,Campaign 1,Facebook,Video,Gen Z,1276,47,2,82.16,124.82
07-01-2024,Campaign 1,Facebook,Video,Millennials,4060,141,12,261.74,817.44
07-01-2024,Campaign 1,Facebook,Video,Gen X,1031,29,2,33.49,151.52
07-01-2024,Campaign 1,Facebook,Image,Gen Z,924,17,0,38.51,0
07-01-2024,Campaign 1,Facebook,Image,Millennials,2862,22,0,105.63,0
07-01-2024,Campaign 1,Facebook,Image,Gen X,2241,18,0,72,0
07-01-2024,Campaign 1,Facebook,Carousel,Gen Z,714,12,0,35.36,0
07-01-2024,Campaign 1,Facebook,Carousel,Millennials,4745,90,4,203.42,280.15
07-01-2024,Campaign 1,Facebook,Carousel,Gen X,1850,46,1,70.36,53.78
08-01-2024,Campaign 1,Instagram,Video,Gen Z,3947,111,15,184.64,1350.56
08-01-2024,Campaign 1,Instagram,Video,Millennials,1027,25,3,54.23,154.06
08-01-2024,Campaign 1,Instagram,Video,Gen X,429,11,0,19.64,0
08-01-2024,Campaign 1,Instagram,Image,Gen Z,4952,84,1,260.1,61.91
08-01-2024,Campaign 1,Instagram,Image,Millennials,2071,41,1,123.31,98.13
08-01-2024,Campaign 1,Instagram,Image,Gen X,299,4,0,10.8,0
08-01-2024,Campaign 1,Instagram,Carousel,Gen Z,4575,103,6,281.07,336.83
08-01-2024,Campaign 1,Instagram,Carousel,Millennials,1457,31,1,92.46,90.87
08-01-2024,Campaign 1,Instagram,Carousel,Gen X,311,4,0,15.45,0
08-01-2024,Campaign 1,TikTok,Video,Gen Z,2902,93,9,123.81,582.51
08-01-2024,Campaign 1,TikTok,Video,Millennials,676,29,1,32.81,99.27
08-01-2024,Campaign 1,TikTok,Video,Gen X,413,18,1,9.84,63.43
08-01-2024,Campaign 1,TikTok,Image,Gen Z,3799,58,1,124.31,82.25
08-01-2024,Campaign 1,TikTok,Image,Millennials,496,9,0,15.17,0
08-01-2024,Campaign 1,TikTok,Image,Gen X,87,1,0,5.19,0
08-01-2024,Campaign 1,TikTok,Carousel,Gen Z,6092,110,5,338.71,276.64
08-01-2024,Campaign 1,TikTok,Carousel,Millennials,420,5,0,26.29,0
08-01-2024,Campaign 1,TikTok,Carousel,Gen X,183,4,0,8.93,0
08-01-2024,Campaign 1,Facebook,Video,Gen Z,990,31,3,24.65,174.94
08-01-2024,Campaign 1,Facebook,Video,Millennials,2693,68,4,155.98,213.65
08-01-2024,Campaign 1,Facebook,Video,Gen X,2925,83,7,162.5,453.99
08-01-2024,Campaign 1,Facebook,Image,Gen Z,1125,21,0,74.55,0
08-01-2024,Campaign 1,Facebook,Image,Millennials,5739,47,0,199.36,0
08-01-2024,Campaign 1,Facebook,Image,Gen X,2781,49,2,82.98,162.33
08-01-2024,Campaign 1,Facebook,Carousel,Gen Z,1236,14,0,69.17,0
08-01-2024,Campaign 1,Facebook,Carousel,Millennials,2469,54,2,64.8,107.78
08-01-2024,Campaign 1,Facebook,Carousel,Gen X,1053,25,0,52.31,0
09-01-2024,Campaign 1,Instagram,Video,Gen Z,3057,135,19,179.72,1606.03
09-01-2024,Campaign 1,Instagram,Video,Millennials,3808,97,10,238.23,866.11
09-01-2024,Campaign 1,Instagram,Video,Gen X,380,16,1,19.69,99.03
09-01-2024,Campaign 1,Instagram,Image,Gen Z,4804,59,1,325.68,97.2
09-01-2024,Campaign 1,Instagram,Image,Millennials,1023,5,0,69.9,0
09-01-2024,Campaign 1,Instagram,Image,Gen X,92,1,0,5.01,0
09-01-2024,Campaign 1,Instagram,Carousel,Gen Z,4915,60,2,290.13,174.51
09-01-2024,Campaign 1,Instagram,Carousel,Millennials,2209,59,2,133.79,103.7
09-01-2024,Campaign 1,Instagram,Carousel,Gen X,129,2,0,5.79,0
09-01-2024,Campaign 1,TikTok,Video,Gen Z,3991,132,11,195.03,992.19
09-01-2024,Campaign 1,TikTok,Video,Millennials,936,37,4,43.52,285.36
09-01-2024,Campaign 1,TikTok,Video,Gen X,103,2,0,6.43,0
09-01-2024,Campaign 1,TikTok,Image,Gen Z,7498,96,4,443.74,399.59
09-01-2024,Campaign 1,TikTok,Image,Millennials,264,4,0,11.8,0
09-01-2024,Campaign 1,TikTok,Image,Gen X,269,2,0,7.25,0
09-01-2024,Campaign 1,TikTok,Carousel,Gen Z,4717,116,3,131.24,203.19
09-01-2024,Campaign 1,TikTok,Carousel,Millennials,411,9,0,14.54,0
09-01-2024,Campaign 1,TikTok,Carousel,Gen X,342,4,0,9.75,0
09-01-2024,Campaign 1,Facebook,Video,Gen Z,1414,61,3,59.1,281.87
09-01-2024,Campaign 1,Facebook,Video,Millennials,4710,179,25,319.62,2179.19
09-01-2024,Campaign 1,Facebook,Video,Gen X,1385,37,5,72.54,401.93
09-01-2024,Campaign 1,Facebook,Image,Gen Z,1258,8,0,50.67,0
09-01-2024,Campaign 1,Facebook,Image,Millennials,3276,54,1,83.25,98.46
09-01-2024,Campaign 1,Facebook,Image,Gen X,2368,30,1,110.59,63.01
09-01-2024,Campaign 1,Facebook,Carousel,Gen Z,709,17,1,21.14,90.79
09-01-2024,Campaign 1,Facebook,Carousel,Millennials,4034,90,5,98.34,473.73
09-01-2024,Campaign 1,Facebook,Carousel,Gen X,1690,19,1,58.97,56.48
10-01-2024,Campaign 1,Instagram,Video,Gen Z,2109,102,13,125.86,1075.91
10-01-2024,Campaign 1,Instagram,Video,Millennials,1709,38,3,67.94,188.96
10-01-2024,Campaign 1,Instagram,Video,Gen X,500,10,1,33.31,55.47
10-01-2024,Campaign 1,Instagram,Image,Gen Z,1897,11,0,86.03,0
10-01-2024,Campaign 1,Instagram,Image,Millennials,2198,40,1,116.38,77.19
10-01-2024,Campaign 1,Instagram,Image,Gen X,424,6,0,26.43,0
10-01-2024,Campaign 1,Instagram,Carousel,Gen Z,4857,132,8,295.92,678.99
10-01-2024,Campaign 1,Instagram,Carousel,Millennials,3644,44,2,114.47,188.16
10-01-2024,Campaign 1,Instagram,Carousel,Gen X,328,8,0,19.82,0
10-01-2024,Campaign 1,TikTok,Video,Gen Z,5753,154,21,131.37,1633.99
10-01-2024,Campaign 1,TikTok,Video,Millennials,544,19,0,19.5,0
10-01-2024,Campaign 1,TikTok,Video,Gen X,106,3,0,4.24,0
10-01-2024,Campaign 1,TikTok,Image,Gen Z,3003,19,0,142.49,0
10-01-2024,Campaign 1,TikTok,Image,Millennials,967,14,0,26.57,0
10-01-2024,Campaign 1,TikTok,Image,Gen X,481,7,0,14.63,0
10-01-2024,Campaign 1,TikTok,Carousel,Gen Z,6536,127,2,171.15,185.24
10-01-2024,Campaign 1,TikTok,Carousel,Millennials,896,26,2,51.04,113.01
10-01-2024,Campaign 1,TikTok,Carousel,Gen X,240,4,0,14.45,0
10-01-2024,Campaign 1,Facebook,Video,Gen Z,1475,63,7,63.57,445.77
10-01-2024,Campaign 1,Facebook,Video,Millennials,3678,177,10,226.98,763.51
10-01-2024,Campaign 1,Facebook,Video,Gen X,2422,98,7,64.3,588.17
10-01-2024,Campaign 1,Facebook,Image,Gen Z,1022,7,0,68.12,0
10-01-2024,Campaign 1,Facebook,Image,Millennials,2494,47,1,129.37,69.88
10-01-2024,Campaign 1,Facebook,Image,Gen X,1988,23,0,74.37,0
10-01-2024,Campaign 1,Facebook,Carousel,Gen Z,1092,15,0,57.32,0
10-01-2024,Campaign 1,Facebook,Carousel,Millennials,4695,91,4,141.03,240.74
10-01-2024,Campaign 1,Facebook,Carousel,Gen X,2838,72,4,173.89,352.2
11-01-2024,Campaign 1,Instagram,Video,Gen Z,4765,209,16,306.54,1574.01
11-01-2024,Campaign 1,Instagram,Video,Millennials,1263,43,2,36,168.56
11-01-2024,Campaign 1,Instagram,Video,Gen X,419,15,1,12.62,82.58
11-01-2024,Campaign 1,Instagram,Image,Gen Z,4822,43,1,178.08,72.76
11-01-2024,Campaign 1,Instagram,Image,Millennials,3083,36,1,125.81,98.73
11-01-2024,Campaign 1,Instagram,Image,Gen X,132,1,0,8.2,0
11-01-2024,Campaign 1,Instagram,Carousel,Gen Z,4255,104,6,125.22,330.84
11-01-2024,Campaign 1,Instagram,Carousel,Millennials,2558,32,1,130.33,85.12
11-01-2024,Campaign 1,Instagram,Carousel,Gen X,406,10,0,10.57,0
11-01-2024,Campaign 1,TikTok,Video,Gen Z,3474,72,4,141.99,226.54
11-01-2024,Campaign 1,TikTok,Video,Millennials,685,17,2,41.24,104.12
11-01-2024,Campaign 1,TikTok,Video,Gen X,263,6,0,14.45,0
11-01-2024,Campaign 1,TikTok,Image,Gen Z,5958,84,2,216.86,193.52
11-01-2024,Campaign 1,TikTok,Image,Millennials,920,15,0,41.28,0
11-01-2024,Campaign 1,TikTok,Image,Gen X,153,2,0,6.65,0
11-01-2024,Campaign 1,TikTok,Carousel,Gen Z,4952,65,3,276.37,238.99
11-01-2024,Campaign 1,TikTok,Carousel,Millennials,704,13,0,26.61,0
11-01-2024,Campaign 1,TikTok,Carousel,Gen X,392,5,0,20.69,0
11-01-2024,Campaign 1,Facebook,Video,Gen Z,1308,26,2,49.62,154.25
11-01-2024,Campaign 1,Facebook,Video,Millennials,2541,100,6,136.66,321.66
11-01-2024,Campaign 1,Facebook,Video,Gen X,1991,51,6,61.15,588.23
11-01-2024,Campaign 1,Facebook,Image,Gen Z,1488,24,0,57.37,0
11-01-2024,Campaign 1,Facebook,Image,Millennials,5337,67,2,246.62,158.81
11-01-2024,Campaign 1,Facebook,Image,Gen X,1636,25,0,102.39,0
11-01-2024,Campaign 1,Facebook,Carousel,Gen Z,1398,32,2,49.94,135.92
11-01-2024,Campaign 1,Facebook,Carousel,Millennials,3857,86,4,216.72,226.31
11-01-2024,Campaign 1,Facebook,Carousel,Gen X,2795,50,2,144.22,137.28
12-01-2024,Campaign 1,Instagram,Video,Gen Z,1500,38,5,67.81,311.81
12-01-2024,Campaign 1,Instagram,Video,Millennials,3973,127,13,195.44,1080.7
12-01-2024,Campaign 1,Instagram,Video,Gen X,421,10,0,28.21,0
12-01-2024,Campaign 1,Instagram,Image,Gen Z,2126,10,0,106.45,0
12-01-2024,Campaign 1,Instagram,Image,Millennials,2687,22,0,115.33,0
12-01-2024,Campaign 1,Instagram,Image,Gen X,352,3,0,14.95,0
12-01-2024,Campaign 1,Instagram,Carousel,Gen Z,4401,127,4,172.34,275.87
12-01-2024,Campaign 1,Instagram,Carousel,Millennials,2589,64,3,114.97,276.63
12-01-2024,Campaign 1,Instagram,Carousel,Gen X,327,6,0,15.77,0
12-01-2024,Campaign 1,TikTok,Video,Gen Z,3469,97,5,163,484.15
12-01-2024,Campaign 1,TikTok,Video,Millennials,648,25,1,20.1,54.43
12-01-2024,Campaign 1,TikTok,Video,Gen X,130,4,0,3.83,0
12-01-2024,Campaign 1,TikTok,Image,Gen Z,3119,47,0,116.97,0
12-01-2024,Campaign 1,TikTok,Image,Millennials,781,9,0,35.18,0
12-01-2024,Campaign 1,TikTok,Image,Gen X,475,3,0,13.94,0
12-01-2024,Campaign 1,TikTok,Carousel,Gen Z,2945,69,5,79.7,418.15
12-01-2024,Campaign 1,TikTok,Carousel,Millennials,937,13,1,32.26,83.08
12-01-2024,Campaign 1,TikTok,Carousel,Gen X,109,3,0,4.97,0
12-01-2024,Campaign 1,Facebook,Video,Gen Z,1335,61,7,37.32,628.43
12-01-2024,Campaign 1,Facebook,Video,Millennials,5041,203,14,266.21,975.71
12-01-2024,Campaign 1,Facebook,Video,Gen X,1546,57,4,46.43,320.99
12-01-2024,Campaign 1,Facebook,Image,Gen Z,787,15,0,49.17,0
12-01-2024,Campaign 1,Facebook,Image,Millennials,5366,50,0,281.34,0
12-01-2024,Campaign 1,Facebook,Image,Gen X,1833,27,1,105.45,89.89
12-01-2024,Campaign 1,Facebook,Carousel,Gen Z,925,25,1,33.58,82.45
12-01-2024,Campaign 1,Facebook,Carousel,Millennials,3386,55,2,138.25,169.55
12-01-2024,Campaign 1,Facebook,Carousel,Gen X,2437,51,2,116.11,144.44
13-01-2024,Campaign 1,Instagram,Video,Gen Z,4622,102,11,246.02,890.72
13-01-2024,Campaign 1,Instagram,Video,Millennials,2494,87,9,164.96,831.23
13-01-2024,Campaign 1,Instagram,Video,Gen X,364,16,0,10.75,0
13-01-2024,Campaign 1,Instagram,Image,Gen Z,3011,39,1,173.57,90.65
13-01-2024,Campaign 1,Instagram,Image,Millennials,2272,35,1,136.89,71.54
13-01-2024,Campaign 1,Instagram,Image,Gen X,217,3,0,7.34,0
13-01-2024,Campaign 1,Instagram,Carousel,Gen Z,3427,47,2,108.45,116.63
13-01-2024,Campaign 1,Instagram,Carousel,Millennials,1481,22,0,54.5,0
13-01-2024,Campaign 1,Instagram,Carousel,Gen X,195,4,0,10.8,0
13-01-2024,Campaign 1,TikTok,Video,Gen Z,5893,263,26,167.37,2417.24
13-01-2024,Campaign 1,TikTok,Video,Millennials,781,27,3,21.6,235.1
13-01-2024,Campaign 1,TikTok,Video,Gen X,198,9,0,5.29,0
13-01-2024,Campaign 1,TikTok,Image,Gen Z,5145,29,1,340.26,80.08
13-01-2024,Campaign 1,TikTok,Image,Millennials,820,10,0,48.35,0
13-01-2024,Campaign 1,TikTok,Image,Gen X,238,2,0,13.76,0
13-01-2024,Campaign 1,TikTok,Carousel,Gen Z,3158,50,3,194.44,250.71
13-01-2024,Campaign 1,TikTok,Carousel,Millennials,678,8,0,29.39,0
13-01-2024,Campaign 1,TikTok,Carousel,Gen X,393,5,0,17.41,0
13-01-2024,Campaign 1,Facebook,Video,Gen Z,830,17,1,41.88,77.33
13-01-2024,Campaign 1,Facebook,Video,Millennials,2324,64,7,59.15,399.62
13-01-2024,Campaign 1,Facebook,Video,Gen X,1671,40,4,68.85,285.64
13-01-2024,Campaign 1,Facebook,Image,Gen Z,1095,17,0,41.97,0
13-01-2024,Campaign 1,Facebook,Image,Millennials,4849,76,2,171.06,107.94
13-01-2024,Campaign 1,Facebook,Image,Gen X,1371,20,0,56.32,0
13-01-2024,Campaign 1,Facebook,Carousel,Gen Z,1046,17,0,48.58,0
13-01-2024,Campaign 1,Facebook,Carousel,Millennials,3282,37,2,115.33,159.28
13-01-2024,Campaign 1,Facebook,Carousel,Gen X,1033,21,0,39.19,0
14-01-2024,Campaign 1,Instagram,Video,Gen Z,2887,90,7,196.72,506.22
14-01-2024,Campaign 1,Instagram,Video,Millennials,3105,67,7,206.24,411.36
14-01-2024,Campaign 1,Instagram,Video,Gen X,193,8,0,8.02,0
14-01-2024,Campaign 1,Instagram,Image,Gen Z,2551,41,0,135.43,0
14-01-2024,Campaign 1,Instagram,Image,Millennials,1839,19,0,123.54,0
14-01-2024,Campaign 1,Instagram,Image,Gen X,485,8,0,25.88,0
14-01-2024,Campaign 1,Instagram,Carousel,Gen Z,4774,56,3,136.57,273.91
14-01-2024,Campaign 1,Instagram,Carousel,Millennials,1761,42,0,64.43,0
14-01-2024,Campaign 1,Instagram,Carousel,Gen X,338,5,0,11.39,0
14-01-2024,Campaign 1,TikTok,Video,Gen Z,5149,146,21,322.21,1219.85
14-01-2024,Campaign 1,TikTok,Video,Millennials,452,15,2,27.84,120.85
14-01-2024,Campaign 1,TikTok,Video,Gen X,169,5,0,8.7,0
14-01-2024,Campaign 1,TikTok,Image,Gen Z,6314,107,4,231.53,216.18
14-01-2024,Campaign 1,TikTok,Image,Millennials,964,5,0,31.81,0
14-01-2024,Campaign 1,TikTok,Image,Gen X,433,8,0,19.32,0
14-01-2024,Campaign 1,TikTok,Carousel,Gen Z,6643,131,7,382.87,411.19
14-01-2024,Campaign 1,TikTok,Carousel,Millennials,699,20,1,37.14,56.09
14-01-2024,Campaign 1,TikTok,Carousel,Gen X,318,4,0,18.5,0
14-01-2024,Campaign 1,Facebook,Video,Gen Z,545,15,1,23.33,55.28
14-01-2024,Campaign 1,Facebook,Video,Millennials,4242,84,4,213.12,272.96
14-01-2024,Campaign 1,Facebook,Video,Gen X,2167,47,6,94.78,317.45
14-01-2024,Campaign 1,Facebook,Image,Gen Z,1401,22,0,50.9,0
14-01-2024,Campaign 1,Facebook,Image,Millennials,3988,28,0,145.96,0
14-01-2024,Campaign 1,Facebook,Image,Gen X,2575,39,1,132.97,61.44
14-01-2024,Campaign 1,Facebook,Carousel,Gen Z,550,12,0,28.16,0
14-01-2024,Campaign 1,Facebook,Carousel,Millennials,3651,89,6,150.51,496.22
14-01-2024,Campaign 1,Facebook,Carousel,Gen X,2265,39,1,137.02,86.68
15-01-2024,Campaign 1,Instagram,Video,Gen Z,2822,138,10,81.52,709.29
15-01-2024,Campaign 1,Instagram,Video,Millennials,3418,95,11,99.25,844.42
15-01-2024,Campaign 1,Instagram,Video,Gen X,82,2,0,4.24,0
15-01-2024,Campaign 1,Instagram,Image,Gen Z,4558,88,2,126.63,154.8
15-01-2024,Campaign 1,Instagram,Image,Millennials,3399,42,0,100.57,0
15-01-2024,Campaign 1,Instagram,Image,Gen X,322,3,0,14.31,0
15-01-2024,Campaign 1,Instagram,Carousel,Gen Z,2229,60,2,147.91,113.31
15-01-2024,Campaign 1,Instagram,Carousel,Millennials,1008,23,1,60.1,53.82
15-01-2024,Campaign 1,Instagram,Carousel,Gen X,98,2,0,6.24,0
15-01-2024,Campaign 1,TikTok,Video,Gen Z,6953,242,21,301.02,1288.31
15-01-2024,Campaign 1,TikTok,Video,Millennials,727,24,3,20.05,298.24
15-01-2024,Campaign 1,TikTok,Video,Gen X,93,3,0,2.46,0
15-01-2024,Campaign 1,TikTok,Image,Gen Z,6394,108,1,156.03,75.43
15-01-2024,Campaign 1,TikTok,Image,Millennials,365,3,0,14.13,0
15-01-2024,Campaign 1,TikTok,Image,Gen X,245,4,0,10.16,0
15-01-2024,Campaign 1,TikTok,Carousel,Gen Z,5219,96,2,241.28,189.89
15-01-2024,Campaign 1,TikTok,Carousel,Millennials,429,9,0,13.81,0
15-01-2024,Campaign 1,TikTok,Carousel,Gen X,240,3,0,15.95,0
15-01-2024,Campaign 1,Facebook,Video,Gen Z,883,43,5,31.9,494.99
15-01-2024,Campaign 1,Facebook,Video,Millennials,3210,111,15,149.33,1212.37
15-01-2024,Campaign 1,Facebook,Video,Gen X,1624,38,3,105.67,183.69
15-01-2024,Campaign 1,Facebook,Image,Gen Z,1344,14,0,54.41,0
15-01-2024,Campaign 1,Facebook,Image,Millennials,4041,34,0,128.41,0
15-01-2024,Campaign 1,Facebook,Image,Gen X,2467,49,1,91.82,93.96
15-01-2024,Campaign 1,Facebook,Carousel,Gen Z,889,25,0,50.85,0
15-01-2024,Campaign 1,Facebook,Carousel,Millennials,5011,125,6,155.39,316.16
15-01-2024,Campaign 1,Facebook,Carousel,Gen X,1127,23,1,73.82,52.16
16-01-2024,Campaign 1,Instagram,Video,Gen Z,3268,75,8,88.13,786.05
16-01-2024,Campaign 1,Instagram,Video,Millennials,1743,61,8,97.93,616.89
16-01-2024,Campaign 1,Instagram,Video,Gen X,400,16,1,11.03,57.58
16-01-2024,Campaign 1,Instagram,Image,Gen Z,4074,73,2,234.13,116.01
16-01-2024,Campaign 1,Instagram,Image,Millennials,1180,15,0,66.76,0
16-01-2024,Campaign 1,Instagram,Image,Gen X,499,3,0,29.57,0
16-01-2024,Campaign 1,Instagram,Carousel,Gen Z,3040,75,5,154.48,421.97
16-01-2024,Campaign 1,Instagram,Carousel,Millennials,2079,53,2,47.85,176.1
16-01-2024,Campaign 1,Instagram,Carousel,Gen X,332,8,0,18.91,0
16-01-2024,Campaign 1,TikTok,Video,Gen Z,3817,162,21,168.79,1577.15
16-01-2024,Campaign 1,TikTok,Video,Millennials,598,18,1,33.31,94.31
16-01-2024,Campaign 1,TikTok,Video,Gen X,163,3,0,3.74,0
16-01-2024,Campaign 1,TikTok,Image,Gen Z,5445,42,1,223.88,93.71
16-01-2024,Campaign 1,TikTok,Image,Millennials,872,12,0,42.93,0
16-01-2024,Campaign 1,TikTok,Image,Gen X,499,2,0,25.02,0
16-01-2024,Campaign 1,TikTok,Carousel,Gen Z,4195,48,1,159.49,89.24
16-01-2024,Campaign 1,TikTok,Carousel,Millennials,748,10,0,34.77,0
16-01-2024,Campaign 1,TikTok,Carousel,Gen X,224,3,0,6.02,0
16-01-2024,Campaign 1,Facebook,Video,Gen Z,881,38,4,49.53,259.89
16-01-2024,Campaign 1,Facebook,Video,Millennials,4128,134,15,241.83,838.75
16-01-2024,Campaign 1,Facebook,Video,Gen X,1866,92,11,105.45,1072.67
16-01-2024,Campaign 1,Facebook,Image,Gen Z,918,7,0,34.91,0
16-01-2024,Campaign 1,Facebook,Image,Millennials,3848,53,1,210.02,96.48
16-01-2024,Campaign 1,Facebook,Image,Gen X,2305,44,0,97.65,0
16-01-2024,Campaign 1,Facebook,Carousel,Gen Z,1186,22,1,50.54,96.87
16-01-2024,Campaign 1,Facebook,Carousel,Millennials,3201,40,0,179.13,0
16-01-2024,Campaign 1,Facebook,Carousel,Gen X,1320,33,0,33.54,0
17-01-2024,Campaign 1,Instagram,Video,Gen Z,3641,116,16,161.27,810.72
17-01-2024,Campaign 1,Instagram,Video,Millennials,1715,37,2,59.51,124.7
17-01-2024,Campaign 1,Instagram,Video,Gen X,159,6,0,6.33,0
17-01-2024,Campaign 1,Instagram,Image,Gen Z,1602,14,0,98.79,0
17-01-2024,Campaign 1,Instagram,Image,Millennials,2148,28,0,79.79,0
17-01-2024,Campaign 1,Instagram,Image,Gen X,84,1,0,4.47,0
17-01-2024,Campaign 1,Instagram,Carousel,Gen Z,3363,92,4,203.51,357.54
17-01-2024,Campaign 1,Instagram,Carousel,Millennials,3716,73,5,109.23,431.29
17-01-2024,Campaign 1,Instagram,Carousel,Gen X,202,3,0,10.21,0
17-01-2024,Campaign 1,TikTok,Video,Gen Z,6808,140,17,284.8,925.51
17-01-2024,Campaign 1,TikTok,Video,Millennials,548,20,2,15.36,186.01
17-01-2024,Campaign 1,TikTok,Video,Gen X,71,1,0,3.37,0
17-01-2024,Campaign 1,TikTok,Image,Gen Z,4324,49,0,229.39,0
17-01-2024,Campaign 1,TikTok,Image,Millennials,670,7,0,35.13,0
17-01-2024,Campaign 1,TikTok,Image,Gen X,221,3,0,8.61,0
17-01-2024,Campaign 1,TikTok,Carousel,Gen Z,3427,68,2,214.26,154.48
17-01-2024,Campaign 1,TikTok,Carousel,Millennials,795,19,0,25.52,0
17-01-2024,Campaign 1,TikTok,Carousel,Gen X,412,5,0,27.16,0
17-01-2024,Campaign 1,Facebook,Video,Gen Z,1409,60,3,36.27,219.59
17-01-2024,Campaign 1,Facebook,Video,Millennials,2995,85,7,177.22,480.18
17-01-2024,Campaign 1,Facebook,Video,Gen X,1907,85,7,110.87,687.57
17-01-2024,Campaign 1,Facebook,Image,Gen Z,751,5,0,29.3,0
17-01-2024,Campaign 1,Facebook,Image,Millennials,2242,32,1,91.55,95.75
17-01-2024,Campaign 1,Facebook,Image,Gen X,1563,20,0,75.32,0
17-01-2024,Campaign 1,Facebook,Carousel,Gen Z,923,25,1,32.67,99.18
17-01-2024,Campaign 1,Facebook,Carousel,Millennials,3488,76,1,137.3,86.63
17-01-2024,Campaign 1,Facebook,Carousel,Gen X,1343,17,0,68.26,0
18-01-2024,Campaign 1,Instagram,Video,Gen Z,2795,65,8,104.4,795.37
18-01-2024,Campaign 1,Instagram,Video,Millennials,1955,46,5,73.32,499.27
18-01-2024,Campaign 1,Instagram,Video,Gen X,302,9,0,7.06,0
18-01-2024,Campaign 1,Instagram,Image,Gen Z,2700,14,0,87.31,0
18-01-2024,Campaign 1,Instagram,Image,Millennials,1113,8,0,66.89,0
18-01-2024,Campaign 1,Instagram,Image,Gen X,155,2,0,9.89,0
18-01-2024,Campaign 1,Instagram,Carousel,Gen Z,2752,47,2,166.55,133.52
18-01-2024,Campaign 1,Instagram,Carousel,Millennials,1492,22,0,39.92,0
18-01-2024,Campaign 1,Instagram,Carousel,Gen X,387,4,0,16.77,0
18-01-2024,Campaign 1,TikTok,Video,Gen Z,6048,199,21,341.22,1896.51
18-01-2024,Campaign 1,TikTok,Video,Millennials,680,33,3,19.41,251.43
18-01-2024,Campaign 1,TikTok,Video,Gen X,82,2,0,4.42,0
18-01-2024,Campaign 1,TikTok,Image,Gen Z,5389,45,1,191.39,82.14
18-01-2024,Campaign 1,TikTok,Image,Millennials,507,9,0,19.87,0
18-01-2024,Campaign 1,TikTok,Image,Gen X,206,1,0,13.49,0
18-01-2024,Campaign 1,TikTok,Carousel,Gen Z,4823,126,2,307.45,165.08
18-01-2024,Campaign 1,TikTok,Carousel,Millennials,572,13,0,15.9,0
18-01-2024,Campaign 1,TikTok,Carousel,Gen X,324,4,0,9.3,0
18-01-2024,Campaign 1,Facebook,Video,Gen Z,1434,49,2,60.2,102.72
18-01-2024,Campaign 1,Facebook,Video,Millennials,5378,152,20,194.17,1910.77
18-01-2024,Campaign 1,Facebook,Video,Gen X,1724,70,9,116.43,729.61
18-01-2024,Campaign 1,Facebook,Image,Gen Z,1048,10,0,37.32,0
18-01-2024,Campaign 1,Facebook,Image,Millennials,4246,35,0,109.96,0
18-01-2024,Campaign 1,Facebook,Image,Gen X,1132,5,0,41.33,0
18-01-2024,Campaign 1,Facebook,Carousel,Gen Z,1381,20,1,69.13,53.22
18-01-2024,Campaign 1,Facebook,Carousel,Millennials,2493,67,4,124.17,378.46
18-01-2024,Campaign 1,Facebook,Carousel,Gen X,2599,58,3,158.49,192.79
19-01-2024,Campaign 1,Instagram,Video,Gen Z,2657,99,14,164.14,1065.01
19-01-2024,Campaign 1,Instagram,Video,Millennials,1674,46,3,75.42,260.63
19-01-2024,Campaign 1,Instagram,Video,Gen X,150,7,0,9.07,0
19-01-2024,Campaign 1,Instagram,Image,Gen Z,3068,16,0,81.39,0
19-01-2024,Campaign 1,Instagram,Image,Millennials,1263,17,0,54.27,0
19-01-2024,Campaign 1,Instagram,Image,Gen X,459,5,0,23.83,0
19-01-2024,Campaign 1,Instagram,Carousel,Gen Z,2697,32,1,121.39,82.61
19-01-2024,Campaign 1,Instagram,Carousel,Millennials,1096,16,0,74.09,0
19-01-2024,Campaign 1,Instagram,Carousel,Gen X,180,5,0,4.42,0
19-01-2024,Campaign 1,TikTok,Video,Gen Z,4689,113,8,314.42,532.54
19-01-2024,Campaign 1,TikTok,Video,Millennials,626,24,2,27.02,147.43
19-01-2024,Campaign 1,TikTok,Video,Gen X,394,13,0,9.11,0
19-01-2024,Campaign 1,TikTok,Image,Gen Z,4825,85,1,211.71,71.93
19-01-2024,Campaign 1,TikTok,Image,Millennials,601,7,0,39.19,0
19-01-2024,Campaign 1,TikTok,Image,Gen X,324,3,0,15.22,0
19-01-2024,Campaign 1,TikTok,Carousel,Gen Z,2591,71,3,141.95,298.92
19-01-2024,Campaign 1,TikTok,Carousel,Millennials,928,26,0,37.64,0
19-01-2024,Campaign 1,TikTok,Carousel,Gen X,341,9,0,17.22,0
19-01-2024,Campaign 1,Facebook,Video,Gen Z,1162,48,6,64.66,558.86
19-01-2024,Campaign 1,Facebook,Video,Millennials,2086,44,3,53.18,240.57
19-01-2024,Campaign 1,Facebook,Video,Gen X,2448,67,7,145.04,581.93
19-01-2024,Campaign 1,Facebook,Image,Gen Z,742,5,0,42.29,0
19-01-2024,Campaign 1,Facebook,Image,Millennials,3724,36,1,154.89,82.3
19-01-2024,Campaign 1,Facebook,Image,Gen X,1100,11,0,25.56,0
19-01-2024,Campaign 1,Facebook,Carousel,Gen Z,1070,13,0,32.76,0
19-01-2024,Campaign 1,Facebook,Carousel,Millennials,4362,122,2,205.51,114.21
19-01-2024,Campaign 1,Facebook,Carousel,Gen X,1552,37,1,67.12,54.22
20-01-2024,Campaign 1,Instagram,Video,Gen Z,2499,53,3,120.57,201.48
20-01-2024,Campaign 1,Instagram,Video,Millennials,1715,67,9,93.19,643.47
20-01-2024,Campaign 1,Instagram,Video,Gen X,355,7,0,22.01,0
20-01-2024,Campaign 1,Instagram,Image,Gen Z,3217,54,2,199,191.66
20-01-2024,Campaign 1,Instagram,Image,Millennials,2567,16,0,59.92,0
20-01-2024,Campaign 1,Instagram,Image,Gen X,108,1,0,4.28,0
20-01-2024,Campaign 1,Instagram,Carousel,Gen Z,2990,68,1,171.93,97.33
20-01-2024,Campaign 1,Instagram,Carousel,Millennials,3953,41,2,204.78,134.06
20-01-2024,Campaign 1,Instagram,Carousel,Gen X,289,7,0,7.93,0
20-01-2024,Campaign 1,TikTok,Video,Gen Z,2964,134,14,143.13,773.68
20-01-2024,Campaign 1,TikTok,Video,Millennials,978,33,1,44.79,98.2
20-01-2024,Campaign 1,TikTok,Video,Gen X,435,9,0,28.25,0
20-01-2024,Campaign 1,TikTok,Image,Gen Z,3654,59,1,131.42,95
20-01-2024,Campaign 1,TikTok,Image,Millennials,312,3,0,13.85,0
20-01-2024,Campaign 1,TikTok,Image,Gen X,442,7,0,15.86,0
20-01-2024,Campaign 1,TikTok,Carousel,Gen Z,5309,56,4,308.09,396.02
20-01-2024,Campaign 1,TikTok,Carousel,Millennials,402,8,0,13.67,0
20-01-2024,Campaign 1,TikTok,Carousel,Gen X,499,8,0,15.81,0
20-01-2024,Campaign 1,Facebook,Video,Gen Z,970,39,2,58.83,154.48
20-01-2024,Campaign 1,Facebook,Video,Millennials,3728,139,8,160.35,650.49
20-01-2024,Campaign 1,Facebook,Video,Gen X,2093,54,6,117.75,390.15
20-01-2024,Campaign 1,Facebook,Image,Gen Z,1118,15,0,35.73,0
20-01-2024,Campaign 1,Facebook,Image,Millennials,2653,47,1,170.11,56.62
20-01-2024,Campaign 1,Facebook,Image,Gen X,2581,48,1,121.53,93.5
20-01-2024,Campaign 1,Facebook,Carousel,Gen Z,1342,33,1,34.09,84.04
20-01-2024,Campaign 1,Facebook,Carousel,Millennials,2980,82,6,88.08,438.8
20-01-2024,Campaign 1,Facebook,Carousel,Gen X,2687,31,2,121.44,130.24
21-01-2024,Campaign 1,Instagram,Video,Gen Z,4173,119,8,239.92,554.62
21-01-2024,Campaign 1,Instagram,Video,Millennials,3405,161,13,190.2,1231.39
21-01-2024,Campaign 1,Instagram,Video,Gen X,415,13,1,23.92,78.68
21-01-2024,Campaign 1,Instagram,Image,Gen Z,1682,20,0,42.88,0
21-01-2024,Campaign 1,Instagram,Image,Millennials,2192,38,1,56.19,94.17
21-01-2024,Campaign 1,Instagram,Image,Gen X,271,1,0,8.89,0
21-01-2024,Campaign 1,Instagram,Carousel,Gen Z,2068,40,2,115.24,169.25
21-01-2024,Campaign 1,Instagram,Carousel,Millennials,3964,89,5,238.41,333.35
21-01-2024,Campaign 1,Instagram,Carousel,Gen X,323,4,0,7.47,0
21-01-2024,Campaign 1,TikTok,Video,Gen Z,3920,175,13,91.87,1129.62
21-01-2024,Campaign 1,TikTok,Video,Millennials,262,10,0,6.02,0
21-01-2024,Campaign 1,TikTok,Video,Gen X,143,5,0,8.75,0
21-01-2024,Campaign 1,TikTok,Image,Gen Z,4087,44,1,145.32,84.37
21-01-2024,Campaign 1,TikTok,Image,Millennials,940,9,0,48.48,0
21-01-2024,Campaign 1,TikTok,Image,Gen X,194,0,0,12.12,0
21-01-2024,Campaign 1,TikTok,Carousel,Gen Z,5388,107,7,296.38,367.58
21-01-2024,Campaign 1,TikTok,Carousel,Millennials,474,11,0,15.36,0
21-01-2024,Campaign 1,TikTok,Carousel,Gen X,275,7,0,11.35,0
21-01-2024,Campaign 1,Facebook,Video,Gen Z,866,32,4,41.38,243.85
21-01-2024,Campaign 1,Facebook,Video,Millennials,3414,130,11,178.58,617.61
21-01-2024,Campaign 1,Facebook,Video,Gen X,2192,91,12,95.28,1092.86
21-01-2024,Campaign 1,Facebook,Image,Gen Z,1294,7,0,43.75,0
21-01-2024,Campaign 1,Facebook,Image,Millennials,2505,23,0,121.39,0
21-01-2024,Campaign 1,Facebook,Image,Gen X,2565,42,0,116.52,0
21-01-2024,Campaign 1,Facebook,Carousel,Gen Z,924,24,1,32.49,70.12
21-01-2024,Campaign 1,Facebook,Carousel,Millennials,4780,47,2,119.12,127.62
21-01-2024,Campaign 1,Facebook,Carousel,Gen X,2170,60,3,95.6,201.06
22-01-2024,Campaign 1,Instagram,Video,Gen Z,1944,43,6,117.52,338.98
22-01-2024,Campaign 1,Instagram,Video,Millennials,3116,141,11,183,1040.53
22-01-2024,Campaign 1,Instagram,Video,Gen X,120,3,0,7.84,0
22-01-2024,Campaign 1,Instagram,Image,Gen Z,2724,41,1,110.18,81.64
22-01-2024,Campaign 1,Instagram,Image,Millennials,3500,24,0,219.37,0
22-01-2024,Campaign 1,Instagram,Image,Gen X,317,5,0,17.36,0
22-01-2024,Campaign 1,Instagram,Carousel,Gen Z,3814,74,4,260.61,220.96
22-01-2024,Campaign 1,Instagram,Carousel,Millennials,3810,111,5,161.95,364.42
22-01-2024,Campaign 1,Instagram,Carousel,Gen X,378,8,0,8.66,0
22-01-2024,Campaign 1,TikTok,Video,Gen Z,3628,132,12,201.64,822.7
22-01-2024,Campaign 1,TikTok,Video,Millennials,844,28,3,27.52,251.67
22-01-2024,Campaign 1,TikTok,Video,Gen X,136,2,0,8.89,0
22-01-2024,Campaign 1,TikTok,Image,Gen Z,6085,59,2,248.21,171.32
22-01-2024,Campaign 1,TikTok,Image,Millennials,980,13,0,24.24,0
22-01-2024,Campaign 1,TikTok,Image,Gen X,74,0,0,2.6,0
22-01-2024,Campaign 1,TikTok,Carousel,Gen Z,4374,123,8,241.06,779.54
22-01-2024,Campaign 1,TikTok,Carousel,Millennials,587,11,0,27.57,0
22-01-2024,Campaign 1,TikTok,Carousel,Gen X,317,7,0,7.84,0
22-01-2024,Campaign 1,Facebook,Video,Gen Z,1428,41,5,82.84,380.32
22-01-2024,Campaign 1,Facebook,Video,Millennials,3372,154,16,88.58,1106.06
22-01-2024,Campaign 1,Facebook,Video,Gen X,2396,56,4,56.5,258.66
22-01-2024,Campaign 1,Facebook,Image,Gen Z,516,8,0,26.84,0
22-01-2024,Campaign 1,Facebook,Image,Millennials,2359,22,0,158.49,0
22-01-2024,Campaign 1,Facebook,Image,Gen X,1228,16,0,61.88,0
22-01-2024,Campaign 1,Facebook,Carousel,Gen Z,1034,18,0,26.66,0
22-01-2024,Campaign 1,Facebook,Carousel,Millennials,3328,73,3,84.89,250.75
22-01-2024,Campaign 1,Facebook,Carousel,Gen X,1257,36,2,73.59,199.13
23-01-2024,Campaign 1,Instagram,Video,Gen Z,3764,148,15,219,903.74
23-01-2024,Campaign 1,Instagram,Video,Millennials,3604,93,5,184.32,445.33
23-01-2024,Campaign 1,Instagram,Video,Gen X,200,5,0,9.34,0
23-01-2024,Campaign 1,Instagram,Image,Gen Z,3241,47,1,213.76,66.87
23-01-2024,Campaign 1,Instagram,Image,Millennials,1861,24,0,100.93,0
23-01-2024,Campaign 1,Instagram,Image,Gen X,490,2,0,21.14,0
23-01-2024,Campaign 1,Instagram,Carousel,Gen Z,2996,48,3,116.61,292.36
23-01-2024,Campaign 1,Instagram,Carousel,Millennials,3838,44,1,228.57,72.98
23-01-2024,Campaign 1,Instagram,Carousel,Gen X,406,5,0,19.64,0
23-01-2024,Campaign 1,TikTok,Video,Gen Z,2746,59,7,185.33,627.6
23-01-2024,Campaign 1,TikTok,Video,Millennials,681,18,2,21.64,195.14
23-01-2024,Campaign 1,TikTok,Video,Gen X,329,10,1,15.31,60.96
23-01-2024,Campaign 1,TikTok,Image,Gen Z,6774,78,2,176.9,162.23
23-01-2024,Campaign 1,TikTok,Image,Millennials,326,1,0,18.32,0
23-01-2024,Campaign 1,TikTok,Image,Gen X,186,3,0,12.53,0
23-01-2024,Campaign 1,TikTok,Carousel,Gen Z,4106,111,7,151.56,431.21
23-01-2024,Campaign 1,TikTok,Carousel,Millennials,975,22,0,47.3,0
23-01-2024,Campaign 1,TikTok,Carousel,Gen X,92,2,0,5.38,0
23-01-2024,Campaign 1,Facebook,Video,Gen Z,1089,29,3,35.82,198.25
23-01-2024,Campaign 1,Facebook,Video,Millennials,3184,112,14,109.36,872.07
23-01-2024,Campaign 1,Facebook,Video,Gen X,1174,40,4,33.08,257.78
23-01-2024,Campaign 1,Facebook,Image,Gen Z,1391,27,1,63.07,75.64
23-01-2024,Campaign 1,Facebook,Image,Millennials,4211,44,1,240.69,95.92
23-01-2024,Campaign 1,Facebook,Image,Gen X,2848,33,0,145.64,0
23-01-2024,Campaign 1,Facebook,Carousel,Gen Z,930,19,0,49.03,0
23-01-2024,Campaign 1,Facebook,Carousel,Millennials,5612,154,12,134.88,1103.89
23-01-2024,Campaign 1,Facebook,Carousel,Gen X,1532,16,0,47.12,0
24-01-2024,Campaign 1,Instagram,Video,Gen Z,2386,63,5,132.56,390.83
24-01-2024,Campaign 1,Instagram,Video,Millennials,1330,47,5,47.44,338.26
24-01-2024,Campaign 1,Instagram,Video,Gen X,201,9,1,8.25,88.16
24-01-2024,Campaign 1,Instagram,Image,Gen Z,2919,35,1,93.73,79.56
24-01-2024,Campaign 1,Instagram,Image,Millennials,1695,16,0,54.59,0
24-01-2024,Campaign 1,Instagram,Image,Gen X,467,4,0,20.41,0
24-01-2024,Campaign 1,Instagram,Carousel,Gen Z,3177,84,3,172.8,265.67
24-01-2024,Campaign 1,Instagram,Carousel,Millennials,3036,80,4,133.29,209.08
24-01-2024,Campaign 1,Instagram,Carousel,Gen X,363,6,0,10.39,0
24-01-2024,Campaign 1,TikTok,Video,Gen Z,2912,109,6,114.42,516.94
24-01-2024,Campaign 1,TikTok,Video,Millennials,589,15,1,21.6,61.52
24-01-2024,Campaign 1,TikTok,Video,Gen X,395,8,0,14.58,0
24-01-2024,Campaign 1,TikTok,Image,Gen Z,4120,73,1,150.74,66.26
24-01-2024,Campaign 1,TikTok,Image,Millennials,518,4,0,14.76,0
24-01-2024,Campaign 1,TikTok,Image,Gen X,73,1,0,4.19,0
24-01-2024,Campaign 1,TikTok,Carousel,Gen Z,3854,50,2,160.58,175.38
24-01-2024,Campaign 1,TikTok,Carousel,Millennials,265,3,0,13.08,0
24-01-2024,Campaign 1,TikTok,Carousel,Gen X,54,1,0,3.55,0
24-01-2024,Campaign 1,Facebook,Video,Gen Z,1329,56,3,61.38,226.33
24-01-2024,Campaign 1,Facebook,Video,Millennials,3937,193,18,118.25,1062.18
24-01-2024,Campaign 1,Facebook,Video,Gen X,2747,92,13,149.56,1123.84
24-01-2024,Campaign 1,Facebook,Image,Gen Z,1330,13,0,33.45,0
24-01-2024,Campaign 1,Facebook,Image,Millennials,4338,43,2,268.17,170.12
24-01-2024,Campaign 1,Facebook,Image,Gen X,1549,23,0,74.05,0
24-01-2024,Campaign 1,Facebook,Carousel,Gen Z,1248,16,1,70.22,69.22
24-01-2024,Campaign 1,Facebook,Carousel,Millennials,4473,114,3,264.48,242.39
24-01-2024,Campaign 1,Facebook,Carousel,Gen X,1336,25,0,73.37,0
25-01-2024,Campaign 1,Instagram,Video,Gen Z,1996,97,5,91.41,429.61
25-01-2024,Campaign 1,Instagram,Video,Millennials,1194,28,4,66.07,390.49
25-01-2024,Campaign 1,Instagram,Video,Gen X,345,8,1,10.34,65.49
25-01-2024,Campaign 1,Instagram,Image,Gen Z,3111,30,1,141.99,53.54
25-01-2024,Campaign 1,Instagram,Image,Millennials,2638,37,1,160.22,95.3
25-01-2024,Campaign 1,Instagram,Image,Gen X,154,1,0,4.83,0
25-01-2024,Campaign 1,Instagram,Carousel,Gen Z,2689,37,1,175.85,71.53
25-01-2024,Campaign 1,Instagram,Carousel,Millennials,1443,37,1,61.33,84.27
25-01-2024,Campaign 1,Instagram,Carousel,Gen X,148,1,0,5.92,0
25-01-2024,Campaign 1,TikTok,Video,Gen Z,4382,184,11,255.78,981.9
25-01-2024,Campaign 1,TikTok,Video,Millennials,1000,23,1,35.36,71.6
25-01-2024,Campaign 1,TikTok,Video,Gen X,334,6,0,22.47,0
25-01-2024,Campaign 1,TikTok,Image,Gen Z,6368,42,1,359.22,85.23
25-01-2024,Campaign 1,TikTok,Image,Millennials,462,3,0,12.08,0
25-01-2024,Campaign 1,TikTok,Image,Gen X,98,1,0,3.51,0
25-01-2024,Campaign 1,TikTok,Carousel,Gen Z,4558,58,3,139.58,288.83
25-01-2024,Campaign 1,TikTok,Carousel,Millennials,259,4,0,12.99,0
25-01-2024,Campaign 1,TikTok,Carousel,Gen X,233,4,0,12.76,0
25-01-2024,Campaign 1,Facebook,Video,Gen Z,1153,46,5,58.33,328.23
25-01-2024,Campaign 1,Facebook,Video,Millennials,4097,112,5,125.86,279.27
25-01-2024,Campaign 1,Facebook,Video,Gen X,2004,49,7,112.92,659.05
25-01-2024,Campaign 1,Facebook,Image,Gen Z,945,15,0,37.64,0
25-01-2024,Campaign 1,Facebook,Image,Millennials,4784,25,0,164.18,0
25-01-2024,Campaign 1,Facebook,Image,Gen X,1960,16,0,99.79,0
25-01-2024,Campaign 1,Facebook,Carousel,Gen Z,630,18,0,14.58,0
25-01-2024,Campaign 1,Facebook,Carousel,Millennials,3745,104,2,223.06,186.13
25-01-2024,Campaign 1,Facebook,Carousel,Gen X,1321,24,1,30.62,79.47
26-01-2024,Campaign 1,Instagram,Video,Gen Z,3428,124,14,187.6,842.82
26-01-2024,Campaign 1,Instagram,Video,Millennials,2043,53,7,115.33,354.81
26-01-2024,Campaign 1,Instagram,Video,Gen X,337,10,0,8.84,0
26-01-2024,Campaign 1,Instagram,Image,Gen Z,2625,31,1,132.38,83.64
26-01-2024,Campaign 1,Instagram,Image,Millennials,3216,34,0,202.96,0
26-01-2024,Campaign 1,Instagram,Image,Gen X,131,2,0,4.19,0
26-01-2024,Campaign 1,Instagram,Carousel,Gen Z,4988,75,5,179.9,442.69
26-01-2024,Campaign 1,Instagram,Carousel,Millennials,2278,49,2,79.79,136.84
26-01-2024,Campaign 1,Instagram,Carousel,Gen X,396,10,0,23.24,0
26-01-2024,Campaign 1,TikTok,Video,Gen Z,4320,118,14,182.59,1009.78
26-01-2024,Campaign 1,TikTok,Video,Millennials,887,21,2,37.14,150.01
26-01-2024,Campaign 1,TikTok,Video,Gen X,305,10,0,11.12,0
26-01-2024,Campaign 1,TikTok,Image,Gen Z,4322,52,0,139.85,0
26-01-2024,Campaign 1,TikTok,Image,Millennials,763,8,0,26.43,0
26-01-2024,Campaign 1,TikTok,Image,Gen X,372,6,0,21.14,0
26-01-2024,Campaign 1,TikTok,Carousel,Gen Z,2901,75,1,188.33,72.17
26-01-2024,Campaign 1,TikTok,Carousel,Millennials,622,12,0,24.2,0
26-01-2024,Campaign 1,TikTok,Carousel,Gen X,126,3,0,7.52,0
26-01-2024,Campaign 1,Facebook,Video,Gen Z,810,24,2,53.18,187.63
26-01-2024,Campaign 1,Facebook,Video,Millennials,2618,123,7,158.53,472.11
26-01-2024,Campaign 1,Facebook,Video,Gen X,2236,102,12,136.34,1115.26
26-01-2024,Campaign 1,Facebook,Image,Gen Z,1493,16,0,54.14,0
26-01-2024,Campaign 1,Facebook,Image,Millennials,3835,29,1,127.5,55.88
26-01-2024,Campaign 1,Facebook,Image,Gen X,1712,27,1,80.52,89.47
26-01-2024,Campaign 1,Facebook,Carousel,Gen Z,1314,17,0,31.08,0
26-01-2024,Campaign 1,Facebook,Carousel,Millennials,5540,153,4,286.44,316.43
26-01-2024,Campaign 1,Facebook,Carousel,Gen X,1336,27,1,45.39,52.89
27-01-2024,Campaign 1,Instagram,Video,Gen Z,4950,138,11,281.79,864.55
27-01-2024,Campaign 1,Instagram,Video,Millennials,2205,80,7,93.32,539.32
27-01-2024,Campaign 1,Instagram,Video,Gen X,214,6,0,6.88,0
27-01-2024,Campaign 1,Instagram,Image,Gen Z,3618,65,2,170.24,111.54
27-01-2024,Campaign 1,Instagram,Image,Millennials,3776,46,2,161.59,198.04
27-01-2024,Campaign 1,Instagram,Image,Gen X,58,0,0,3.69,0
27-01-2024,Campaign 1,Instagram,Carousel,Gen Z,1908,55,3,96.6,278.6
27-01-2024,Campaign 1,Instagram,Carousel,Millennials,1125,21,1,57.83,84.43
27-01-2024,Campaign 1,Instagram,Carousel,Gen X,239,6,0,13.03,0
27-01-2024,Campaign 1,TikTok,Video,Gen Z,6130,273,36,275.19,2400.53
27-01-2024,Campaign 1,TikTok,Video,Millennials,861,28,1,53.18,94.13
27-01-2024,Campaign 1,TikTok,Video,Gen X,499,10,0,26.11,0
27-01-2024,Campaign 1,TikTok,Image,Gen Z,6787,54,0,425.97,0
27-01-2024,Campaign 1,TikTok,Image,Millennials,342,5,0,16.31,0
27-01-2024,Campaign 1,TikTok,Image,Gen X,90,0,0,3.83,0
27-01-2024,Campaign 1,TikTok,Carousel,Gen Z,2817,30,1,73.18,86.46
27-01-2024,Campaign 1,TikTok,Carousel,Millennials,269,3,0,11.8,0
27-01-2024,Campaign 1,TikTok,Carousel,Gen X,110,1,0,4.42,0
27-01-2024,Campaign 1,Facebook,Video,Gen Z,1139,39,1,67.71,88.64
27-01-2024,Campaign 1,Facebook,Video,Millennials,4407,94,10,185.96,774.02
27-01-2024,Campaign 1,Facebook,Video,Gen X,2719,115,14,126.13,798.23
27-01-2024,Campaign 1,Facebook,Image,Gen Z,742,6,0,29.98,0
27-01-2024,Campaign 1,Facebook,Image,Millennials,3471,63,2,222.74,175.87
27-01-2024,Campaign 1,Facebook,Image,Gen X,2473,28,1,152.43,77.08
27-01-2024,Campaign 1,Facebook,Carousel,Gen Z,1298,17,0,71.95,0
27-01-2024,Campaign 1,Facebook,Carousel,Millennials,3795,82,2,190.2,186.15
27-01-2024,Campaign 1,Facebook,Carousel,Gen X,2390,67,3,74.91,161.55
28-01-2024,Campaign 1,Instagram,Video,Gen Z,2780,66,6,120.44,587.55
28-01-2024,Campaign 1,Instagram,Video,Millennials,3744,105,12,130.37,1163.44
28-01-2024,Campaign 1,Instagram,Video,Gen X,160,4,0,9.66,0
28-01-2024,Campaign 1,Instagram,Image,Gen Z,1961,27,0,103.85,0
28-01-2024,Campaign 1,Instagram,Image,Millennials,2217,26,1,130.01,88.68
28-01-2024,Campaign 1,Instagram,Image,Gen X,219,2,0,5.29,0
28-01-2024,Campaign 1,Instagram,Carousel,Gen Z,2046,37,2,123.49,163
28-01-2024,Campaign 1,Instagram,Carousel,Millennials,1918,44,1,122.17,94.41
28-01-2024,Campaign 1,Instagram,Carousel,Gen X,421,10,0,22.37,0
28-01-2024,Campaign 1,TikTok,Video,Gen Z,3689,163,19,246.66,1735.32
28-01-2024,Campaign 1,TikTok,Video,Millennials,399,19,2,21.37,100.57
28-01-2024,Campaign 1,TikTok,Video,Gen X,479,13,0,19.87,0
28-01-2024,Campaign 1,TikTok,Image,Gen Z,3982,66,2,147.46,165.43
28-01-2024,Campaign 1,TikTok,Image,Millennials,651,3,0,42.01,0
28-01-2024,Campaign 1,TikTok,Image,Gen X,227,1,0,11.57,0
28-01-2024,Campaign 1,TikTok,Carousel,Gen Z,4902,133,7,241.47,696.74
28-01-2024,Campaign 1,TikTok,Carousel,Millennials,441,10,0,12.85,0
28-01-2024,Campaign 1,TikTok,Carousel,Gen X,73,1,0,4.74,0
28-01-2024,Campaign 1,Facebook,Video,Gen Z,1366,53,5,58.69,373.54
28-01-2024,Campaign 1,Facebook,Video,Millennials,4938,217,26,245.98,1369.35
28-01-2024,Campaign 1,Facebook,Video,Gen X,2989,134,11,185.74,610.53
28-01-2024,Campaign 1,Facebook,Image,Gen Z,1049,7,0,56.91,0
28-01-2024,Campaign 1,Facebook,Image,Millennials,4548,27,0,258.6,0
28-01-2024,Campaign 1,Facebook,Image,Gen X,2120,16,0,92.28,0
28-01-2024,Campaign 1,Facebook,Carousel,Gen Z,546,15,0,29.48,0
28-01-2024,Campaign 1,Facebook,Carousel,Millennials,5613,134,9,333.24,882.41
28-01-2024,Campaign 1,Facebook,Carousel,Gen X,2345,53,4,147.64,316.9
29-01-2024,Campaign 1,Instagram,Video,Gen Z,1972,55,7,97.33,557.49
29-01-2024,Campaign 1,Instagram,Video,Millennials,2941,63,3,123.76,162.68
29-01-2024,Campaign 1,Instagram,Video,Gen X,369,14,1,20,79.84
29-01-2024,Campaign 1,Instagram,Image,Gen Z,1987,35,1,63.07,86.87
29-01-2024,Campaign 1,Instagram,Image,Millennials,2663,45,2,64.3,189.74
29-01-2024,Campaign 1,Instagram,Image,Gen X,425,5,0,27.89,0
29-01-2024,Campaign 1,Instagram,Carousel,Gen Z,4754,79,1,319.62,90.85
29-01-2024,Campaign 1,Instagram,Carousel,Millennials,2567,71,2,123.03,178.94
29-01-2024,Campaign 1,Instagram,Carousel,Gen X,85,1,0,3.74,0
29-01-2024,Campaign 1,TikTok,Video,Gen Z,5814,208,30,176.44,1671.65
29-01-2024,Campaign 1,TikTok,Video,Millennials,367,10,1,13.81,64.97
29-01-2024,Campaign 1,TikTok,Video,Gen X,480,9,1,18.91,67.68
29-01-2024,Campaign 1,TikTok,Image,Gen Z,3018,17,0,180.04,0
29-01-2024,Campaign 1,TikTok,Image,Millennials,332,5,0,8.79,0
29-01-2024,Campaign 1,TikTok,Image,Gen X,237,3,0,7.06,0
29-01-2024,Campaign 1,TikTok,Carousel,Gen Z,3144,63,1,161.04,63.68
29-01-2024,Campaign 1,TikTok,Carousel,Millennials,984,27,1,66.53,69.79
29-01-2024,Campaign 1,TikTok,Carousel,Gen X,269,2,0,11.76,0
29-01-2024,Campaign 1,Facebook,Video,Gen Z,843,30,4,44.7,239.85
29-01-2024,Campaign 1,Facebook,Video,Millennials,5047,182,24,342.54,2267.42
29-01-2024,Campaign 1,Facebook,Video,Gen X,2353,48,4,104.08,331.21
29-01-2024,Campaign 1,Facebook,Image,Gen Z,1433,17,0,56.23,0
29-01-2024,Campaign 1,Facebook,Image,Millennials,5592,38,1,233.45,75.69
29-01-2024,Campaign 1,Facebook,Image,Gen X,2267,18,0,69.77,0
29-01-2024,Campaign 1,Facebook,Carousel,Gen Z,1008,20,1,41.47,98.51
29-01-2024,Campaign 1,Facebook,Carousel,Millennials,4595,80,4,134.24,314.18
29-01-2024,Campaign 1,Facebook,Carousel,Gen X,1109,14,0,50.08,0
30-01-2024,Campaign 1,Instagram,Video,Gen Z,1859,53,7,124.54,549.94
30-01-2024,Campaign 1,Instagram,Video,Millennials,2026,63,8,80.06,434.81
30-01-2024,Campaign 1,Instagram,Video,Gen X,138,5,0,5.29,0
30-01-2024,Campaign 1,Instagram,Image,Gen Z,4123,34,0,258.14,0
30-01-2024,Campaign 1,Instagram,Image,Millennials,2738,44,1,137.3,52.68
30-01-2024,Campaign 1,Instagram,Image,Gen X,299,4,0,13.08,0
30-01-2024,Campaign 1,Instagram,Carousel,Gen Z,3064,45,3,201.69,241.49
30-01-2024,Campaign 1,Instagram,Carousel,Millennials,1157,17,1,51.04,73.31
30-01-2024,Campaign 1,Instagram,Carousel,Gen X,286,6,0,16.4,0
30-01-2024,Campaign 1,TikTok,Video,Gen Z,4178,208,26,170.93,2375.82
30-01-2024,Campaign 1,TikTok,Video,Millennials,640,25,3,15.9,246.99
30-01-2024,Campaign 1,TikTok,Video,Gen X,283,10,1,13.03,75.06
30-01-2024,Campaign 1,TikTok,Image,Gen Z,6034,80,2,368.24,116.07
30-01-2024,Campaign 1,TikTok,Image,Millennials,619,10,0,23.56,0
30-01-2024,Campaign 1,TikTok,Image,Gen X,168,1,0,5.97,0
30-01-2024,Campaign 1,TikTok,Carousel,Gen Z,7268,161,5,184,392.12
30-01-2024,Campaign 1,TikTok,Carousel,Millennials,681,17,0,36.55,0
30-01-2024,Campaign 1,TikTok,Carousel,Gen X,253,7,0,9.43,0
30-01-2024,Campaign 1,Facebook,Video,Gen Z,749,26,3,25.06,201.76
30-01-2024,Campaign 1,Facebook,Video,Millennials,2408,72,5,59.42,409.27
30-01-2024,Campaign 1,Facebook,Video,Gen X,2021,77,9,75.28,831.65
30-01-2024,Campaign 1,Facebook,Image,Gen Z,1071,14,0,41.51,0
30-01-2024,Campaign 1,Facebook,Image,Millennials,3873,75,0,214.63,0
30-01-2024,Campaign 1,Facebook,Image,Gen X,1635,18,0,57.96,0
30-01-2024,Campaign 1,Facebook,Carousel,Gen Z,1359,25,0,52.22,0
30-01-2024,Campaign 1,Facebook,Carousel,Millennials,3247,96,7,140.99,419.47
30-01-2024,Campaign 1,Facebook,Carousel,Gen X,1461,17,0,72.91,0
31-01-2024,Campaign 1,Instagram,Video,Gen Z,4898,163,23,153.88,1155.78
31-01-2024,Campaign 1,Instagram,Video,Millennials,2524,118,13,88.9,765.18
31-01-2024,Campaign 1,Instagram,Video,Gen X,125,5,0,3.14,0
31-01-2024,Campaign 1,Instagram,Image,Gen Z,3777,67,1,209.48,92.81
31-01-2024,Campaign 1,Instagram,Image,Millennials,3264,60,2,121.03,169.11
31-01-2024,Campaign 1,Instagram,Image,Gen X,114,1,0,7.47,0
31-01-2024,Campaign 1,Instagram,Carousel,Gen Z,3973,105,2,223.56,153.15
31-01-2024,Campaign 1,Instagram,Carousel,Millennials,2170,51,3,62.98,260.08
31-01-2024,Campaign 1,Instagram,Carousel,Gen X,62,0,0,2.96,0
31-01-2024,Campaign 1,TikTok,Video,Gen Z,6139,162,8,302.53,442.34
31-01-2024,Campaign 1,TikTok,Video,Millennials,619,22,2,39.46,139.95
31-01-2024,Campaign 1,TikTok,Video,Gen X,222,10,0,7.61,0
31-01-2024,Campaign 1,TikTok,Image,Gen Z,5504,75,2,155.16,198.06
31-01-2024,Campaign 1,TikTok,Image,Millennials,860,5,0,48.53,0
31-01-2024,Campaign 1,TikTok,Image,Gen X,64,1,0,4.01,0
31-01-2024,Campaign 1,TikTok,Carousel,Gen Z,5539,117,4,233.13,358.71
31-01-2024,Campaign 1,TikTok,Carousel,Millennials,557,16,0,21.51,0
31-01-2024,Campaign 1,TikTok,Carousel,Gen X,331,3,0,10.85,0
31-01-2024,Campaign 1,Facebook,Video,Gen Z,692,19,2,27.11,182.36
31-01-2024,Campaign 1,Facebook,Video,Millennials,2616,58,8,154.25,463.32
31-01-2024,Campaign 1,Facebook,Video,Gen X,1904,56,3,50.72,220
31-01-2024,Campaign 1,Facebook,Image,Gen Z,794,14,0,24.7,0
31-01-2024,Campaign 1,Facebook,Image,Millennials,4375,75,1,191.2,65.16
31-01-2024,Campaign 1,Facebook,Image,Gen X,2361,12,0,62.02,0
31-01-2024,Campaign 1,Facebook,Carousel,Gen Z,1476,15,0,61.06,0
31-01-2024,Campaign 1,Facebook,Carousel,Millennials,4783,107,4,311.28,368.97
31-01-2024,Campaign 1,Facebook,Carousel,Gen X,2475,45,1,125.5,96.92
01-02-2024,Campaign 1,Instagram,Video,Gen Z,2001,81,9,66.71,756.61
01-02-2024,Campaign 1,Instagram,Video,Millennials,3263,69,5,139.48,474.82
01-02-2024,Campaign 1,Instagram,Video,Gen X,74,1,0,3.1,0
01-02-2024,Campaign 1,Instagram,Image,Gen Z,2722,24,0,97.74,0
01-02-2024,Campaign 1,Instagram,Image,Millennials,3919,68,0,164.14,0
01-02-2024,Campaign 1,Instagram,Image,Gen X,168,2,0,6.24,0
01-02-2024,Campaign 1,Instagram,Carousel,Gen Z,2603,75,2,164.41,193.43
01-02-2024,Campaign 1,Instagram,Carousel,Millennials,2209,38,1,79.11,54.57
01-02-2024,Campaign 1,Instagram,Carousel,Gen X,164,3,0,6.93,0
01-02-2024,Campaign 1,TikTok,Video,Gen Z,4633,216,25,107.27,2428.97
01-02-2024,Campaign 1,TikTok,Video,Millennials,496,11,1,22.6,71.69
01-02-2024,Campaign 1,TikTok,Video,Gen X,441,15,1,16.27,78.65
01-02-2024,Campaign 1,TikTok,Image,Gen Z,3835,70,2,232.17,171.28
01-02-2024,Campaign 1,TikTok,Image,Millennials,809,15,0,45.29,0
01-02-2024,Campaign 1,TikTok,Image,Gen X,412,7,0,11.89,0
01-02-2024,Campaign 1,TikTok,Carousel,Gen Z,3903,59,4,93.51,320.71
01-02-2024,Campaign 1,TikTok,Carousel,Millennials,549,10,0,20.14,0
01-02-2024,Campaign 1,TikTok,Carousel,Gen X,406,9,0,14.95,0
01-02-2024,Campaign 1,Facebook,Video,Gen Z,514,22,1,24.97,72.11
01-02-2024,Campaign 1,Facebook,Video,Millennials,2804,131,7,114.1,385.09
01-02-2024,Campaign 1,Facebook,Video,Gen X,1980,42,2,75.42,107.68
01-02-2024,Campaign 1,Facebook,Image,Gen Z,1241,6,0,83.39,0
01-02-2024,Campaign 1,Facebook,Image,Millennials,4783,43,0,116.79,0
01-02-2024,Campaign 1,Facebook,Image,Gen X,2533,14,0,103.08,0
01-02-2024,Campaign 1,Facebook,Carousel,Gen Z,1440,41,2,53.41,124.79
01-02-2024,Campaign 1,Facebook,Carousel,Millennials,3172,69,3,213.03,231.63
01-02-2024,Campaign 1,Facebook,Carousel,Gen X,1413,29,1,80.56,56.6
02-02-2024,Campaign 1,Instagram,Video,Gen Z,4503,164,9,190.02,824.56
02-02-2024,Campaign 1,Instagram,Video,Millennials,1008,26,2,34.86,108.76
02-02-2024,Campaign 1,Instagram,Video,Gen X,94,2,0,3.6,0
02-02-2024,Campaign 1,Instagram,Image,Gen Z,1962,18,0,103.94,0
02-02-2024,Campaign 1,Instagram,Image,Millennials,1702,19,0,69.4,0
02-02-2024,Campaign 1,Instagram,Image,Gen X,443,3,0,16.09,0
02-02-2024,Campaign 1,Instagram,Carousel,Gen Z,1642,21,0,64.43,0
02-02-2024,Campaign 1,Instagram,Carousel,Millennials,1391,18,1,68.76,66.88
02-02-2024,Campaign 1,Instagram,Carousel,Gen X,66,0,0,2.28,0
02-02-2024,Campaign 1,TikTok,Video,Gen Z,2965,70,4,155.11,375.02
02-02-2024,Campaign 1,TikTok,Video,Millennials,929,41,4,56.05,279.4
02-02-2024,Campaign 1,TikTok,Video,Gen X,477,20,1,25.47,63.53
02-02-2024,Campaign 1,TikTok,Image,Gen Z,5464,63,1,153.7,58.45
02-02-2024,Campaign 1,TikTok,Image,Millennials,841,12,0,52.36,0
02-02-2024,Campaign 1,TikTok,Image,Gen X,140,2,0,6.06,0
02-02-2024,Campaign 1,TikTok,Carousel,Gen Z,6575,139,9,210.21,870.49
02-02-2024,Campaign 1,TikTok,Carousel,Millennials,815,12,0,22.28,0
02-02-2024,Campaign 1,TikTok,Carousel,Gen X,489,12,0,30.99,0
02-02-2024,Campaign 1,Facebook,Video,Gen Z,660,26,3,38.82,240.37
02-02-2024,Campaign 1,Facebook,Video,Millennials,5969,137,8,402.32,669.54
02-02-2024,Campaign 1,Facebook,Video,Gen X,2270,54,3,143.72,291.59
02-02-2024,Campaign 1,Facebook,Image,Gen Z,1420,21,0,60.1,0
02-02-2024,Campaign 1,Facebook,Image,Millennials,5980,31,0,393.25,0
02-02-2024,Campaign 1,Facebook,Image,Gen X,1507,24,0,38.46,0
02-02-2024,Campaign 1,Facebook,Carousel,Gen Z,1278,15,0,35.73,0
02-02-2024,Campaign 1,Facebook,Carousel,Millennials,5663,110,8,214.67,586.13
02-02-2024,Campaign 1,Facebook,Carousel,Gen X,1100,24,1,67.26,74.14
03-02-2024,Campaign 1,Instagram,Video,Gen Z,3836,125,13,117.93,842.36
03-02-2024,Campaign 1,Instagram,Video,Millennials,1847,81,7,109.91,557.21
03-02-2024,Campaign 1,Instagram,Video,Gen X,219,8,0,5.7,0
03-02-2024,Campaign 1,Instagram,Image,Gen Z,2375,24,1,98.11,57.16
03-02-2024,Campaign 1,Instagram,Image,Millennials,3065,60,2,179.45,199.44
03-02-2024,Campaign 1,Instagram,Image,Gen X,269,4,0,14.45,0
03-02-2024,Campaign 1,Instagram,Carousel,Gen Z,1597,24,1,42.33,96.21
03-02-2024,Campaign 1,Instagram,Carousel,Millennials,2354,53,2,55.37,172.88
03-02-2024,Campaign 1,Instagram,Carousel,Gen X,218,5,0,8.38,0
03-02-2024,Campaign 1,TikTok,Video,Gen Z,5337,254,24,242.97,1581.91
03-02-2024,Campaign 1,TikTok,Video,Millennials,435,17,1,15.81,94.56
03-02-2024,Campaign 1,TikTok,Video,Gen X,172,7,0,5.92,0
03-02-2024,Campaign 1,TikTok,Image,Gen Z,4527,77,3,273.05,284.82
03-02-2024,Campaign 1,TikTok,Image,Millennials,412,7,0,21.92,0
03-02-2024,Campaign 1,TikTok,Image,Gen X,415,3,0,15.4,0
03-02-2024,Campaign 1,TikTok,Carousel,Gen Z,6377,169,13,262.88,706.97
03-02-2024,Campaign 1,TikTok,Carousel,Millennials,513,15,0,30.67,0
03-02-2024,Campaign 1,TikTok,Carousel,Gen X,105,1,0,6.52,0
03-02-2024,Campaign 1,Facebook,Video,Gen Z,1067,25,2,30.53,157.85
03-02-2024,Campaign 1,Facebook,Video,Millennials,5685,211,15,337.84,1069.45
03-02-2024,Campaign 1,Facebook,Video,Gen X,2929,122,13,91.64,666.7
03-02-2024,Campaign 1,Facebook,Image,Gen Z,1054,10,0,62.29,0
03-02-2024,Campaign 1,Facebook,Image,Millennials,4019,27,1,111.37,73.92
03-02-2024,Campaign 1,Facebook,Image,Gen X,1149,10,0,60.33,0
03-02-2024,Campaign 1,Facebook,Carousel,Gen Z,717,15,0,23.97,0
03-02-2024,Campaign 1,Facebook,Carousel,Millennials,4253,121,6,149.56,419.75
03-02-2024,Campaign 1,Facebook,Carousel,Gen X,1953,31,1,124.4,90.5
04-02-2024,Campaign 1,Instagram,Video,Gen Z,2233,53,7,58.46,667.71
04-02-2024,Campaign 1,Instagram,Video,Millennials,2697,69,8,129.82,543.45
04-02-2024,Campaign 1,Instagram,Video,Gen X,364,13,1,23.6,98.76
04-02-2024,Campaign 1,Instagram,Image,Gen Z,1690,26,0,90.54,0
04-02-2024,Campaign 1,Instagram,Image,Millennials,1182,11,0,56.6,0
04-02-2024,Campaign 1,Instagram,Image,Gen X,298,4,0,11.94,0
04-02-2024,Campaign 1,Instagram,Carousel,Gen Z,4293,49,1,109.77,74.97
04-02-2024,Campaign 1,Instagram,Carousel,Millennials,2505,47,1,102.8,55.76
04-02-2024,Campaign 1,Instagram,Carousel,Gen X,158,2,0,8.34,0
04-02-2024,Campaign 1,TikTok,Video,Gen Z,6717,214,20,280.06,1730.49
04-02-2024,Campaign 1,TikTok,Video,Millennials,754,18,1,37.87,79.09
04-02-2024,Campaign 1,TikTok,Video,Gen X,420,19,1,12.67,83.78
04-02-2024,Campaign 1,TikTok,Image,Gen Z,3269,52,0,83.21,0
04-02-2024,Campaign 1,TikTok,Image,Millennials,488,5,0,13.72,0
04-02-2024,Campaign 1,TikTok,Image,Gen X,195,2,0,9.48,0
04-02-2024,Campaign 1,TikTok,Carousel,Gen Z,5137,81,2,152.47,143.28
04-02-2024,Campaign 1,TikTok,Carousel,Millennials,379,8,0,14.13,0
04-02-2024,Campaign 1,TikTok,Carousel,Gen X,294,7,0,13.08,0
04-02-2024,Campaign 1,Facebook,Video,Gen Z,610,18,1,19.32,83.92
04-02-2024,Campaign 1,Facebook,Video,Millennials,3215,148,21,99.2,1808.17
04-02-2024,Campaign 1,Facebook,Video,Gen X,1867,82,7,78.51,698.47
04-02-2024,Campaign 1,Facebook,Image,Gen Z,1282,19,0,76.51,0
04-02-2024,Campaign 1,Facebook,Image,Millennials,2077,21,0,48.53,0
04-02-2024,Campaign 1,Facebook,Image,Gen X,1373,9,0,71.59,0
04-02-2024,Campaign 1,Facebook,Carousel,Gen Z,1486,18,0,64.98,0
04-02-2024,Campaign 1,Facebook,Carousel,Millennials,2604,49,1,156.71,91.32
04-02-2024,Campaign 1,Facebook,Carousel,Gen X,1360,20,1,35.22,60.91
05-02-2024,Campaign 1,Instagram,Video,Gen Z,3739,145,18,187.19,1272.73
05-02-2024,Campaign 1,Instagram,Video,Millennials,3119,143,9,130.05,456.45
05-02-2024,Campaign 1,Instagram,Video,Gen X,266,9,0,6.79,0
05-02-2024,Campaign 1,Instagram,Image,Gen Z,4336,40,1,206.06,68.69
05-02-2024,Campaign 1,Instagram,Image,Millennials,1462,7,0,82.75,0
05-02-2024,Campaign 1,Instagram,Image,Gen X,67,0,0,3.1,0
05-02-2024,Campaign 1,Instagram,Carousel,Gen Z,1951,30,0,86.63,0
05-02-2024,Campaign 1,Instagram,Carousel,Millennials,3273,37,2,158.99,187.8
05-02-2024,Campaign 1,Instagram,Carousel,Gen X,463,7,0,29.89,0
05-02-2024,Campaign 1,TikTok,Video,Gen Z,4660,119,12,243.24,627.35
05-02-2024,Campaign 1,TikTok,Video,Millennials,865,39,3,22.74,175.48
05-02-2024,Campaign 1,TikTok,Video,Gen X,282,12,1,15.17,58.3
05-02-2024,Campaign 1,TikTok,Image,Gen Z,4431,87,3,292.55,171.38
05-02-2024,Campaign 1,TikTok,Image,Millennials,832,5,0,44.43,0
05-02-2024,Campaign 1,TikTok,Image,Gen X,95,1,0,4.28,0
05-02-2024,Campaign 1,TikTok,Carousel,Gen Z,6117,82,2,406.06,159.94
05-02-2024,Campaign 1,TikTok,Carousel,Millennials,977,12,0,29.8,0
05-02-2024,Campaign 1,TikTok,Carousel,Gen X,474,12,0,22.6,0
05-02-2024,Campaign 1,Facebook,Video,Gen Z,1427,62,5,73.32,411.86
05-02-2024,Campaign 1,Facebook,Video,Millennials,4633,230,17,290.13,1556.03
05-02-2024,Campaign 1,Facebook,Video,Gen X,1725,59,6,97.43,483.68
05-02-2024,Campaign 1,Facebook,Image,Gen Z,1231,20,0,69.04,0
05-02-2024,Campaign 1,Facebook,Image,Millennials,2349,24,0,60.79,0
05-02-2024,Campaign 1,Facebook,Image,Gen X,2554,39,0,106.58,0
05-02-2024,Campaign 1,Facebook,Carousel,Gen Z,1434,32,1,36.55,81.64
05-02-2024,Campaign 1,Facebook,Carousel,Millennials,4257,76,2,127.77,194.93
05-02-2024,Campaign 1,Facebook,Carousel,Gen X,1042,19,0,43.15,0
06-02-2024,Campaign 1,Instagram,Video,Gen Z,1813,72,7,75.87,475.23
06-02-2024,Campaign 1,Instagram,Video,Millennials,1245,37,2,65.57,119.88
06-02-2024,Campaign 1,Instagram,Video,Gen X,479,17,1,27.11,51.26
06-02-2024,Campaign 1,Instagram,Image,Gen Z,1840,22,0,100.57,0
06-02-2024,Campaign 1,Instagram,Image,Millennials,3170,42,1,178.4,80.51
06-02-2024,Campaign 1,Instagram,Image,Gen X,344,3,0,22.15,0
06-02-2024,Campaign 1,Instagram,Carousel,Gen Z,1513,30,1,34.91,74.81
06-02-2024,Campaign 1,Instagram,Carousel,Millennials,2148,31,0,80.15,0
06-02-2024,Campaign 1,Instagram,Carousel,Gen X,435,5,0,11.71,0
06-02-2024,Campaign 1,TikTok,Video,Gen Z,7228,222,13,248.21,1067.36
06-02-2024,Campaign 1,TikTok,Video,Millennials,326,6,0,15.99,0
06-02-2024,Campaign 1,TikTok,Video,Gen X,418,16,2,21.19,129.57
06-02-2024,Campaign 1,TikTok,Image,Gen Z,7428,73,1,230.58,89.53
06-02-2024,Campaign 1,TikTok,Image,Millennials,962,9,0,47.71,0
06-02-2024,Campaign 1,TikTok,Image,Gen X,481,8,0,26.79,0
06-02-2024,Campaign 1,TikTok,Carousel,Gen Z,5949,128,2,233.22,160.48
06-02-2024,Campaign 1,TikTok,Carousel,Millennials,507,11,0,29.98,0
06-02-2024,Campaign 1,TikTok,Carousel,Gen X,185,3,0,10.16,0
06-02-2024,Campaign 1,Facebook,Video,Gen Z,539,21,2,35.18,199.69
06-02-2024,Campaign 1,Facebook,Video,Millennials,5748,150,9,298.2,593.88
06-02-2024,Campaign 1,Facebook,Video,Gen X,2407,112,8,79.06,455.25
06-02-2024,Campaign 1,Facebook,Image,Gen Z,1466,11,0,57.23,0
06-02-2024,Campaign 1,Facebook,Image,Millennials,2036,33,0,84.48,0
06-02-2024,Campaign 1,Facebook,Image,Gen X,1915,32,0,77.33,0
06-02-2024,Campaign 1,Facebook,Carousel,Gen Z,598,15,0,39.92,0
06-02-2024,Campaign 1,Facebook,Carousel,Millennials,4152,56,4,175.62,326.4
06-02-2024,Campaign 1,Facebook,Carousel,Gen X,2723,54,2,115.06,164.52
07-02-2024,Campaign 1,Instagram,Video,Gen Z,2107,82,7,48.67,533.19
07-02-2024,Campaign 1,Instagram,Video,Millennials,2694,117,16,106.81,1401.02
07-02-2024,Campaign 1,Instagram,Video,Gen X,323,14,0,21.42,0
07-02-2024,Campaign 1,Instagram,Image,Gen Z,4805,80,3,168.01,271.86
07-02-2024,Campaign 1,Instagram,Image,Millennials,2896,28,1,181.5,65.12
07-02-2024,Campaign 1,Instagram,Image,Gen X,53,0,0,1.55,0
07-02-2024,Campaign 1,Instagram,Carousel,Gen Z,4679,126,5,118.07,417.34
07-02-2024,Campaign 1,Instagram,Carousel,Millennials,2189,44,1,81.02,90.12
07-02-2024,Campaign 1,Instagram,Carousel,Gen X,132,1,0,3.51,0
07-02-2024,Campaign 1,TikTok,Video,Gen Z,3447,146,19,227.07,1247.27
07-02-2024,Campaign 1,TikTok,Video,Millennials,791,34,5,39.55,270.49
07-02-2024,Campaign 1,TikTok,Video,Gen X,403,15,1,14.81,92.98
07-02-2024,Campaign 1,TikTok,Image,Gen Z,3377,27,0,106.86,0
07-02-2024,Campaign 1,TikTok,Image,Millennials,910,12,0,50.63,0
07-02-2024,Campaign 1,TikTok,Image,Gen X,241,2,0,16.27,0
07-02-2024,Campaign 1,TikTok,Carousel,Gen Z,5403,65,4,288.31,339.4
07-02-2024,Campaign 1,TikTok,Carousel,Millennials,457,5,0,13.31,0
07-02-2024,Campaign 1,TikTok,Carousel,Gen X,300,8,0,19.96,0
07-02-2024,Campaign 1,Facebook,Video,Gen Z,901,24,2,46.39,186.35
07-02-2024,Campaign 1,Facebook,Video,Millennials,2491,122,13,169.74,1242.48
07-02-2024,Campaign 1,Facebook,Video,Gen X,2414,118,10,94.28,672.05
07-02-2024,Campaign 1,Facebook,Image,Gen Z,1060,7,0,25.75,0
07-02-2024,Campaign 1,Facebook,Image,Millennials,2460,17,0,84.07,0
07-02-2024,Campaign 1,Facebook,Image,Gen X,1486,26,0,65.53,0
07-02-2024,Campaign 1,Facebook,Carousel,Gen Z,1022,14,0,53.5,0
07-02-2024,Campaign 1,Facebook,Carousel,Millennials,5720,88,2,372.93,166.08
07-02-2024,Campaign 1,Facebook,Carousel,Gen X,1430,31,2,60.92,192.07
08-02-2024,Campaign 1,Instagram,Video,Gen Z,2275,71,7,101.48,651.73
08-02-2024,Campaign 1,Instagram,Video,Millennials,3976,79,11,243.47,958.26
08-02-2024,Campaign 1,Instagram,Video,Gen X,269,11,1,16.86,86.14
08-02-2024,Campaign 1,Instagram,Image,Gen Z,3995,45,0,184.32,0
08-02-2024,Campaign 1,Instagram,Image,Millennials,1853,29,1,62.02,87.47
08-02-2024,Campaign 1,Instagram,Image,Gen X,399,7,0,10.07,0
08-02-2024,Campaign 1,Instagram,Carousel,Gen Z,2039,45,1,88.49,86.95
08-02-2024,Campaign 1,Instagram,Carousel,Millennials,1085,25,1,67.3,93.3
08-02-2024,Campaign 1,Instagram,Carousel,Gen X,299,3,0,7.34,0
08-02-2024,Campaign 1,TikTok,Video,Gen Z,2572,127,15,87.72,1153.8
08-02-2024,Campaign 1,TikTok,Video,Millennials,496,15,2,17.32,153.47
08-02-2024,Campaign 1,TikTok,Video,Gen X,310,6,0,10.39,0
08-02-2024,Campaign 1,TikTok,Image,Gen Z,4099,76,0,278.65,0
08-02-2024,Campaign 1,TikTok,Image,Millennials,946,8,0,29.62,0
08-02-2024,Campaign 1,TikTok,Image,Gen X,463,5,0,29.03,0
08-02-2024,Campaign 1,TikTok,Carousel,Gen Z,7357,122,3,487.26,159.03
08-02-2024,Campaign 1,TikTok,Carousel,Millennials,310,4,0,9.39,0
08-02-2024,Campaign 1,TikTok,Carousel,Gen X,188,4,0,7.06,0
08-02-2024,Campaign 1,Facebook,Video,Gen Z,1068,27,3,50.85,161.68
08-02-2024,Campaign 1,Facebook,Video,Millennials,2089,71,8,60.83,576.03
08-02-2024,Campaign 1,Facebook,Video,Gen X,1538,31,3,88.95,290.22
08-02-2024,Campaign 1,Facebook,Image,Gen Z,585,3,0,39.46,0
08-02-2024,Campaign 1,Facebook,Image,Millennials,3077,28,0,125.27,0
08-02-2024,Campaign 1,Facebook,Image,Gen X,1163,16,0,36.77,0
08-02-2024,Campaign 1,Facebook,Carousel,Gen Z,825,21,1,43.06,57.79
08-02-2024,Campaign 1,Facebook,Carousel,Millennials,3274,59,3,107.5,177.89
08-02-2024,Campaign 1,Facebook,Carousel,Gen X,2291,35,2,151.74,135.23
09-02-2024,Campaign 1,Instagram,Video,Gen Z,1773,44,3,116.97,171.18
09-02-2024,Campaign 1,Instagram,Video,Millennials,1795,80,8,91.64,591.1
09-02-2024,Campaign 1,Instagram,Video,Gen X,126,5,0,6.52,0
09-02-2024,Campaign 1,Instagram,Image,Gen Z,2864,53,2,146.87,180.83
09-02-2024,Campaign 1,Instagram,Image,Millennials,1963,33,1,104.76,96.32
09-02-2024,Campaign 1,Instagram,Image,Gen X,54,0,0,3.24,0
09-02-2024,Campaign 1,Instagram,Carousel,Gen Z,3084,42,1,112.42,82.14
09-02-2024,Campaign 1,Instagram,Carousel,Millennials,3075,66,3,176.44,256.9
09-02-2024,Campaign 1,Instagram,Carousel,Gen X,465,9,0,14.4,0
09-02-2024,Campaign 1,TikTok,Video,Gen Z,6183,200,13,257.05,696.98
09-02-2024,Campaign 1,TikTok,Video,Millennials,742,21,1,37.5,62.04
09-02-2024,Campaign 1,TikTok,Video,Gen X,132,3,0,4.24,0
09-02-2024,Campaign 1,TikTok,Image,Gen Z,4911,91,0,220.19,0
09-02-2024,Campaign 1,TikTok,Image,Millennials,667,12,0,44.57,0
09-02-2024,Campaign 1,TikTok,Image,Gen X,407,3,0,14.49,0
09-02-2024,Campaign 1,TikTok,Carousel,Gen Z,2956,41,1,190.79,66.39
09-02-2024,Campaign 1,TikTok,Carousel,Millennials,286,7,0,6.56,0
09-02-2024,Campaign 1,TikTok,Carousel,Gen X,237,5,0,5.92,0
09-02-2024,Campaign 1,Facebook,Video,Gen Z,1403,37,5,37.55,371.85
09-02-2024,Campaign 1,Facebook,Video,Millennials,2588,78,11,111.41,818.98
09-02-2024,Campaign 1,Facebook,Video,Gen X,2248,106,11,81.89,786.97
09-02-2024,Campaign 1,Facebook,Image,Gen Z,1359,13,0,83.53,0
09-02-2024,Campaign 1,Facebook,Image,Millennials,4713,79,2,180.22,154.46
09-02-2024,Campaign 1,Facebook,Image,Gen X,1203,21,0,30.21,0
09-02-2024,Campaign 1,Facebook,Carousel,Gen Z,731,12,0,32.13,0
09-02-2024,Campaign 1,Facebook,Carousel,Millennials,4121,56,3,196.35,180.61
09-02-2024,Campaign 1,Facebook,Carousel,Gen X,1099,21,0,44.11,0
10-02-2024,Campaign 1,Instagram,Video,Gen Z,1533,63,9,64.75,663.8
10-02-2024,Campaign 1,Instagram,Video,Millennials,1581,77,7,80.56,588.24
10-02-2024,Campaign 1,Instagram,Video,Gen X,423,10,0,9.66,0
10-02-2024,Campaign 1,Instagram,Image,Gen Z,2240,23,0,90.59,0
10-02-2024,Campaign 1,Instagram,Image,Millennials,1649,26,0,92.5,0
10-02-2024,Campaign 1,Instagram,Image,Gen X,355,4,0,23.24,0
10-02-2024,Campaign 1,Instagram,Carousel,Gen Z,2498,69,1,94.24,90.79
10-02-2024,Campaign 1,Instagram,Carousel,Millennials,3926,64,2,188.84,158.39
10-02-2024,Campaign 1,Instagram,Carousel,Gen X,91,2,0,5.29,0
10-02-2024,Campaign 1,TikTok,Video,Gen Z,5833,164,21,329.55,1878.47
10-02-2024,Campaign 1,TikTok,Video,Millennials,766,29,2,24.83,104.15
10-02-2024,Campaign 1,TikTok,Video,Gen X,124,5,0,8.07,0
10-02-2024,Campaign 1,TikTok,Image,Gen Z,4863,93,3,316.93,229.14
10-02-2024,Campaign 1,TikTok,Image,Millennials,880,11,0,24.11,0
10-02-2024,Campaign 1,TikTok,Image,Gen X,417,5,0,20.92,0
10-02-2024,Campaign 1,TikTok,Carousel,Gen Z,5102,113,8,285.39,769.04
10-02-2024,Campaign 1,TikTok,Carousel,Millennials,802,19,0,30.26,0
10-02-2024,Campaign 1,TikTok,Carousel,Gen X,270,5,0,12.67,0
10-02-2024,Campaign 1,Facebook,Video,Gen Z,1166,48,6,40.24,532.33
10-02-2024,Campaign 1,Facebook,Video,Millennials,2436,80,9,104.08,574.54
10-02-2024,Campaign 1,Facebook,Video,Gen X,2866,69,3,181.95,208.18
10-02-2024,Campaign 1,Facebook,Image,Gen Z,952,9,0,23.29,0
10-02-2024,Campaign 1,Facebook,Image,Millennials,3301,58,0,82.66,0
10-02-2024,Campaign 1,Facebook,Image,Gen X,2682,32,0,179.95,0
10-02-2024,Campaign 1,Facebook,Carousel,Gen Z,1438,22,1,63.93,89.15
10-02-2024,Campaign 1,Facebook,Carousel,Millennials,3389,41,2,114.24,119.5
10-02-2024,Campaign 1,Facebook,Carousel,Gen X,1054,27,1,71.13,73.31
11-02-2024,Campaign 1,Instagram,Video,Gen Z,2919,61,3,177.44,167.7
11-02-2024,Campaign 1,Instagram,Video,Millennials,2311,84,12,79.06,660.34
11-02-2024,Campaign 1,Instagram,Video,Gen X,164,3,0,8.07,0
11-02-2024,Campaign 1,Instagram,Image,Gen Z,2834,29,1,178.86,61.57
11-02-2024,Campaign 1,Instagram,Image,Millennials,1171,19,0,78.42,0
11-02-2024,Campaign 1,Instagram,Image,Gen X,312,4,0,16.09,0
11-02-2024,Campaign 1,Instagram,Carousel,Gen Z,1976,49,1,73.64,96.23
11-02-2024,Campaign 1,Instagram,Carousel,Millennials,3970,48,1,189.47,58.23
11-02-2024,Campaign 1,Instagram,Carousel,Gen X,140,2,0,8.61,0
11-02-2024,Campaign 1,TikTok,Video,Gen Z,7232,307,43,409.8,3295.58
11-02-2024,Campaign 1,TikTok,Video,Millennials,492,18,1,26.52,96.63
11-02-2024,Campaign 1,TikTok,Video,Gen X,93,2,0,5.29,0
11-02-2024,Campaign 1,TikTok,Image,Gen Z,4022,52,0,223.47,0
11-02-2024,Campaign 1,TikTok,Image,Millennials,432,4,0,27.75,0
11-02-2024,Campaign 1,TikTok,Image,Gen X,257,2,0,7.66,0
11-02-2024,Campaign 1,TikTok,Carousel,Gen Z,5577,133,10,380.04,725.14
11-02-2024,Campaign 1,TikTok,Carousel,Millennials,880,11,0,28.43,0
11-02-2024,Campaign 1,TikTok,Carousel,Gen X,121,2,0,7.38,0
11-02-2024,Campaign 1,Facebook,Video,Gen Z,936,19,1,56.14,94.26
11-02-2024,Campaign 1,Facebook,Video,Millennials,2877,101,9,148.74,729.53
11-02-2024,Campaign 1,Facebook,Video,Gen X,1049,25,3,59.83,291.2
11-02-2024,Campaign 1,Facebook,Image,Gen Z,683,11,0,28.89,0
11-02-2024,Campaign 1,Facebook,Image,Millennials,4083,63,2,265.94,120.48
11-02-2024,Campaign 1,Facebook,Image,Gen X,2212,18,0,90.64,0
11-02-2024,Campaign 1,Facebook,Carousel,Gen Z,760,12,0,39.6,0
11-02-2024,Campaign 1,Facebook,Carousel,Millennials,5724,103,3,294.46,246.06
11-02-2024,Campaign 1,Facebook,Carousel,Gen X,1666,22,1,54.55,66.31
12-02-2024,Campaign 1,Instagram,Video,Gen Z,3600,136,13,103.9,807.65
12-02-2024,Campaign 1,Instagram,Video,Millennials,2549,68,3,92.91,221.15
12-02-2024,Campaign 1,Instagram,Video,Gen X,133,5,0,8.79,0
12-02-2024,Campaign 1,Instagram,Image,Gen Z,3378,61,0,168.97,0
12-02-2024,Campaign 1,Instagram,Image,Millennials,1586,9,0,78.42,0
12-02-2024,Campaign 1,Instagram,Image,Gen X,330,5,0,8.11,0
12-02-2024,Campaign 1,Instagram,Carousel,Gen Z,4143,67,3,256.14,220.03
12-02-2024,Campaign 1,Instagram,Carousel,Millennials,2575,53,3,110.73,290.83
12-02-2024,Campaign 1,Instagram,Carousel,Gen X,288,5,0,15.72,0
12-02-2024,Campaign 1,TikTok,Video,Gen Z,6972,239,13,333.51,921.16
12-02-2024,Campaign 1,TikTok,Video,Millennials,783,20,2,37.73,105.46
12-02-2024,Campaign 1,TikTok,Video,Gen X,383,11,0,17.5,0
12-02-2024,Campaign 1,TikTok,Image,Gen Z,2701,25,0,77.42,0
12-02-2024,Campaign 1,TikTok,Image,Millennials,659,12,0,15.31,0
12-02-2024,Campaign 1,TikTok,Image,Gen X,303,5,0,20.55,0
12-02-2024,Campaign 1,TikTok,Carousel,Gen Z,2726,51,1,105.81,85.28
12-02-2024,Campaign 1,TikTok,Carousel,Millennials,964,11,0,34.36,0
12-02-2024,Campaign 1,TikTok,Carousel,Gen X,412,4,0,9.75,0
12-02-2024,Campaign 1,Facebook,Video,Gen Z,909,34,3,21.83,267.53
12-02-2024,Campaign 1,Facebook,Video,Millennials,5920,138,15,288.22,1343.99
12-02-2024,Campaign 1,Facebook,Video,Gen X,2937,100,8,185.69,757.57
12-02-2024,Campaign 1,Facebook,Image,Gen Z,1488,18,0,37.78,0
12-02-2024,Campaign 1,Facebook,Image,Millennials,3721,43,0,247.34,0
12-02-2024,Campaign 1,Facebook,Image,Gen X,1776,17,0,107.13,0
12-02-2024,Campaign 1,Facebook,Carousel,Gen Z,618,6,0,16.4,0
12-02-2024,Campaign 1,Facebook,Carousel,Millennials,4367,74,1,114.29,55.77
12-02-2024,Campaign 1,Facebook,Carousel,Gen X,2968,47,3,195.4,200.23
13-02-2024,Campaign 1,Instagram,Video,Gen Z,4308,203,10,257.28,974.18
13-02-2024,Campaign 1,Instagram,Video,Millennials,2594,64,9,122.62,456.39
13-02-2024,Campaign 1,Instagram,Video,Gen X,178,5,0,10.03,0
13-02-2024,Campaign 1,Instagram,Image,Gen Z,4246,82,1,267.53,54.85
13-02-2024,Campaign 1,Instagram,Image,Millennials,2729,53,2,124.13,160.32
13-02-2024,Campaign 1,Instagram,Image,Gen X,147,1,0,6.79,0
13-02-2024,Campaign 1,Instagram,Carousel,Gen Z,1889,23,1,113.37,50.68
13-02-2024,Campaign 1,Instagram,Carousel,Millennials,3368,57,2,196.72,148.42
13-02-2024,Campaign 1,Instagram,Carousel,Gen X,259,5,0,15.45,0
13-02-2024,Campaign 1,TikTok,Video,Gen Z,5892,159,10,184,591.03
13-02-2024,Campaign 1,TikTok,Video,Millennials,676,22,3,32.99,279.51
13-02-2024,Campaign 1,TikTok,Video,Gen X,389,17,1,16.86,96.29
13-02-2024,Campaign 1,TikTok,Image,Gen Z,5140,54,0,224.38,0
13-02-2024,Campaign 1,TikTok,Image,Millennials,606,5,0,40.28,0
13-02-2024,Campaign 1,TikTok,Image,Gen X,415,6,0,15.58,0
13-02-2024,Campaign 1,TikTok,Carousel,Gen Z,3620,74,4,127.59,347.29
13-02-2024,Campaign 1,TikTok,Carousel,Millennials,588,7,0,17.13,0
13-02-2024,Campaign 1,TikTok,Carousel,Gen X,225,4,0,7.11,0
13-02-2024,Campaign 1,Facebook,Video,Gen Z,953,33,4,44.38,328.2
13-02-2024,Campaign 1,Facebook,Video,Millennials,3032,82,9,168.01,723.3
13-02-2024,Campaign 1,Facebook,Video,Gen X,1251,43,2,56.55,198.65
13-02-2024,Campaign 1,Facebook,Image,Gen Z,1101,8,0,26.61,0
13-02-2024,Campaign 1,Facebook,Image,Millennials,4767,39,0,315.7,0
13-02-2024,Campaign 1,Facebook,Image,Gen X,2189,26,0,75.19,0
13-02-2024,Campaign 1,Facebook,Carousel,Gen Z,1080,17,0,35.13,0
13-02-2024,Campaign 1,Facebook,Carousel,Millennials,2996,30,1,87.26,93.31
13-02-2024,Campaign 1,Facebook,Carousel,Gen X,1075,31,2,36.32,106.8
14-02-2024,Campaign 1,Instagram,Video,Gen Z,1654,50,3,70.27,163.72
14-02-2024,Campaign 1,Instagram,Video,Millennials,1406,63,5,76.05,328.21
14-02-2024,Campaign 1,Instagram,Video,Gen X,227,8,1,13.21,61.29
14-02-2024,Campaign 1,Instagram,Image,Gen Z,4233,65,2,155.11,181.16
14-02-2024,Campaign 1,Instagram,Image,Millennials,1113,19,0,71.5,0
14-02-2024,Campaign 1,Instagram,Image,Gen X,56,0,0,2.83,0
14-02-2024,Campaign 1,Instagram,Carousel,Gen Z,4748,85,3,231.35,150.31
14-02-2024,Campaign 1,Instagram,Carousel,Millennials,2979,49,2,188.56,156.93
14-02-2024,Campaign 1,Instagram,Carousel,Gen X,486,11,0,11.67,0
14-02-2024,Campaign 1,TikTok,Video,Gen Z,4538,132,8,207.65,529.12
14-02-2024,Campaign 1,TikTok,Video,Millennials,481,16,1,31.31,93.39
14-02-2024,Campaign 1,TikTok,Video,Gen X,496,14,1,18.14,94.99
14-02-2024,Campaign 1,TikTok,Image,Gen Z,3437,23,0,208.98,0
14-02-2024,Campaign 1,TikTok,Image,Millennials,787,7,0,26.98,0
14-02-2024,Campaign 1,TikTok,Image,Gen X,236,1,0,8.52,0
14-02-2024,Campaign 1,TikTok,Carousel,Gen Z,4888,91,7,160.45,386.13
14-02-2024,Campaign 1,TikTok,Carousel,Millennials,940,12,0,44.02,0
14-02-2024,Campaign 1,TikTok,Carousel,Gen X,463,13,0,13.26,0
14-02-2024,Campaign 1,Facebook,Video,Gen Z,1106,24,1,27.71,62.87
14-02-2024,Campaign 1,Facebook,Video,Millennials,4772,224,14,192.8,1274.8
14-02-2024,Campaign 1,Facebook,Video,Gen X,2818,126,15,78.65,1301.94
14-02-2024,Campaign 1,Facebook,Image,Gen Z,674,12,0,28.75,0
14-02-2024,Campaign 1,Facebook,Image,Millennials,4555,41,1,108.91,84.83
14-02-2024,Campaign 1,Facebook,Image,Gen X,2741,22,0,105.9,0
14-02-2024,Campaign 1,Facebook,Carousel,Gen Z,1093,28,1,57.14,56.42
14-02-2024,Campaign 1,Facebook,Carousel,Millennials,3359,50,3,191.61,238.25
14-02-2024,Campaign 1,Facebook,Carousel,Gen X,2375,40,2,130.05,145.93
15-02-2024,Campaign 1,Instagram,Video,Gen Z,1790,81,7,104.76,681.41
15-02-2024,Campaign 1,Instagram,Video,Millennials,2592,76,7,66.85,690.4
15-02-2024,Campaign 1,Instagram,Video,Gen X,394,19,2,23.65,174.95
15-02-2024,Campaign 1,Instagram,Image,Gen Z,3208,50,1,119.25,56.26
15-02-2024,Campaign 1,Instagram,Image,Millennials,1061,6,0,30.94,0
15-02-2024,Campaign 1,Instagram,Image,Gen X,312,3,0,8.2,0
15-02-2024,Campaign 1,Instagram,Carousel,Gen Z,3374,67,3,97.97,290.65
15-02-2024,Campaign 1,Instagram,Carousel,Millennials,3275,48,2,103.35,110.19
15-02-2024,Campaign 1,Instagram,Carousel,Gen X,235,5,0,13.08,0
15-02-2024,Campaign 1,TikTok,Video,Gen Z,7356,222,23,198.22,2020.14
15-02-2024,Campaign 1,TikTok,Video,Millennials,500,12,0,15.58,0
15-02-2024,Campaign 1,TikTok,Video,Gen X,253,8,0,11.8,0
15-02-2024,Campaign 1,TikTok,Image,Gen Z,4734,46,1,236.5,63.71
15-02-2024,Campaign 1,TikTok,Image,Millennials,743,10,0,39.78,0
15-02-2024,Campaign 1,TikTok,Image,Gen X,387,3,0,14.22,0
15-02-2024,Campaign 1,TikTok,Carousel,Gen Z,3985,116,6,124.22,331.7
15-02-2024,Campaign 1,TikTok,Carousel,Millennials,283,6,0,16.45,0
15-02-2024,Campaign 1,TikTok,Carousel,Gen X,90,2,0,5.1,0
15-02-2024,Campaign 1,Facebook,Video,Gen Z,1195,34,1,50.76,51.65
15-02-2024,Campaign 1,Facebook,Video,Millennials,4422,165,10,244.25,587.95
15-02-2024,Campaign 1,Facebook,Video,Gen X,1490,57,3,66.8,152.2
15-02-2024,Campaign 1,Facebook,Image,Gen Z,1240,20,0,79.79,0
15-02-2024,Campaign 1,Facebook,Image,Millennials,3000,26,1,146.82,67.54
15-02-2024,Campaign 1,Facebook,Image,Gen X,2376,38,0,102.62,0
15-02-2024,Campaign 1,Facebook,Carousel,Gen Z,696,6,0,44.61,0
15-02-2024,Campaign 1,Facebook,Carousel,Millennials,5555,83,6,193.8,568.74
15-02-2024,Campaign 1,Facebook,Carousel,Gen X,1946,56,1,98.75,61.15
16-02-2024,Campaign 1,Instagram,Video,Gen Z,3685,123,17,197.63,1106.35
16-02-2024,Campaign 1,Instagram,Video,Millennials,1273,37,2,37.37,110.47
16-02-2024,Campaign 1,Instagram,Video,Gen X,462,16,0,19.46,0
16-02-2024,Campaign 1,Instagram,Image,Gen Z,2066,16,0,62.79,0
16-02-2024,Campaign 1,Instagram,Image,Millennials,3138,23,0,123.81,0
16-02-2024,Campaign 1,Instagram,Image,Gen X,355,5,0,12.39,0
16-02-2024,Campaign 1,Instagram,Carousel,Gen Z,2310,43,2,67.44,142.48
16-02-2024,Campaign 1,Instagram,Carousel,Millennials,1050,14,0,46.25,0
16-02-2024,Campaign 1,Instagram,Carousel,Gen X,485,6,0,17.13,0
16-02-2024,Campaign 1,TikTok,Video,Gen Z,6198,275,26,279.38,1583.07
16-02-2024,Campaign 1,TikTok,Video,Millennials,767,22,2,50.22,194.08
16-02-2024,Campaign 1,TikTok,Video,Gen X,474,23,1,24.29,73.7
16-02-2024,Campaign 1,TikTok,Image,Gen Z,7436,67,3,383.96,258.16
16-02-2024,Campaign 1,TikTok,Image,Millennials,833,8,0,44.79,0
16-02-2024,Campaign 1,TikTok,Image,Gen X,426,3,0,14.26,0
16-02-2024,Campaign 1,TikTok,Carousel,Gen Z,4578,61,1,225.2,95.63
16-02-2024,Campaign 1,TikTok,Carousel,Millennials,534,5,0,14.04,0
16-02-2024,Campaign 1,TikTok,Carousel,Gen X,482,14,1,22.01,89.76
16-02-2024,Campaign 1,Facebook,Video,Gen Z,1198,59,4,30.67,346.87
16-02-2024,Campaign 1,Facebook,Video,Millennials,4337,99,7,260.06,482.41
16-02-2024,Campaign 1,Facebook,Video,Gen X,2934,66,5,122.85,378.64
16-02-2024,Campaign 1,Facebook,Image,Gen Z,1357,10,0,81.66,0
16-02-2024,Campaign 1,Facebook,Image,Millennials,2734,19,0,152.93,0
16-02-2024,Campaign 1,Facebook,Image,Gen X,2199,27,1,94.78,85.43
16-02-2024,Campaign 1,Facebook,Carousel,Gen Z,883,26,1,50.4,75
16-02-2024,Campaign 1,Facebook,Carousel,Millennials,2895,49,2,197.4,147.45
16-02-2024,Campaign 1,Facebook,Carousel,Gen X,2086,56,2,84.62,189.1
17-02-2024,Campaign 1,Instagram,Video,Gen Z,2881,93,10,148.37,708.69
17-02-2024,Campaign 1,Instagram,Video,Millennials,1298,50,2,67.67,127.71
17-02-2024,Campaign 1,Instagram,Video,Gen X,362,10,0,18.5,0
17-02-2024,Campaign 1,Instagram,Image,Gen Z,2963,57,2,184.14,140.68
17-02-2024,Campaign 1,Instagram,Image,Millennials,2983,21,0,70.68,0
17-02-2024,Campaign 1,Instagram,Image,Gen X,400,5,0,22.78,0
17-02-2024,Campaign 1,Instagram,Carousel,Gen Z,3662,90,3,219.14,238.26
17-02-2024,Campaign 1,Instagram,Carousel,Millennials,3309,56,2,85.85,157.82
17-02-2024,Campaign 1,Instagram,Carousel,Gen X,116,1,0,6.2,0
17-02-2024,Campaign 1,TikTok,Video,Gen Z,3385,138,7,217.77,595.73
17-02-2024,Campaign 1,TikTok,Video,Millennials,714,24,2,34.68,191.68
17-02-2024,Campaign 1,TikTok,Video,Gen X,328,15,0,16.36,0
17-02-2024,Campaign 1,TikTok,Image,Gen Z,5992,37,0,204.88,0
17-02-2024,Campaign 1,TikTok,Image,Millennials,884,17,0,45.57,0
17-02-2024,Campaign 1,TikTok,Image,Gen X,381,4,0,24.83,0
17-02-2024,Campaign 1,TikTok,Carousel,Gen Z,7304,186,6,221.19,421.9
17-02-2024,Campaign 1,TikTok,Carousel,Millennials,640,18,1,18.23,69.1
17-02-2024,Campaign 1,TikTok,Carousel,Gen X,365,9,0,18.82,0
17-02-2024,Campaign 1,Facebook,Video,Gen Z,1116,54,3,58.37,186.82
17-02-2024,Campaign 1,Facebook,Video,Millennials,5374,184,27,123.63,1907.12
17-02-2024,Campaign 1,Facebook,Video,Gen X,1773,39,3,60.47,298.2
17-02-2024,Campaign 1,Facebook,Image,Gen Z,1061,13,0,62.88,0
17-02-2024,Campaign 1,Facebook,Image,Millennials,5319,49,1,177.99,50.98
17-02-2024,Campaign 1,Facebook,Image,Gen X,1932,12,0,70.4,0
17-02-2024,Campaign 1,Facebook,Carousel,Gen Z,916,21,1,26.98,57.98
17-02-2024,Campaign 1,Facebook,Carousel,Millennials,2678,66,1,75.87,81.65
17-02-2024,Campaign 1,Facebook,Carousel,Gen X,2992,51,3,178.72,210.05
18-02-2024,Campaign 1,Instagram,Video,Gen Z,3737,120,15,167.55,1423.15
18-02-2024,Campaign 1,Instagram,Video,Millennials,2343,95,7,76.42,634.8
18-02-2024,Campaign 1,Instagram,Video,Gen X,173,6,0,5.1,0
18-02-2024,Campaign 1,Instagram,Image,Gen Z,4094,23,0,193.57,0
18-02-2024,Campaign 1,Instagram,Image,Millennials,2838,31,1,134.06,75.13
18-02-2024,Campaign 1,Instagram,Image,Gen X,238,1,0,15.54,0
18-02-2024,Campaign 1,Instagram,Carousel,Gen Z,3302,55,4,211.12,342.74
18-02-2024,Campaign 1,Instagram,Carousel,Millennials,3066,71,1,176.81,60.51
18-02-2024,Campaign 1,Instagram,Carousel,Gen X,390,5,0,11.94,0
18-02-2024,Campaign 1,TikTok,Video,Gen Z,6363,157,22,295.28,1180.19
18-02-2024,Campaign 1,TikTok,Video,Millennials,864,18,1,44.2,96.72
18-02-2024,Campaign 1,TikTok,Video,Gen X,84,2,0,2.42,0
18-02-2024,Campaign 1,TikTok,Image,Gen Z,6849,117,2,248.71,100.06
18-02-2024,Campaign 1,TikTok,Image,Millennials,720,13,0,19,0
18-02-2024,Campaign 1,TikTok,Image,Gen X,298,1,0,19.82,0
18-02-2024,Campaign 1,TikTok,Carousel,Gen Z,3275,48,2,109.77,171.37
18-02-2024,Campaign 1,TikTok,Carousel,Millennials,901,23,0,37.69,0
18-02-2024,Campaign 1,TikTok,Carousel,Gen X,205,3,0,11.21,0
18-02-2024,Campaign 1,Facebook,Video,Gen Z,890,33,1,28.07,73.73
18-02-2024,Campaign 1,Facebook,Video,Millennials,3525,170,17,143.63,1570.97
18-02-2024,Campaign 1,Facebook,Video,Gen X,2715,82,10,103.76,527.72
18-02-2024,Campaign 1,Facebook,Image,Gen Z,1255,13,0,56.73,0
18-02-2024,Campaign 1,Facebook,Image,Millennials,3389,63,2,158.71,155.74
18-02-2024,Campaign 1,Facebook,Image,Gen X,1420,12,0,52.08,0
18-02-2024,Campaign 1,Facebook,Carousel,Gen Z,1394,26,0,75.55,0
18-02-2024,Campaign 1,Facebook,Carousel,Millennials,3031,63,2,130.83,196.55
18-02-2024,Campaign 1,Facebook,Carousel,Gen X,2137,33,1,97.15,63.8
19-02-2024,Campaign 1,Instagram,Video,Gen Z,2044,45,5,68.72,372.32
19-02-2024,Campaign 1,Instagram,Video,Millennials,3099,93,9,99.57,783.9
19-02-2024,Campaign 1,Instagram,Video,Gen X,281,9,1,15.17,59.18
19-02-2024,Campaign 1,Instagram,Image,Gen Z,1883,29,0,120.62,0
19-02-2024,Campaign 1,Instagram,Image,Millennials,2745,17,0,180.59,0
19-02-2024,Campaign 1,Instagram,Image,Gen X,62,0,0,1.78,0
19-02-2024,Campaign 1,Instagram,Carousel,Gen Z,1568,36,2,54.68,167.21
19-02-2024,Campaign 1,Instagram,Carousel,Millennials,2769,38,1,111.46,91.86
19-02-2024,Campaign 1,Instagram,Carousel,Gen X,266,6,0,9.71,0
19-02-2024,Campaign 1,TikTok,Video,Gen Z,2969,92,11,140.67,592.62
19-02-2024,Campaign 1,TikTok,Video,Millennials,826,31,3,45.16,166.8
19-02-2024,Campaign 1,TikTok,Video,Gen X,79,3,0,3.1,0
19-02-2024,Campaign 1,TikTok,Image,Gen Z,7314,49,1,198.4,51.37
19-02-2024,Campaign 1,TikTok,Image,Millennials,702,13,0,33.26,0
19-02-2024,Campaign 1,TikTok,Image,Gen X,88,1,0,2.83,0
19-02-2024,Campaign 1,TikTok,Carousel,Gen Z,7115,90,6,212.3,390.35
19-02-2024,Campaign 1,TikTok,Carousel,Millennials,658,16,1,16.86,72.5
19-02-2024,Campaign 1,TikTok,Carousel,Gen X,366,10,0,10.71,0
19-02-2024,Campaign 1,Facebook,Video,Gen Z,621,17,1,18.68,94.28
19-02-2024,Campaign 1,Facebook,Video,Millennials,3382,124,8,107.54,527.53
19-02-2024,Campaign 1,Facebook,Video,Gen X,1203,42,4,33.45,277.9
19-02-2024,Campaign 1,Facebook,Image,Gen Z,1090,18,0,39.6,0
19-02-2024,Campaign 1,Facebook,Image,Millennials,3448,22,0,109.82,0
19-02-2024,Campaign 1,Facebook,Image,Gen X,1487,22,0,50.35,0
19-02-2024,Campaign 1,Facebook,Carousel,Gen Z,1168,33,1,26.66,94.7
19-02-2024,Campaign 1,Facebook,Carousel,Millennials,2965,68,1,195.62,62.93
19-02-2024,Campaign 1,Facebook,Carousel,Gen X,2896,47,3,155.93,283.31
20-02-2024,Campaign 1,Instagram,Video,Gen Z,4726,151,12,274.09,1081.9
20-02-2024,Campaign 1,Instagram,Video,Millennials,3190,113,12,74.91,1068.34
20-02-2024,Campaign 1,Instagram,Video,Gen X,53,2,0,2.1,0
20-02-2024,Campaign 1,Instagram,Image,Gen Z,2242,17,0,58.28,0
20-02-2024,Campaign 1,Instagram,Image,Millennials,1515,18,0,69.13,0
20-02-2024,Campaign 1,Instagram,Image,Gen X,174,3,0,9.11,0
20-02-2024,Campaign 1,Instagram,Carousel,Gen Z,2911,67,2,95.65,172.92
20-02-2024,Campaign 1,Instagram,Carousel,Millennials,2284,57,3,69.4,269.61
20-02-2024,Campaign 1,Instagram,Carousel,Gen X,491,5,0,31.12,0
20-02-2024,Campaign 1,TikTok,Video,Gen Z,5096,163,17,259.97,1413.97
20-02-2024,Campaign 1,TikTok,Video,Millennials,714,33,3,33.17,178.59
20-02-2024,Campaign 1,TikTok,Video,Gen X,282,12,1,19.05,54.87
20-02-2024,Campaign 1,TikTok,Image,Gen Z,2689,27,1,69.31,77.47
20-02-2024,Campaign 1,TikTok,Image,Millennials,618,12,0,31.58,0
20-02-2024,Campaign 1,TikTok,Image,Gen X,52,0,0,2.51,0
20-02-2024,Campaign 1,TikTok,Carousel,Gen Z,5821,82,4,362.82,286.42
20-02-2024,Campaign 1,TikTok,Carousel,Millennials,398,7,0,16.13,0
20-02-2024,Campaign 1,TikTok,Carousel,Gen X,268,8,0,9.71,0
20-02-2024,Campaign 1,Facebook,Video,Gen Z,970,40,3,56.69,216.4
20-02-2024,Campaign 1,Facebook,Video,Millennials,4165,162,10,202.23,751.96
20-02-2024,Campaign 1,Facebook,Video,Gen X,1173,36,3,69.95,204.27
20-02-2024,Campaign 1,Facebook,Image,Gen Z,1355,16,0,50.4,0
20-02-2024,Campaign 1,Facebook,Image,Millennials,5640,89,2,294.96,102.93
20-02-2024,Campaign 1,Facebook,Image,Gen X,2915,45,1,76.6,71.31
20-02-2024,Campaign 1,Facebook,Carousel,Gen Z,1207,16,1,49.99,73.33
20-02-2024,Campaign 1,Facebook,Carousel,Millennials,2460,36,2,99.34,126.73
20-02-2024,Campaign 1,Facebook,Carousel,Gen X,2050,30,1,62.43,59.5
21-02-2024,Campaign 1,Instagram,Video,Gen Z,1898,75,4,101.34,327.09
21-02-2024,Campaign 1,Instagram,Video,Millennials,2451,79,4,86.4,396
21-02-2024,Campaign 1,Instagram,Video,Gen X,418,11,1,12.85,50.51
21-02-2024,Campaign 1,Instagram,Image,Gen Z,4057,54,2,271.45,154.06
21-02-2024,Campaign 1,Instagram,Image,Millennials,2140,40,0,69.13,0
21-02-2024,Campaign 1,Instagram,Image,Gen X,263,2,0,11.44,0
21-02-2024,Campaign 1,Instagram,Carousel,Gen Z,3497,79,3,89.27,287.39
21-02-2024,Campaign 1,Instagram,Carousel,Millennials,1868,25,1,100.25,76.29
21-02-2024,Campaign 1,Instagram,Carousel,Gen X,92,1,0,2.32,0
21-02-2024,Campaign 1,TikTok,Video,Gen Z,2833,115,13,179.72,1126.37
21-02-2024,Campaign 1,TikTok,Video,Millennials,280,11,0,13.58,0
21-02-2024,Campaign 1,TikTok,Video,Gen X,75,3,0,5.1,0
21-02-2024,Campaign 1,TikTok,Image,Gen Z,5250,93,2,339.39,144.04
21-02-2024,Campaign 1,TikTok,Image,Millennials,567,9,0,37.73,0
21-02-2024,Campaign 1,TikTok,Image,Gen X,237,2,0,10.94,0
21-02-2024,Campaign 1,TikTok,Carousel,Gen Z,7408,104,3,232.76,168.84
21-02-2024,Campaign 1,TikTok,Carousel,Millennials,593,10,0,34.09,0
21-02-2024,Campaign 1,TikTok,Carousel,Gen X,366,10,0,13.94,0
21-02-2024,Campaign 1,Facebook,Video,Gen Z,1136,28,4,65.57,253.66
21-02-2024,Campaign 1,Facebook,Video,Millennials,4988,126,15,170.97,1118.11
21-02-2024,Campaign 1,Facebook,Video,Gen X,1762,76,8,84.53,445.9
21-02-2024,Campaign 1,Facebook,Image,Gen Z,1361,24,0,75.28,0
21-02-2024,Campaign 1,Facebook,Image,Millennials,3417,18,0,161.81,0
21-02-2024,Campaign 1,Facebook,Image,Gen X,1563,17,0,78.61,0
21-02-2024,Campaign 1,Facebook,Carousel,Gen Z,944,17,0,60.51,0
21-02-2024,Campaign 1,Facebook,Carousel,Millennials,3374,61,1,130.28,63.26
21-02-2024,Campaign 1,Facebook,Carousel,Gen X,2461,68,5,110.64,425.58
22-02-2024,Campaign 1,Instagram,Video,Gen Z,2546,92,5,166.37,441.59
22-02-2024,Campaign 1,Instagram,Video,Millennials,2003,53,5,118.34,386.77
22-02-2024,Campaign 1,Instagram,Video,Gen X,393,18,1,11.07,76.41
22-02-2024,Campaign 1,Instagram,Image,Gen Z,3823,53,1,195.58,50.5
22-02-2024,Campaign 1,Instagram,Image,Millennials,3178,21,0,143.72,0
22-02-2024,Campaign 1,Instagram,Image,Gen X,305,4,0,11.12,0
22-02-2024,Campaign 1,Instagram,Carousel,Gen Z,3100,55,2,196.54,141.13
22-02-2024,Campaign 1,Instagram,Carousel,Millennials,2343,47,3,118.25,297.51
22-02-2024,Campaign 1,Instagram,Carousel,Gen X,445,4,0,26.52,0
22-02-2024,Campaign 1,TikTok,Video,Gen Z,3744,106,8,242.79,482.66
22-02-2024,Campaign 1,TikTok,Video,Millennials,938,42,5,43.11,308.23
22-02-2024,Campaign 1,TikTok,Video,Gen X,321,13,1,9.57,61.28
22-02-2024,Campaign 1,TikTok,Image,Gen Z,2514,42,0,64.93,0
22-02-2024,Campaign 1,TikTok,Image,Millennials,719,11,0,28.16,0
22-02-2024,Campaign 1,TikTok,Image,Gen X,198,3,0,4.6,0
22-02-2024,Campaign 1,TikTok,Carousel,Gen Z,2807,76,3,71.82,257.18
22-02-2024,Campaign 1,TikTok,Carousel,Millennials,411,5,0,27.48,0
22-02-2024,Campaign 1,TikTok,Carousel,Gen X,277,8,0,14.81,0
22-02-2024,Campaign 1,Facebook,Video,Gen Z,1016,33,2,47.3,158.57
22-02-2024,Campaign 1,Facebook,Video,Millennials,2537,70,3,90.77,233.1
22-02-2024,Campaign 1,Facebook,Video,Gen X,2974,126,18,100.3,1191.17
22-02-2024,Campaign 1,Facebook,Image,Gen Z,1088,12,0,34.22,0
22-02-2024,Campaign 1,Facebook,Image,Millennials,4890,65,1,205.06,78.11
22-02-2024,Campaign 1,Facebook,Image,Gen X,2257,26,0,116.93,0
22-02-2024,Campaign 1,Facebook,Carousel,Gen Z,1386,39,1,55,78.45
22-02-2024,Campaign 1,Facebook,Carousel,Millennials,3772,87,6,236.14,450.55
22-02-2024,Campaign 1,Facebook,Carousel,Gen X,1842,33,1,46.12,59.55
23-02-2024,Campaign 1,Instagram,Video,Gen Z,4777,146,9,260.15,727.31
23-02-2024,Campaign 1,Instagram,Video,Millennials,2720,115,8,76.55,500.8
23-02-2024,Campaign 1,Instagram,Video,Gen X,288,13,1,13.81,97.22
23-02-2024,Campaign 1,Instagram,Image,Gen Z,3771,64,1,105.99,56.45
23-02-2024,Campaign 1,Instagram,Image,Millennials,3155,52,0,84.35,0
23-02-2024,Campaign 1,Instagram,Image,Gen X,452,2,0,25.29,0
23-02-2024,Campaign 1,Instagram,Carousel,Gen Z,3519,86,2,145.36,148.51
23-02-2024,Campaign 1,Instagram,Carousel,Millennials,1564,39,3,56,160.67
23-02-2024,Campaign 1,Instagram,Carousel,Gen X,183,3,0,7.61,0
23-02-2024,Campaign 1,TikTok,Video,Gen Z,5460,261,37,141.63,2694.36
23-02-2024,Campaign 1,TikTok,Video,Millennials,905,34,1,39.19,87.82
23-02-2024,Campaign 1,TikTok,Video,Gen X,435,16,1,11.71,74.88
23-02-2024,Campaign 1,TikTok,Image,Gen Z,6897,127,4,427.11,217.75
23-02-2024,Campaign 1,TikTok,Image,Millennials,546,5,0,18.41,0
23-02-2024,Campaign 1,TikTok,Image,Gen X,382,2,0,21.42,0
23-02-2024,Campaign 1,TikTok,Carousel,Gen Z,4932,129,5,291.27,326.44
23-02-2024,Campaign 1,TikTok,Carousel,Millennials,923,15,0,27.43,0
23-02-2024,Campaign 1,TikTok,Carousel,Gen X,482,11,0,11.89,0
23-02-2024,Campaign 1,Facebook,Video,Gen Z,655,29,3,22.47,233.29
23-02-2024,Campaign 1,Facebook,Video,Millennials,4727,131,18,269.76,915.88
23-02-2024,Campaign 1,Facebook,Video,Gen X,1782,72,3,70.86,202.76
23-02-2024,Campaign 1,Facebook,Image,Gen Z,969,7,0,57.55,0
23-02-2024,Campaign 1,Facebook,Image,Millennials,5348,91,2,302.39,166.19
23-02-2024,Campaign 1,Facebook,Image,Gen X,1027,14,0,37.64,0
23-02-2024,Campaign 1,Facebook,Carousel,Gen Z,983,17,0,42.97,0
23-02-2024,Campaign 1,Facebook,Carousel,Millennials,5364,82,2,177.76,133.92
23-02-2024,Campaign 1,Facebook,Carousel,Gen X,1452,21,1,87.58,92.85
24-02-2024,Campaign 1,Instagram,Video,Gen Z,4416,108,13,149.65,954.59
24-02-2024,Campaign 1,Instagram,Video,Millennials,1391,60,3,84.16,214.15
24-02-2024,Campaign 1,Instagram,Video,Gen X,218,8,1,5.15,77.48
24-02-2024,Campaign 1,Instagram,Image,Gen Z,3324,56,1,109.59,96.67
24-02-2024,Campaign 1,Instagram,Image,Millennials,1763,13,0,115.97,0
24-02-2024,Campaign 1,Instagram,Image,Gen X,477,9,0,13.35,0
24-02-2024,Campaign 1,Instagram,Carousel,Gen Z,3032,82,5,190.98,358.47
24-02-2024,Campaign 1,Instagram,Carousel,Millennials,1823,54,2,65.39,155.79
24-02-2024,Campaign 1,Instagram,Carousel,Gen X,326,7,0,21.74,0
24-02-2024,Campaign 1,TikTok,Video,Gen Z,7188,359,28,255.64,1623.65
24-02-2024,Campaign 1,TikTok,Video,Millennials,540,11,1,25.7,77.99
24-02-2024,Campaign 1,TikTok,Video,Gen X,131,3,0,4.97,0
24-02-2024,Campaign 1,TikTok,Image,Gen Z,4770,27,0,284.03,0
24-02-2024,Campaign 1,TikTok,Image,Millennials,812,9,0,20.51,0
24-02-2024,Campaign 1,TikTok,Image,Gen X,453,6,0,15.99,0
24-02-2024,Campaign 1,TikTok,Carousel,Gen Z,5761,156,8,238.96,533.18
24-02-2024,Campaign 1,TikTok,Carousel,Millennials,794,9,0,27.48,0
24-02-2024,Campaign 1,TikTok,Carousel,Gen X,317,5,0,14.86,0
24-02-2024,Campaign 1,Facebook,Video,Gen Z,1337,51,4,63.07,357.68
24-02-2024,Campaign 1,Facebook,Video,Millennials,2808,118,10,106.68,658.23
24-02-2024,Campaign 1,Facebook,Video,Gen X,2378,54,2,126.41,180.75
24-02-2024,Campaign 1,Facebook,Image,Gen Z,1076,7,0,70.22,0
24-02-2024,Campaign 1,Facebook,Image,Millennials,5204,89,3,339.62,265.53
24-02-2024,Campaign 1,Facebook,Image,Gen X,2674,22,0,84.94,0
24-02-2024,Campaign 1,Facebook,Carousel,Gen Z,1369,40,1,84.39,69.38
24-02-2024,Campaign 1,Facebook,Carousel,Millennials,5541,157,11,165.78,751.65
24-02-2024,Campaign 1,Facebook,Carousel,Gen X,2725,63,2,134.79,159.14
25-02-2024,Campaign 1,Instagram,Video,Gen Z,4660,110,6,299.29,358.09
25-02-2024,Campaign 1,Instagram,Video,Millennials,1788,52,5,73.41,463.77
25-02-2024,Campaign 1,Instagram,Video,Gen X,361,17,2,21.1,101.94
25-02-2024,Campaign 1,Instagram,Image,Gen Z,4475,56,2,304.26,162.91
25-02-2024,Campaign 1,Instagram,Image,Millennials,1867,11,0,124.04,0
25-02-2024,Campaign 1,Instagram,Image,Gen X,390,3,0,14.49,0
25-02-2024,Campaign 1,Instagram,Carousel,Gen Z,1833,28,1,102.98,66.82
25-02-2024,Campaign 1,Instagram,Carousel,Millennials,2264,61,2,71.5,119.11
25-02-2024,Campaign 1,Instagram,Carousel,Gen X,389,9,0,9.02,0
25-02-2024,Campaign 1,TikTok,Video,Gen Z,3077,104,15,200.73,905.15
25-02-2024,Campaign 1,TikTok,Video,Millennials,706,17,1,30.9,95.04
25-02-2024,Campaign 1,TikTok,Video,Gen X,186,8,1,8.34,55.58
25-02-2024,Campaign 1,TikTok,Image,Gen Z,4087,20,0,171.66,0
25-02-2024,Campaign 1,TikTok,Image,Millennials,259,4,0,14.9,0
25-02-2024,Campaign 1,TikTok,Image,Gen X,476,4,0,29.3,0
25-02-2024,Campaign 1,TikTok,Carousel,Gen Z,6030,68,1,392.12,82.42
25-02-2024,Campaign 1,TikTok,Carousel,Millennials,816,10,0,52.45,0
25-02-2024,Campaign 1,TikTok,Carousel,Gen X,73,1,0,2.23,0
25-02-2024,Campaign 1,Facebook,Video,Gen Z,753,28,1,30.99,82.46
25-02-2024,Campaign 1,Facebook,Video,Millennials,2038,84,11,107.18,831.37
25-02-2024,Campaign 1,Facebook,Video,Gen X,2436,58,8,108.27,526.9
25-02-2024,Campaign 1,Facebook,Image,Gen Z,622,6,0,22.83,0
25-02-2024,Campaign 1,Facebook,Image,Millennials,2070,31,0,100.57,0
25-02-2024,Campaign 1,Facebook,Image,Gen X,2614,18,0,175.48,0
25-02-2024,Campaign 1,Facebook,Carousel,Gen Z,860,16,0,19.87,0
25-02-2024,Campaign 1,Facebook,Carousel,Millennials,5591,127,5,202,343.77
25-02-2024,Campaign 1,Facebook,Carousel,Gen X,1280,26,1,84.8,82.11
26-02-2024,Campaign 1,Instagram,Video,Gen Z,4187,136,16,267.67,1480.34
26-02-2024,Campaign 1,Instagram,Video,Millennials,3791,129,9,190.29,477.31
26-02-2024,Campaign 1,Instagram,Video,Gen X,174,6,0,9.89,0
26-02-2024,Campaign 1,Instagram,Image,Gen Z,3510,24,0,161.36,0
26-02-2024,Campaign 1,Instagram,Image,Millennials,3956,69,3,144.77,214.42
26-02-2024,Campaign 1,Instagram,Image,Gen X,478,8,0,29.53,0
26-02-2024,Campaign 1,Instagram,Carousel,Gen Z,2876,42,1,187.19,78.99
26-02-2024,Campaign 1,Instagram,Carousel,Millennials,2716,51,3,163.45,185.45
26-02-2024,Campaign 1,Instagram,Carousel,Gen X,334,4,0,19.28,0
26-02-2024,Campaign 1,TikTok,Video,Gen Z,4683,168,8,158.17,483.29
26-02-2024,Campaign 1,TikTok,Video,Millennials,414,18,1,13.03,75.21
26-02-2024,Campaign 1,TikTok,Video,Gen X,284,5,0,7.43,0
26-02-2024,Campaign 1,TikTok,Image,Gen Z,5164,68,2,343.45,179.27
26-02-2024,Campaign 1,TikTok,Image,Millennials,560,3,0,28.48,0
26-02-2024,Campaign 1,TikTok,Image,Gen X,427,6,0,21.14,0
26-02-2024,Campaign 1,TikTok,Carousel,Gen Z,5753,156,11,392.39,634.53
26-02-2024,Campaign 1,TikTok,Carousel,Millennials,518,13,0,27.07,0
26-02-2024,Campaign 1,TikTok,Carousel,Gen X,400,4,0,23.42,0
26-02-2024,Campaign 1,Facebook,Video,Gen Z,1116,38,5,52.22,482.47
26-02-2024,Campaign 1,Facebook,Video,Millennials,5723,161,15,361.95,1091.34
26-02-2024,Campaign 1,Facebook,Video,Gen X,1128,36,3,26.48,192.56
26-02-2024,Campaign 1,Facebook,Image,Gen Z,731,12,0,36.68,0
26-02-2024,Campaign 1,Facebook,Image,Millennials,5792,50,2,269.67,101.34
26-02-2024,Campaign 1,Facebook,Image,Gen X,2803,40,0,128.18,0
26-02-2024,Campaign 1,Facebook,Carousel,Gen Z,691,19,1,33.72,50.45
26-02-2024,Campaign 1,Facebook,Carousel,Millennials,2607,65,2,116.93,164.81
26-02-2024,Campaign 1,Facebook,Carousel,Gen X,1331,29,1,47.48,51.9
27-02-2024,Campaign 1,Instagram,Video,Gen Z,4777,108,15,258.87,845.33
27-02-2024,Campaign 1,Instagram,Video,Millennials,3773,110,9,230.12,744.4
27-02-2024,Campaign 1,Instagram,Video,Gen X,421,19,0,13.44,0
27-02-2024,Campaign 1,Instagram,Image,Gen Z,2432,19,0,109.27,0
27-02-2024,Campaign 1,Instagram,Image,Millennials,2783,54,2,90.32,110.51
27-02-2024,Campaign 1,Instagram,Image,Gen X,199,1,0,12.76,0
27-02-2024,Campaign 1,Instagram,Carousel,Gen Z,4768,48,2,133.24,177.29
27-02-2024,Campaign 1,Instagram,Carousel,Millennials,2619,54,3,108.59,222.3
27-02-2024,Campaign 1,Instagram,Carousel,Gen X,313,3,0,9.57,0
27-02-2024,Campaign 1,TikTok,Video,Gen Z,3900,131,15,117.7,1114.83
27-02-2024,Campaign 1,TikTok,Video,Millennials,878,41,2,59.38,173.63
27-02-2024,Campaign 1,TikTok,Video,Gen X,398,19,1,23.1,63.24
27-02-2024,Campaign 1,TikTok,Image,Gen Z,4480,70,2,146.78,144.3
27-02-2024,Campaign 1,TikTok,Image,Millennials,426,4,0,14.35,0
27-02-2024,Campaign 1,TikTok,Image,Gen X,290,2,0,13.44,0
27-02-2024,Campaign 1,TikTok,Carousel,Gen Z,2621,41,2,68.08,186.45
27-02-2024,Campaign 1,TikTok,Carousel,Millennials,757,14,0,38.78,0
27-02-2024,Campaign 1,TikTok,Carousel,Gen X,344,5,0,15.4,0
27-02-2024,Campaign 1,Facebook,Video,Gen Z,893,39,3,24.47,294.28
27-02-2024,Campaign 1,Facebook,Video,Millennials,3654,157,11,166.73,678.49
27-02-2024,Campaign 1,Facebook,Video,Gen X,2557,61,4,114.83,295.6
27-02-2024,Campaign 1,Facebook,Image,Gen Z,661,9,0,30.17,0
27-02-2024,Campaign 1,Facebook,Image,Millennials,5633,37,1,322.81,90.49
27-02-2024,Campaign 1,Facebook,Image,Gen X,2473,32,0,142.67,0
27-02-2024,Campaign 1,Facebook,Carousel,Gen Z,1068,26,1,66.89,54.14
27-02-2024,Campaign 1,Facebook,Carousel,Millennials,2856,81,2,97.97,140.66
27-02-2024,Campaign 1,Facebook,Carousel,Gen X,1143,21,1,73.05,93.61
28-02-2024,Campaign 1,Instagram,Video,Gen Z,1647,75,9,45.29,498.34
28-02-2024,Campaign 1,Instagram,Video,Millennials,2145,43,4,144,287.74
28-02-2024,Campaign 1,Instagram,Video,Gen X,239,6,0,16.04,0
28-02-2024,Campaign 1,Instagram,Image,Gen Z,4372,83,2,101.48,144.24
28-02-2024,Campaign 1,Instagram,Image,Millennials,3109,28,1,122.94,57.14
28-02-2024,Campaign 1,Instagram,Image,Gen X,492,8,0,20.96,0
28-02-2024,Campaign 1,Instagram,Carousel,Gen Z,4987,52,2,271.68,182.55
28-02-2024,Campaign 1,Instagram,Carousel,Millennials,2390,55,3,72.18,271.86
28-02-2024,Campaign 1,Instagram,Carousel,Gen X,128,2,0,8.34,0
28-02-2024,Campaign 1,TikTok,Video,Gen Z,6689,244,13,165.78,1118.24
28-02-2024,Campaign 1,TikTok,Video,Millennials,320,13,1,19.18,70.44
28-02-2024,Campaign 1,TikTok,Video,Gen X,412,18,1,12.99,69.31
28-02-2024,Campaign 1,TikTok,Image,Gen Z,6915,71,1,461.29,82.08
28-02-2024,Campaign 1,TikTok,Image,Millennials,733,3,0,38.73,0
28-02-2024,Campaign 1,TikTok,Image,Gen X,248,4,0,12.08,0
28-02-2024,Campaign 1,TikTok,Carousel,Gen Z,7316,150,10,452.27,963.84
28-02-2024,Campaign 1,TikTok,Carousel,Millennials,466,13,0,25.97,0
28-02-2024,Campaign 1,TikTok,Carousel,Gen X,350,3,0,17.36,0
28-02-2024,Campaign 1,Facebook,Video,Gen Z,1341,46,3,69.63,169.36
28-02-2024,Campaign 1,Facebook,Video,Millennials,5037,145,12,268.53,643.19
28-02-2024,Campaign 1,Facebook,Video,Gen X,1216,54,4,71.45,206.24
28-02-2024,Campaign 1,Facebook,Image,Gen Z,522,6,0,18.18,0
28-02-2024,Campaign 1,Facebook,Image,Millennials,2395,47,0,126.04,0
28-02-2024,Campaign 1,Facebook,Image,Gen X,2579,46,0,130.19,0
28-02-2024,Campaign 1,Facebook,Carousel,Gen Z,1403,15,0,45.71,0
28-02-2024,Campaign 1,Facebook,Carousel,Millennials,2621,31,1,125.86,59.42
28-02-2024,Campaign 1,Facebook,Carousel,Gen X,2905,59,2,97.15,104.98
29-02-2024,Campaign 1,Instagram,Video,Gen Z,3017,77,11,88.36,830
29-02-2024,Campaign 1,Instagram,Video,Millennials,3010,122,12,138.89,760.66
29-02-2024,Campaign 1,Instagram,Video,Gen X,486,18,2,28.3,155.67
29-02-2024,Campaign 1,Instagram,Image,Gen Z,4978,28,0,236.91,0
29-02-2024,Campaign 1,Instagram,Image,Millennials,2905,44,0,161.08,0
29-02-2024,Campaign 1,Instagram,Image,Gen X,81,1,0,3.83,0
29-02-2024,Campaign 1,Instagram,Carousel,Gen Z,4911,85,4,241.51,237.82
29-02-2024,Campaign 1,Instagram,Carousel,Millennials,1455,34,1,52.9,71.13
29-02-2024,Campaign 1,Instagram,Carousel,Gen X,152,1,0,7.11,0
29-02-2024,Campaign 1,TikTok,Video,Gen Z,3149,127,15,143.77,1333.46
29-02-2024,Campaign 1,TikTok,Video,Millennials,536,19,2,20.14,109.47
29-02-2024,Campaign 1,TikTok,Video,Gen X,89,1,0,4.97,0
29-02-2024,Campaign 1,TikTok,Image,Gen Z,7170,99,3,404.78,271.89
29-02-2024,Campaign 1,TikTok,Image,Millennials,311,1,0,11.35,0
29-02-2024,Campaign 1,TikTok,Image,Gen X,439,5,0,17.27,0
29-02-2024,Campaign 1,TikTok,Carousel,Gen Z,7189,143,5,187.1,272.38
29-02-2024,Campaign 1,TikTok,Carousel,Millennials,405,6,0,14.86,0
29-02-2024,Campaign 1,TikTok,Carousel,Gen X,135,2,0,3.6,0
29-02-2024,Campaign 1,Facebook,Video,Gen Z,615,20,1,32.31,57.42
29-02-2024,Campaign 1,Facebook,Video,Millennials,2858,88,5,105.45,415.93
29-02-2024,Campaign 1,Facebook,Video,Gen X,2115,86,6,65.85,429.5
29-02-2024,Campaign 1,Facebook,Image,Gen Z,1297,6,0,42.01,0
29-02-2024,Campaign 1,Facebook,Image,Millennials,4768,26,1,277.1,72.54
29-02-2024,Campaign 1,Facebook,Image,Gen X,2016,29,0,110.96,0
29-02-2024,Campaign 1,Facebook,Carousel,Gen Z,831,11,0,26.34,0
29-02-2024,Campaign 1,Facebook,Carousel,Millennials,4620,70,3,288.72,299.84
29-02-2024,Campaign 1,Facebook,Carousel,Gen X,1925,57,4,71.95,399.26
01-03-2024,Campaign 1,Instagram,Video,Gen Z,2918,90,12,115.47,824.07
01-03-2024,Campaign 1,Instagram,Video,Millennials,3214,148,19,195.21,1613.27
01-03-2024,Campaign 1,Instagram,Video,Gen X,386,17,0,24.11,0
01-03-2024,Campaign 1,Instagram,Image,Gen Z,4850,75,3,141.49,231.63
01-03-2024,Campaign 1,Instagram,Image,Millennials,3342,39,0,97.2,0
01-03-2024,Campaign 1,Instagram,Image,Gen X,349,5,0,21.92,0
01-03-2024,Campaign 1,Instagram,Carousel,Gen Z,1533,42,3,94.92,254.01
01-03-2024,Campaign 1,Instagram,Carousel,Millennials,2992,42,2,136.84,186.71
01-03-2024,Campaign 1,Instagram,Carousel,Gen X,368,8,0,22.37,0
01-03-2024,Campaign 1,TikTok,Video,Gen Z,6486,238,34,270.45,2255.8
01-03-2024,Campaign 1,TikTok,Video,Millennials,998,36,2,32.95,149.38
01-03-2024,Campaign 1,TikTok,Video,Gen X,173,4,0,10.39,0
01-03-2024,Campaign 1,TikTok,Image,Gen Z,4964,83,1,196.67,75.29
01-03-2024,Campaign 1,TikTok,Image,Millennials,595,11,0,34.95,0
01-03-2024,Campaign 1,TikTok,Image,Gen X,426,5,0,14.76,0
01-03-2024,Campaign 1,TikTok,Carousel,Gen Z,5389,143,4,234.81,298.47
01-03-2024,Campaign 1,TikTok,Carousel,Millennials,292,7,0,12.03,0
01-03-2024,Campaign 1,TikTok,Carousel,Gen X,286,7,0,11.98,0
01-03-2024,Campaign 1,Facebook,Video,Gen Z,1378,29,3,47.25,274.45
01-03-2024,Campaign 1,Facebook,Video,Millennials,4241,98,10,193.35,927.79
01-03-2024,Campaign 1,Facebook,Video,Gen X,1488,57,5,46.71,376.97
01-03-2024,Campaign 1,Facebook,Image,Gen Z,926,12,0,22.28,0
01-03-2024,Campaign 1,Facebook,Image,Millennials,3315,52,1,210.57,95.99
01-03-2024,Campaign 1,Facebook,Image,Gen X,2807,25,0,76.01,0
01-03-2024,Campaign 1,Facebook,Carousel,Gen Z,1103,14,0,25.56,0
01-03-2024,Campaign 1,Facebook,Carousel,Millennials,5309,152,7,273.5,607
01-03-2024,Campaign 1,Facebook,Carousel,Gen X,2929,52,1,82.75,76.73
02-03-2024,Campaign 1,Instagram,Video,Gen Z,3544,111,8,213.9,643.34
02-03-2024,Campaign 1,Instagram,Video,Millennials,3149,81,10,175.76,947.38
02-03-2024,Campaign 1,Instagram,Video,Gen X,474,22,2,18.87,123.13
02-03-2024,Campaign 1,Instagram,Image,Gen Z,2776,25,0,85.58,0
02-03-2024,Campaign 1,Instagram,Image,Millennials,3832,71,3,235.31,265.74
02-03-2024,Campaign 1,Instagram,Image,Gen X,297,2,0,11.03,0
02-03-2024,Campaign 1,Instagram,Carousel,Gen Z,4744,127,6,116.52,491.56
02-03-2024,Campaign 1,Instagram,Carousel,Millennials,2317,57,4,99.02,372.21
02-03-2024,Campaign 1,Instagram,Carousel,Gen X,436,5,0,16.81,0
02-03-2024,Campaign 1,TikTok,Video,Gen Z,5279,246,23,337.07,2013.27
02-03-2024,Campaign 1,TikTok,Video,Millennials,848,32,2,57.32,166.74
02-03-2024,Campaign 1,TikTok,Video,Gen X,61,2,0,1.73,0
02-03-2024,Campaign 1,TikTok,Image,Gen Z,7176,84,1,306.81,63.13
02-03-2024,Campaign 1,TikTok,Image,Millennials,408,6,0,11.53,0
02-03-2024,Campaign 1,TikTok,Image,Gen X,178,2,0,11.3,0
02-03-2024,Campaign 1,TikTok,Carousel,Gen Z,3335,83,5,184.83,417.35
02-03-2024,Campaign 1,TikTok,Carousel,Millennials,824,10,0,46.02,0
02-03-2024,Campaign 1,TikTok,Carousel,Gen X,84,1,0,2.96,0
02-03-2024,Campaign 1,Facebook,Video,Gen Z,916,41,3,52.81,176.19
02-03-2024,Campaign 1,Facebook,Video,Millennials,3047,141,14,141.31,1104.51
02-03-2024,Campaign 1,Facebook,Video,Gen X,1207,43,3,42.2,289.43
02-03-2024,Campaign 1,Facebook,Image,Gen Z,789,10,0,35.32,0
02-03-2024,Campaign 1,Facebook,Image,Millennials,2179,19,0,111.28,0
02-03-2024,Campaign 1,Facebook,Image,Gen X,1718,10,0,59.24,0
02-03-2024,Campaign 1,Facebook,Carousel,Gen Z,571,7,0,35,0
02-03-2024,Campaign 1,Facebook,Carousel,Millennials,4288,66,5,244.38,411.18
02-03-2024,Campaign 1,Facebook,Carousel,Gen X,1390,33,2,53.22,100.65
03-03-2024,Campaign 1,Instagram,Video,Gen Z,2250,81,10,54.68,683.38
03-03-2024,Campaign 1,Instagram,Video,Millennials,1669,47,5,42.24,286.14
03-03-2024,Campaign 1,Instagram,Video,Gen X,84,4,0,5.7,0
03-03-2024,Campaign 1,Instagram,Image,Gen Z,3557,27,0,172.93,0
03-03-2024,Campaign 1,Instagram,Image,Millennials,1786,11,0,116.7,0
03-03-2024,Campaign 1,Instagram,Image,Gen X,437,3,0,17.63,0
03-03-2024,Campaign 1,Instagram,Carousel,Gen Z,2827,64,4,91.27,333.05
03-03-2024,Campaign 1,Instagram,Carousel,Millennials,3950,52,3,114.01,270.88
03-03-2024,Campaign 1,Instagram,Carousel,Gen X,139,2,0,4.24,0
03-03-2024,Campaign 1,TikTok,Video,Gen Z,5348,254,15,230.48,1361.52
03-03-2024,Campaign 1,TikTok,Video,Millennials,889,29,2,50.58,126.2
03-03-2024,Campaign 1,TikTok,Video,Gen X,272,10,1,6.38,54.05
03-03-2024,Campaign 1,TikTok,Image,Gen Z,3146,34,1,166.23,81.24
03-03-2024,Campaign 1,TikTok,Image,Millennials,393,6,0,20.55,0
03-03-2024,Campaign 1,TikTok,Image,Gen X,268,4,0,10.07,0
03-03-2024,Campaign 1,TikTok,Carousel,Gen Z,4287,107,6,244.11,431.2
03-03-2024,Campaign 1,TikTok,Carousel,Millennials,318,6,0,20,0
03-03-2024,Campaign 1,TikTok,Carousel,Gen X,69,1,0,4.24,0
03-03-2024,Campaign 1,Facebook,Video,Gen Z,766,28,2,25.11,142.89
03-03-2024,Campaign 1,Facebook,Video,Millennials,2769,132,9,81.61,835.12
03-03-2024,Campaign 1,Facebook,Video,Gen X,1924,51,3,47.16,168.46
03-03-2024,Campaign 1,Facebook,Image,Gen Z,1224,18,0,49.17,0
03-03-2024,Campaign 1,Facebook,Image,Millennials,4733,84,1,112.33,61.15
03-03-2024,Campaign 1,Facebook,Image,Gen X,2977,19,0,99.02,0
03-03-2024,Campaign 1,Facebook,Carousel,Gen Z,1457,32,1,37.87,81.55
03-03-2024,Campaign 1,Facebook,Carousel,Millennials,5336,94,4,298.47,290.33
03-03-2024,Campaign 1,Facebook,Carousel,Gen X,1942,55,1,82.89,69.62
04-03-2024,Campaign 1,Instagram,Video,Gen Z,3251,84,7,104.62,656.8
04-03-2024,Campaign 1,Instagram,Video,Millennials,3399,135,9,217.73,827.35
04-03-2024,Campaign 1,Instagram,Video,Gen X,240,11,1,10.25,53.36
04-03-2024,Campaign 1,Instagram,Image,Gen Z,1948,29,1,64.66,93.32
04-03-2024,Campaign 1,Instagram,Image,Millennials,1195,22,0,62.38,0
04-03-2024,Campaign 1,Instagram,Image,Gen X,79,0,0,3.33,0
04-03-2024,Campaign 1,Instagram,Carousel,Gen Z,2946,68,4,122.08,257.98
04-03-2024,Campaign 1,Instagram,Carousel,Millennials,1372,13,0,51.04,0
04-03-2024,Campaign 1,Instagram,Carousel,Gen X,150,2,0,5.47,0
04-03-2024,Campaign 1,TikTok,Video,Gen Z,5603,117,16,355.43,1228.42
04-03-2024,Campaign 1,TikTok,Video,Millennials,816,16,1,26.93,69.43
04-03-2024,Campaign 1,TikTok,Video,Gen X,132,5,0,6.11,0
04-03-2024,Campaign 1,TikTok,Image,Gen Z,6186,107,1,252.04,65.83
04-03-2024,Campaign 1,TikTok,Image,Millennials,689,9,0,24.33,0
04-03-2024,Campaign 1,TikTok,Image,Gen X,136,1,0,7.47,0
04-03-2024,Campaign 1,TikTok,Carousel,Gen Z,5515,100,4,207.2,356.34
04-03-2024,Campaign 1,TikTok,Carousel,Millennials,741,19,0,50.4,0
04-03-2024,Campaign 1,TikTok,Carousel,Gen X,254,6,0,15.13,0
04-03-2024,Campaign 1,Facebook,Video,Gen Z,569,20,1,13.03,62.24
04-03-2024,Campaign 1,Facebook,Video,Millennials,4254,142,13,221.69,720.25
04-03-2024,Campaign 1,Facebook,Video,Gen X,1931,79,5,50.99,485.1
04-03-2024,Campaign 1,Facebook,Image,Gen Z,517,7,0,26.57,0
04-03-2024,Campaign 1,Facebook,Image,Millennials,2233,38,1,111.6,66.86
04-03-2024,Campaign 1,Facebook,Image,Gen X,1450,16,0,56.23,0
04-03-2024,Campaign 1,Facebook,Carousel,Gen Z,1371,26,1,71.27,95.06
04-03-2024,Campaign 1,Facebook,Carousel,Millennials,3752,48,3,251.13,298.78
04-03-2024,Campaign 1,Facebook,Carousel,Gen X,1484,42,1,98.06,53.16
05-03-2024,Campaign 1,Instagram,Video,Gen Z,3731,81,11,175.07,918.14
05-03-2024,Campaign 1,Instagram,Video,Millennials,1941,97,7,111.73,555.26
05-03-2024,Campaign 1,Instagram,Video,Gen X,317,7,0,15.86,0
05-03-2024,Campaign 1,Instagram,Image,Gen Z,3530,54,1,230.94,61.7
05-03-2024,Campaign 1,Instagram,Image,Millennials,3414,49,0,218.73,0
05-03-2024,Campaign 1,Instagram,Image,Gen X,240,2,0,5.65,0
05-03-2024,Campaign 1,Instagram,Carousel,Gen Z,2230,31,1,120.76,60.99
05-03-2024,Campaign 1,Instagram,Carousel,Millennials,2257,44,1,137.71,64.88
05-03-2024,Campaign 1,Instagram,Carousel,Gen X,181,4,0,6.02,0
05-03-2024,Campaign 1,TikTok,Video,Gen Z,6552,319,35,226.79,2261.68
05-03-2024,Campaign 1,TikTok,Video,Millennials,498,11,1,26.93,54.79
05-03-2024,Campaign 1,TikTok,Video,Gen X,126,2,0,3.24,0
05-03-2024,Campaign 1,TikTok,Image,Gen Z,6127,92,1,327.45,92.15
05-03-2024,Campaign 1,TikTok,Image,Millennials,619,5,0,35.91,0
05-03-2024,Campaign 1,TikTok,Image,Gen X,321,2,0,10.34,0
05-03-2024,Campaign 1,TikTok,Carousel,Gen Z,4755,123,5,158.21,351.52
05-03-2024,Campaign 1,TikTok,Carousel,Millennials,684,6,0,41.19,0
05-03-2024,Campaign 1,TikTok,Carousel,Gen X,487,11,0,13.53,0
05-03-2024,Campaign 1,Facebook,Video,Gen Z,746,32,2,44.61,153.35
05-03-2024,Campaign 1,Facebook,Video,Millennials,4691,231,17,115.65,1449.3
05-03-2024,Campaign 1,Facebook,Video,Gen X,2277,96,12,80.02,882.97
05-03-2024,Campaign 1,Facebook,Image,Gen Z,1305,9,0,40.19,0
05-03-2024,Campaign 1,Facebook,Image,Millennials,3541,52,2,138.48,118.32
05-03-2024,Campaign 1,Facebook,Image,Gen X,1066,13,0,54.96,0
05-03-2024,Campaign 1,Facebook,Carousel,Gen Z,1330,23,1,39.6,50.49
05-03-2024,Campaign 1,Facebook,Carousel,Millennials,2899,48,2,141.44,143.56
05-03-2024,Campaign 1,Facebook,Carousel,Gen X,1912,46,1,72.41,64.12
06-03-2024,Campaign 1,Instagram,Video,Gen Z,3896,149,16,154.39,1188.85
06-03-2024,Campaign 1,Instagram,Video,Millennials,1875,57,7,105.86,662.54
06-03-2024,Campaign 1,Instagram,Video,Gen X,451,17,2,25.29,105.2
06-03-2024,Campaign 1,Instagram,Image,Gen Z,2045,17,0,68.08,0
06-03-2024,Campaign 1,Instagram,Image,Millennials,3252,42,1,86.4,59.55
06-03-2024,Campaign 1,Instagram,Image,Gen X,176,1,0,10.48,0
06-03-2024,Campaign 1,Instagram,Carousel,Gen Z,3327,96,7,221.69,499.77
06-03-2024,Campaign 1,Instagram,Carousel,Millennials,1113,27,1,50.72,65.26
06-03-2024,Campaign 1,Instagram,Carousel,Gen X,263,2,0,9.98,0
06-03-2024,Campaign 1,TikTok,Video,Gen Z,5352,145,9,251.17,580.49
06-03-2024,Campaign 1,TikTok,Video,Millennials,948,38,5,22.83,334.53
06-03-2024,Campaign 1,TikTok,Video,Gen X,256,6,0,15.95,0
06-03-2024,Campaign 1,TikTok,Image,Gen Z,6792,91,2,301.84,179.06
06-03-2024,Campaign 1,TikTok,Image,Millennials,420,2,0,28.02,0
06-03-2024,Campaign 1,TikTok,Image,Gen X,118,2,0,4.88,0
06-03-2024,Campaign 1,TikTok,Carousel,Gen Z,5730,166,3,209.84,288.16
06-03-2024,Campaign 1,TikTok,Carousel,Millennials,665,11,0,35.54,0
06-03-2024,Campaign 1,TikTok,Carousel,Gen X,367,10,0,11.39,0
06-03-2024,Campaign 1,Facebook,Video,Gen Z,1477,35,4,72.13,296.02
06-03-2024,Campaign 1,Facebook,Video,Millennials,5820,189,18,232.4,1226.87
06-03-2024,Campaign 1,Facebook,Video,Gen X,2371,104,6,160.63,485.8
06-03-2024,Campaign 1,Facebook,Image,Gen Z,1281,21,0,46.62,0
06-03-2024,Campaign 1,Facebook,Image,Millennials,4882,96,1,141.08,52.82
06-03-2024,Campaign 1,Facebook,Image,Gen X,1855,9,0,48.07,0
06-03-2024,Campaign 1,Facebook,Carousel,Gen Z,911,27,1,29.25,66.74
06-03-2024,Campaign 1,Facebook,Carousel,Millennials,3469,60,4,141.49,267
06-03-2024,Campaign 1,Facebook,Carousel,Gen X,1990,29,1,114.06,79.12
07-03-2024,Campaign 1,Instagram,Video,Gen Z,3243,121,6,102.16,422.22
07-03-2024,Campaign 1,Instagram,Video,Millennials,2032,47,4,117.7,287.05
07-03-2024,Campaign 1,Instagram,Video,Gen X,306,6,0,9.16,0
07-03-2024,Campaign 1,Instagram,Image,Gen Z,4398,81,3,173.75,165.92
07-03-2024,Campaign 1,Instagram,Image,Millennials,2385,23,0,134.06,0
07-03-2024,Campaign 1,Instagram,Image,Gen X,322,2,0,12.49,0
07-03-2024,Campaign 1,Instagram,Carousel,Gen Z,2128,62,4,89.54,200.9
07-03-2024,Campaign 1,Instagram,Carousel,Millennials,3122,64,2,86.94,144.28
07-03-2024,Campaign 1,Instagram,Carousel,Gen X,204,4,0,10.48,0
07-03-2024,Campaign 1,TikTok,Video,Gen Z,6588,265,13,273.73,866.42
07-03-2024,Campaign 1,TikTok,Video,Millennials,699,18,1,45.02,89.89
07-03-2024,Campaign 1,TikTok,Video,Gen X,495,21,2,15.9,124.72
07-03-2024,Campaign 1,TikTok,Image,Gen Z,7431,105,4,198.31,236.69
07-03-2024,Campaign 1,TikTok,Image,Millennials,575,3,0,13.49,0
07-03-2024,Campaign 1,TikTok,Image,Gen X,228,3,0,8.75,0
07-03-2024,Campaign 1,TikTok,Carousel,Gen Z,4519,57,4,236.64,232.71
07-03-2024,Campaign 1,TikTok,Carousel,Millennials,853,15,0,20.46,0
07-03-2024,Campaign 1,TikTok,Carousel,Gen X,182,1,0,10.85,0
07-03-2024,Campaign 1,Facebook,Video,Gen Z,1330,44,2,34.81,151.04
07-03-2024,Campaign 1,Facebook,Video,Millennials,3764,124,15,101.75,1140.66
07-03-2024,Campaign 1,Facebook,Video,Gen X,1893,85,9,98.7,462.75
07-03-2024,Campaign 1,Facebook,Image,Gen Z,1416,7,0,65.39,0
07-03-2024,Campaign 1,Facebook,Image,Millennials,3538,19,0,109.41,0
07-03-2024,Campaign 1,Facebook,Image,Gen X,1207,20,0,81.75,0
07-03-2024,Campaign 1,Facebook,Carousel,Gen Z,1424,31,1,51.81,93.35
07-03-2024,Campaign 1,Facebook,Carousel,Millennials,4285,57,1,118.2,59.23
07-03-2024,Campaign 1,Facebook,Carousel,Gen X,1651,23,1,42.52,91.27
08-03-2024,Campaign 1,Instagram,Video,Gen Z,2179,89,9,139.35,499.95
08-03-2024,Campaign 1,Instagram,Video,Millennials,3686,142,18,156.53,1607.23
08-03-2024,Campaign 1,Instagram,Video,Gen X,305,8,0,11.62,0
08-03-2024,Campaign 1,Instagram,Image,Gen Z,2632,45,1,81.52,73.39
08-03-2024,Campaign 1,Instagram,Image,Millennials,1208,19,0,29.35,0
08-03-2024,Campaign 1,Instagram,Image,Gen X,359,4,0,21.83,0
08-03-2024,Campaign 1,Instagram,Carousel,Gen Z,2913,77,3,184.78,220.57
08-03-2024,Campaign 1,Instagram,Carousel,Millennials,1285,16,1,37.05,61.67
08-03-2024,Campaign 1,Instagram,Carousel,Gen X,116,2,0,6.06,0
08-03-2024,Campaign 1,TikTok,Video,Gen Z,6887,161,10,294.05,698.44
08-03-2024,Campaign 1,TikTok,Video,Millennials,609,22,2,22.01,127.73
08-03-2024,Campaign 1,TikTok,Video,Gen X,163,4,0,6.11,0
08-03-2024,Campaign 1,TikTok,Image,Gen Z,5487,97,1,247.89,98.78
08-03-2024,Campaign 1,TikTok,Image,Millennials,857,8,0,56.87,0
08-03-2024,Campaign 1,TikTok,Image,Gen X,189,3,0,11.07,0
08-03-2024,Campaign 1,TikTok,Carousel,Gen Z,7447,141,10,494.37,749.52
08-03-2024,Campaign 1,TikTok,Carousel,Millennials,846,22,1,32.99,91.62
08-03-2024,Campaign 1,TikTok,Carousel,Gen X,372,3,0,17.13,0
08-03-2024,Campaign 1,Facebook,Video,Gen Z,1204,36,5,69.81,440.32
08-03-2024,Campaign 1,Facebook,Video,Millennials,3324,71,9,162.18,792.32
08-03-2024,Campaign 1,Facebook,Video,Gen X,2089,65,6,107.59,572.36
08-03-2024,Campaign 1,Facebook,Image,Gen Z,1238,8,0,34.81,0
08-03-2024,Campaign 1,Facebook,Image,Millennials,3615,65,0,199.77,0
08-03-2024,Campaign 1,Facebook,Image,Gen X,2740,49,2,93.23,145.01
08-03-2024,Campaign 1,Facebook,Carousel,Gen Z,819,20,1,21.33,87.37
08-03-2024,Campaign 1,Facebook,Carousel,Millennials,3302,76,3,102.26,253.37
08-03-2024,Campaign 1,Facebook,Carousel,Gen X,1470,43,1,49.72,63.92
09-03-2024,Campaign 1,Instagram,Video,Gen Z,4999,195,23,323.03,2198.65
09-03-2024,Campaign 1,Instagram,Video,Millennials,2799,109,9,185.83,598.49
09-03-2024,Campaign 1,Instagram,Video,Gen X,157,6,0,7.38,0
09-03-2024,Campaign 1,Instagram,Image,Gen Z,2646,23,0,122.99,0
09-03-2024,Campaign 1,Instagram,Image,Millennials,1706,10,0,43.2,0
09-03-2024,Campaign 1,Instagram,Image,Gen X,401,7,0,10.71,0
09-03-2024,Campaign 1,Instagram,Carousel,Gen Z,2518,33,1,113.6,55.52
09-03-2024,Campaign 1,Instagram,Carousel,Millennials,1011,28,1,58.33,54.57
09-03-2024,Campaign 1,Instagram,Carousel,Gen X,292,3,0,7.79,0
09-03-2024,Campaign 1,TikTok,Video,Gen Z,4247,204,27,152.43,1799.67
09-03-2024,Campaign 1,TikTok,Video,Millennials,421,15,1,15.68,71.22
09-03-2024,Campaign 1,TikTok,Video,Gen X,473,18,2,25.11,169.09
09-03-2024,Campaign 1,TikTok,Image,Gen Z,3398,17,0,219.23,0
09-03-2024,Campaign 1,TikTok,Image,Millennials,420,7,0,25.97,0
09-03-2024,Campaign 1,TikTok,Image,Gen X,167,1,0,10.85,0
09-03-2024,Campaign 1,TikTok,Carousel,Gen Z,7017,129,3,296.24,230.61
09-03-2024,Campaign 1,TikTok,Carousel,Millennials,765,14,0,41.15,0
09-03-2024,Campaign 1,TikTok,Carousel,Gen X,377,3,0,22.1,0
09-03-2024,Campaign 1,Facebook,Video,Gen Z,715,18,1,47.44,86.71
09-03-2024,Campaign 1,Facebook,Video,Millennials,5504,206,24,327.14,1990.99
09-03-2024,Campaign 1,Facebook,Video,Gen X,2539,76,10,150.69,922.85
09-03-2024,Campaign 1,Facebook,Image,Gen Z,1122,7,0,30.21,0
09-03-2024,Campaign 1,Facebook,Image,Millennials,5722,42,2,277.19,135.66
09-03-2024,Campaign 1,Facebook,Image,Gen X,1865,30,1,57.01,94.87
09-03-2024,Campaign 1,Facebook,Carousel,Gen Z,590,13,0,21.33,0
09-03-2024,Campaign 1,Facebook,Carousel,Millennials,4689,131,6,165.46,417.95
09-03-2024,Campaign 1,Facebook,Carousel,Gen X,1762,23,0,62.7,0
10-03-2024,Campaign 1,Instagram,Video,Gen Z,2366,95,6,91.05,318.46
10-03-2024,Campaign 1,Instagram,Video,Millennials,3344,143,19,109.96,1390.37
10-03-2024,Campaign 1,Instagram,Video,Gen X,81,1,0,4.78,0
10-03-2024,Campaign 1,Instagram,Image,Gen Z,3677,65,0,151.29,0
10-03-2024,Campaign 1,Instagram,Image,Millennials,1989,10,0,51.31,0
10-03-2024,Campaign 1,Instagram,Image,Gen X,82,1,0,4.56,0
10-03-2024,Campaign 1,Instagram,Carousel,Gen Z,3168,87,4,163.23,215.9
10-03-2024,Campaign 1,Instagram,Carousel,Millennials,3395,77,5,142.04,477.75
10-03-2024,Campaign 1,Instagram,Carousel,Gen X,370,7,0,15.08,0
10-03-2024,Campaign 1,TikTok,Video,Gen Z,5585,197,22,153.25,2028.97
10-03-2024,Campaign 1,TikTok,Video,Millennials,359,12,1,8.52,80.22
10-03-2024,Campaign 1,TikTok,Video,Gen X,94,4,0,5.1,0
10-03-2024,Campaign 1,TikTok,Image,Gen Z,4174,76,2,281.2,181
10-03-2024,Campaign 1,TikTok,Image,Millennials,825,14,0,41.6,0
10-03-2024,Campaign 1,TikTok,Image,Gen X,431,4,0,20.55,0
10-03-2024,Campaign 1,TikTok,Carousel,Gen Z,6644,107,8,329.6,563.1
10-03-2024,Campaign 1,TikTok,Carousel,Millennials,324,4,0,10.75,0
10-03-2024,Campaign 1,TikTok,Carousel,Gen X,130,2,0,8.29,0
10-03-2024,Campaign 1,Facebook,Video,Gen Z,1400,64,5,58.19,258.9
10-03-2024,Campaign 1,Facebook,Video,Millennials,3145,115,12,172.98,706.49
10-03-2024,Campaign 1,Facebook,Video,Gen X,1267,26,1,41.65,75.62
10-03-2024,Campaign 1,Facebook,Image,Gen Z,1167,9,0,43.88,0
10-03-2024,Campaign 1,Facebook,Image,Millennials,3613,26,0,231.21,0
10-03-2024,Campaign 1,Facebook,Image,Gen X,1789,13,0,68.22,0
10-03-2024,Campaign 1,Facebook,Carousel,Gen Z,1141,26,1,57.51,76.19
10-03-2024,Campaign 1,Facebook,Carousel,Millennials,4900,113,4,114.33,303.79
10-03-2024,Campaign 1,Facebook,Carousel,Gen X,2768,48,1,178.31,70.78
11-03-2024,Campaign 1,Instagram,Video,Gen Z,1988,95,12,74.55,742.35
11-03-2024,Campaign 1,Instagram,Video,Millennials,3666,155,21,227.8,1757.76
11-03-2024,Campaign 1,Instagram,Video,Gen X,487,20,2,17.5,166.41
11-03-2024,Campaign 1,Instagram,Image,Gen Z,1558,25,1,40.05,51.58
11-03-2024,Campaign 1,Instagram,Image,Millennials,3642,67,2,196.26,170.08
11-03-2024,Campaign 1,Instagram,Image,Gen X,487,5,0,27.16,0
11-03-2024,Campaign 1,Instagram,Carousel,Gen Z,3367,57,2,103.71,174.33
11-03-2024,Campaign 1,Instagram,Carousel,Millennials,1895,38,2,67.49,148.07
11-03-2024,Campaign 1,Instagram,Carousel,Gen X,114,1,0,5.65,0
11-03-2024,Campaign 1,TikTok,Video,Gen Z,3791,107,7,213.17,360.77
11-03-2024,Campaign 1,TikTok,Video,Millennials,502,12,0,14.26,0
11-03-2024,Campaign 1,TikTok,Video,Gen X,306,12,0,17.82,0
11-03-2024,Campaign 1,TikTok,Image,Gen Z,6911,111,2,389.47,111.36
11-03-2024,Campaign 1,TikTok,Image,Millennials,328,4,0,9.93,0
11-03-2024,Campaign 1,TikTok,Image,Gen X,178,0,0,8.43,0
11-03-2024,Campaign 1,TikTok,Carousel,Gen Z,5815,115,2,274.32,170.48
11-03-2024,Campaign 1,TikTok,Carousel,Millennials,833,24,0,48.3,0
11-03-2024,Campaign 1,TikTok,Carousel,Gen X,486,12,0,14.67,0
11-03-2024,Campaign 1,Facebook,Video,Gen Z,907,30,2,50.95,108.78
11-03-2024,Campaign 1,Facebook,Video,Millennials,2431,73,10,111.78,813.78
11-03-2024,Campaign 1,Facebook,Video,Gen X,1639,54,4,47.57,301.35
11-03-2024,Campaign 1,Facebook,Image,Gen Z,1268,9,0,57.37,0
11-03-2024,Campaign 1,Facebook,Image,Millennials,4355,86,3,266.21,212.23
11-03-2024,Campaign 1,Facebook,Image,Gen X,2090,26,0,111.1,0
11-03-2024,Campaign 1,Facebook,Carousel,Gen Z,791,21,0,41.6,0
11-03-2024,Campaign 1,Facebook,Carousel,Millennials,3530,88,3,154.34,185.52
11-03-2024,Campaign 1,Facebook,Carousel,Gen X,2291,68,1,59.74,93.93
12-03-2024,Campaign 1,Instagram,Video,Gen Z,2688,87,7,126.68,644.68
12-03-2024,Campaign 1,Instagram,Video,Millennials,1666,50,4,92.64,302.31
12-03-2024,Campaign 1,Instagram,Video,Gen X,241,9,0,8.7,0
12-03-2024,Campaign 1,Instagram,Image,Gen Z,1622,9,0,100.07,0
12-03-2024,Campaign 1,Instagram,Image,Millennials,3316,20,0,103.58,0
12-03-2024,Campaign 1,Instagram,Image,Gen X,176,2,0,11.39,0
12-03-2024,Campaign 1,Instagram,Carousel,Gen Z,4151,53,3,177.94,299.18
12-03-2024,Campaign 1,Instagram,Carousel,Millennials,3825,84,2,166.32,123.88
12-03-2024,Campaign 1,Instagram,Carousel,Gen X,446,12,0,10.44,0
12-03-2024,Campaign 1,TikTok,Video,Gen Z,2919,107,12,113.1,1150.26
12-03-2024,Campaign 1,TikTok,Video,Millennials,928,24,1,59.92,78.01
12-03-2024,Campaign 1,TikTok,Video,Gen X,407,9,0,16.22,0
12-03-2024,Campaign 1,TikTok,Image,Gen Z,3580,68,3,230.71,231.96
12-03-2024,Campaign 1,TikTok,Image,Millennials,527,8,0,28.75,0
12-03-2024,Campaign 1,TikTok,Image,Gen X,461,3,0,14.17,0
12-03-2024,Campaign 1,TikTok,Carousel,Gen Z,2941,37,1,144.54,53.75
12-03-2024,Campaign 1,TikTok,Carousel,Millennials,917,15,0,35.04,0
12-03-2024,Campaign 1,TikTok,Carousel,Gen X,266,5,0,13.81,0
12-03-2024,Campaign 1,Facebook,Video,Gen Z,776,18,1,24.61,51.39
12-03-2024,Campaign 1,Facebook,Video,Millennials,4626,122,7,207.2,529.93
12-03-2024,Campaign 1,Facebook,Video,Gen X,1239,47,5,34.45,465.53
12-03-2024,Campaign 1,Facebook,Image,Gen Z,1425,20,0,42.7,0
12-03-2024,Campaign 1,Facebook,Image,Millennials,5627,78,3,219.73,166.24
12-03-2024,Campaign 1,Facebook,Image,Gen X,2606,21,0,138.66,0
12-03-2024,Campaign 1,Facebook,Carousel,Gen Z,1138,29,0,61.52,0
12-03-2024,Campaign 1,Facebook,Carousel,Millennials,3141,60,2,195.17,192.93
12-03-2024,Campaign 1,Facebook,Carousel,Gen X,2555,39,1,154.29,99.35
13-03-2024,Campaign 1,Instagram,Video,Gen Z,4824,179,13,291.04,653.46
13-03-2024,Campaign 1,Instagram,Video,Millennials,1594,48,3,83.16,277.72
13-03-2024,Campaign 1,Instagram,Video,Gen X,394,11,1,12.44,81.92
13-03-2024,Campaign 1,Instagram,Image,Gen Z,2321,12,0,122.85,0
13-03-2024,Campaign 1,Instagram,Image,Millennials,3939,30,0,188.38,0
13-03-2024,Campaign 1,Instagram,Image,Gen X,441,4,0,18.68,0
13-03-2024,Campaign 1,Instagram,Carousel,Gen Z,3853,88,5,153.2,315.6
13-03-2024,Campaign 1,Instagram,Carousel,Millennials,1108,28,1,56.14,68.68
13-03-2024,Campaign 1,Instagram,Carousel,Gen X,344,9,0,15.86,0
13-03-2024,Campaign 1,TikTok,Video,Gen Z,4498,117,9,200.18,583.23
13-03-2024,Campaign 1,TikTok,Video,Millennials,671,32,4,26.7,312.56
13-03-2024,Campaign 1,TikTok,Video,Gen X,289,13,1,16.13,71.8
13-03-2024,Campaign 1,TikTok,Image,Gen Z,4326,43,0,212.53,0
13-03-2024,Campaign 1,TikTok,Image,Millennials,330,3,0,8.79,0
13-03-2024,Campaign 1,TikTok,Image,Gen X,184,1,0,9.34,0
13-03-2024,Campaign 1,TikTok,Carousel,Gen Z,6920,106,7,310.59,456.95
13-03-2024,Campaign 1,TikTok,Carousel,Millennials,782,21,1,46.62,68.4
13-03-2024,Campaign 1,TikTok,Carousel,Gen X,105,1,0,5.79,0
13-03-2024,Campaign 1,Facebook,Video,Gen Z,1400,28,2,56.87,157.71
13-03-2024,Campaign 1,Facebook,Video,Millennials,2330,98,6,68.53,394.89
13-03-2024,Campaign 1,Facebook,Video,Gen X,1394,45,4,73.91,297.97
13-03-2024,Campaign 1,Facebook,Image,Gen Z,1246,16,0,57.74,0
13-03-2024,Campaign 1,Facebook,Image,Millennials,3883,25,1,264.93,64.63
13-03-2024,Campaign 1,Facebook,Image,Gen X,2402,42,0,78.83,0
13-03-2024,Campaign 1,Facebook,Carousel,Gen Z,903,26,1,51.08,86.85
13-03-2024,Campaign 1,Facebook,Carousel,Millennials,5763,111,3,263.93,154.57
13-03-2024,Campaign 1,Facebook,Carousel,Gen X,1388,37,1,64.16,55.34
14-03-2024,Campaign 1,Instagram,Video,Gen Z,3221,100,12,188.47,1057.97
14-03-2024,Campaign 1,Instagram,Video,Millennials,3687,176,21,209.34,1884.41
14-03-2024,Campaign 1,Instagram,Video,Gen X,163,6,0,4.74,0
14-03-2024,Campaign 1,Instagram,Image,Gen Z,3038,51,0,121.67,0
14-03-2024,Campaign 1,Instagram,Image,Millennials,3698,45,1,170.74,93.61
14-03-2024,Campaign 1,Instagram,Image,Gen X,399,7,0,18.55,0
14-03-2024,Campaign 1,Instagram,Carousel,Gen Z,1790,46,1,99.2,56.77
14-03-2024,Campaign 1,Instagram,Carousel,Millennials,2355,30,2,77.56,171.74
14-03-2024,Campaign 1,Instagram,Carousel,Gen X,173,4,0,5.83,0
14-03-2024,Campaign 1,TikTok,Video,Gen Z,3419,126,11,178.22,852.84
14-03-2024,Campaign 1,TikTok,Video,Millennials,913,42,4,48.17,379.01
14-03-2024,Campaign 1,TikTok,Video,Gen X,132,6,0,6.61,0
14-03-2024,Campaign 1,TikTok,Image,Gen Z,7457,95,1,433.81,77.61
14-03-2024,Campaign 1,TikTok,Image,Millennials,838,10,0,32.85,0
14-03-2024,Campaign 1,TikTok,Image,Gen X,150,1,0,6.93,0
14-03-2024,Campaign 1,TikTok,Carousel,Gen Z,7045,129,6,180.72,550.24
14-03-2024,Campaign 1,TikTok,Carousel,Millennials,749,15,0,21.64,0
14-03-2024,Campaign 1,TikTok,Carousel,Gen X,136,2,0,4.42,0
14-03-2024,Campaign 1,Facebook,Video,Gen Z,1073,34,4,55.64,353.83
14-03-2024,Campaign 1,Facebook,Video,Millennials,5603,148,14,198.4,1074.43
14-03-2024,Campaign 1,Facebook,Video,Gen X,1675,47,3,58.83,278.31
14-03-2024,Campaign 1,Facebook,Image,Gen Z,769,12,0,38.6,0
14-03-2024,Campaign 1,Facebook,Image,Millennials,2455,41,1,56.6,71.47
14-03-2024,Campaign 1,Facebook,Image,Gen X,1719,12,0,91.82,0
14-03-2024,Campaign 1,Facebook,Carousel,Gen Z,559,13,0,37.05,0
14-03-2024,Campaign 1,Facebook,Carousel,Millennials,5095,98,5,311.82,370.25
14-03-2024,Campaign 1,Facebook,Carousel,Gen X,2090,24,1,139.03,83.93
15-03-2024,Campaign 1,Instagram,Video,Gen Z,3532,114,15,100.75,1406.41
15-03-2024,Campaign 1,Instagram,Video,Millennials,1358,65,3,61.97,253.04
15-03-2024,Campaign 1,Instagram,Video,Gen X,443,13,0,21.28,0
15-03-2024,Campaign 1,Instagram,Image,Gen Z,2971,32,0,112.28,0
15-03-2024,Campaign 1,Instagram,Image,Millennials,2107,35,1,99.16,69.63
15-03-2024,Campaign 1,Instagram,Image,Gen X,408,3,0,26.52,0
15-03-2024,Campaign 1,Instagram,Carousel,Gen Z,3163,55,3,140.67,168.39
15-03-2024,Campaign 1,Instagram,Carousel,Millennials,2623,29,1,78.2,81.26
15-03-2024,Campaign 1,Instagram,Carousel,Gen X,481,9,0,18.32,0
15-03-2024,Campaign 1,TikTok,Video,Gen Z,3541,125,7,118.93,506.79
15-03-2024,Campaign 1,TikTok,Video,Millennials,816,22,2,49.53,140.18
15-03-2024,Campaign 1,TikTok,Video,Gen X,189,5,0,10.94,0
15-03-2024,Campaign 1,TikTok,Image,Gen Z,4141,42,2,143.9,125.48
15-03-2024,Campaign 1,TikTok,Image,Millennials,769,8,0,23.79,0
15-03-2024,Campaign 1,TikTok,Image,Gen X,411,3,0,12.12,0
15-03-2024,Campaign 1,TikTok,Carousel,Gen Z,3472,81,5,114.7,269.15
15-03-2024,Campaign 1,TikTok,Carousel,Millennials,533,8,0,25.29,0
15-03-2024,Campaign 1,TikTok,Carousel,Gen X,468,13,0,28.25,0
15-03-2024,Campaign 1,Facebook,Video,Gen Z,1035,46,5,52.4,455.07
15-03-2024,Campaign 1,Facebook,Video,Millennials,5860,227,29,392.3,2127.57
15-03-2024,Campaign 1,Facebook,Video,Gen X,3000,110,15,191.71,1406.79
15-03-2024,Campaign 1,Facebook,Image,Gen Z,1382,18,0,33.13,0
15-03-2024,Campaign 1,Facebook,Image,Millennials,2074,36,1,117.93,56.95
15-03-2024,Campaign 1,Facebook,Image,Gen X,1140,14,0,46.62,0
15-03-2024,Campaign 1,Facebook,Carousel,Gen Z,1158,19,1,45.8,77.76
15-03-2024,Campaign 1,Facebook,Carousel,Millennials,2346,46,3,154.75,203.38
15-03-2024,Campaign 1,Facebook,Carousel,Gen X,1409,19,1,71.68,71.44
16-03-2024,Campaign 1,Instagram,Video,Gen Z,2121,47,6,129.87,353.48
16-03-2024,Campaign 1,Instagram,Video,Millennials,3770,166,19,217.45,1369.14
16-03-2024,Campaign 1,Instagram,Video,Gen X,192,4,0,10.71,0
16-03-2024,Campaign 1,Instagram,Image,Gen Z,2046,19,0,109.46,0
16-03-2024,Campaign 1,Instagram,Image,Millennials,1300,15,0,44.52,0
16-03-2024,Campaign 1,Instagram,Image,Gen X,114,1,0,4.69,0
16-03-2024,Campaign 1,Instagram,Carousel,Gen Z,1807,49,1,47.62,89.41
16-03-2024,Campaign 1,Instagram,Carousel,Millennials,2501,54,1,140.76,59.43
16-03-2024,Campaign 1,Instagram,Carousel,Gen X,411,8,0,10.3,0
16-03-2024,Campaign 1,TikTok,Video,Gen Z,6812,244,31,400.86,2451.12
16-03-2024,Campaign 1,TikTok,Video,Millennials,333,15,0,19.41,0
16-03-2024,Campaign 1,TikTok,Video,Gen X,71,2,0,1.82,0
16-03-2024,Campaign 1,TikTok,Image,Gen Z,4605,43,1,183.82,76.74
16-03-2024,Campaign 1,TikTok,Image,Millennials,755,13,0,40.05,0
16-03-2024,Campaign 1,TikTok,Image,Gen X,156,3,0,5.24,0
16-03-2024,Campaign 1,TikTok,Carousel,Gen Z,7214,113,7,341.76,395.16
16-03-2024,Campaign 1,TikTok,Carousel,Millennials,581,6,0,21.01,0
16-03-2024,Campaign 1,TikTok,Carousel,Gen X,90,1,0,2.46,0
16-03-2024,Campaign 1,Facebook,Video,Gen Z,1445,37,3,43.29,250.65
16-03-2024,Campaign 1,Facebook,Video,Millennials,3976,86,6,253.04,492.42
16-03-2024,Campaign 1,Facebook,Video,Gen X,1384,38,3,64.16,288.65
16-03-2024,Campaign 1,Facebook,Image,Gen Z,1495,21,0,101.12,0
16-03-2024,Campaign 1,Facebook,Image,Millennials,2157,20,0,91.64,0
16-03-2024,Campaign 1,Facebook,Image,Gen X,2384,44,1,126.18,99.97
16-03-2024,Campaign 1,Facebook,Carousel,Gen Z,683,10,0,22.69,0
16-03-2024,Campaign 1,Facebook,Carousel,Millennials,2407,46,1,133.2,53.48
16-03-2024,Campaign 1,Facebook,Carousel,Gen X,2214,43,0,148.37,0
17-03-2024,Campaign 1,Instagram,Video,Gen Z,4662,114,14,294.78,898.11
17-03-2024,Campaign 1,Instagram,Video,Millennials,2031,52,7,69.99,483.07
17-03-2024,Campaign 1,Instagram,Video,Gen X,60,1,0,1.59,0
17-03-2024,Campaign 1,Instagram,Image,Gen Z,3821,61,1,228.66,97.73
17-03-2024,Campaign 1,Instagram,Image,Millennials,2698,34,0,118.66,0
17-03-2024,Campaign 1,Instagram,Image,Gen X,272,2,0,13.58,0
17-03-2024,Campaign 1,Instagram,Carousel,Gen Z,4703,129,4,129.87,222.45
17-03-2024,Campaign 1,Instagram,Carousel,Millennials,1237,27,1,78.88,81.19
17-03-2024,Campaign 1,Instagram,Carousel,Gen X,282,2,0,12.9,0
17-03-2024,Campaign 1,TikTok,Video,Gen Z,5453,116,9,168.79,741.18
17-03-2024,Campaign 1,TikTok,Video,Millennials,988,37,2,25.84,146.47
17-03-2024,Campaign 1,TikTok,Video,Gen X,389,13,1,18.73,96.45
17-03-2024,Campaign 1,TikTok,Image,Gen Z,3606,69,1,86.35,51.97
17-03-2024,Campaign 1,TikTok,Image,Millennials,684,4,0,20,0
17-03-2024,Campaign 1,TikTok,Image,Gen X,410,5,0,18.09,0
17-03-2024,Campaign 1,TikTok,Carousel,Gen Z,5804,83,2,262.02,196.61
17-03-2024,Campaign 1,TikTok,Carousel,Millennials,729,17,0,31.9,0
17-03-2024,Campaign 1,TikTok,Carousel,Gen X,127,1,0,7.11,0
17-03-2024,Campaign 1,Facebook,Video,Gen Z,1101,34,4,46.07,288.17
17-03-2024,Campaign 1,Facebook,Video,Millennials,2164,86,9,56.32,481.15
17-03-2024,Campaign 1,Facebook,Video,Gen X,1593,48,4,70.36,266.83
17-03-2024,Campaign 1,Facebook,Image,Gen Z,1107,12,0,47.98,0
17-03-2024,Campaign 1,Facebook,Image,Millennials,2265,15,0,127.32,0
17-03-2024,Campaign 1,Facebook,Image,Gen X,2568,22,0,90.73,0
17-03-2024,Campaign 1,Facebook,Carousel,Gen Z,1228,26,1,32.03,84.54
17-03-2024,Campaign 1,Facebook,Carousel,Millennials,3354,77,4,78.06,287.84
17-03-2024,Campaign 1,Facebook,Carousel,Gen X,1689,33,2,69.45,110.24
18-03-2024,Campaign 1,Instagram,Video,Gen Z,4444,116,13,172.61,1113.46
18-03-2024,Campaign 1,Instagram,Video,Millennials,1471,62,3,48.35,191.14
18-03-2024,Campaign 1,Instagram,Video,Gen X,116,3,0,3.46,0
18-03-2024,Campaign 1,Instagram,Image,Gen Z,2297,17,0,89.54,0
18-03-2024,Campaign 1,Instagram,Image,Millennials,3084,36,0,172.43,0
18-03-2024,Campaign 1,Instagram,Image,Gen X,413,4,0,15.86,0
18-03-2024,Campaign 1,Instagram,Carousel,Gen Z,4898,138,7,287.45,429.75
18-03-2024,Campaign 1,Instagram,Carousel,Millennials,3035,70,4,181.68,298.7
18-03-2024,Campaign 1,Instagram,Carousel,Gen X,366,4,0,16.13,0
18-03-2024,Campaign 1,TikTok,Video,Gen Z,4223,97,14,261.74,1181.53
18-03-2024,Campaign 1,TikTok,Video,Millennials,460,11,1,19.37,63.94
18-03-2024,Campaign 1,TikTok,Video,Gen X,107,3,0,4.33,0
18-03-2024,Campaign 1,TikTok,Image,Gen Z,4379,79,0,176.67,0
18-03-2024,Campaign 1,TikTok,Image,Millennials,812,12,0,52.31,0
18-03-2024,Campaign 1,TikTok,Image,Gen X,276,5,0,11.8,0
18-03-2024,Campaign 1,TikTok,Carousel,Gen Z,2639,36,2,71.36,150.79
18-03-2024,Campaign 1,TikTok,Carousel,Millennials,858,20,1,40.28,79.49
18-03-2024,Campaign 1,TikTok,Carousel,Gen X,76,1,0,5.06,0
18-03-2024,Campaign 1,Facebook,Video,Gen Z,1499,53,5,98.7,298.89
18-03-2024,Campaign 1,Facebook,Video,Millennials,5580,267,20,228.94,1870.4
18-03-2024,Campaign 1,Facebook,Video,Gen X,1961,41,3,111.23,157.13
18-03-2024,Campaign 1,Facebook,Image,Gen Z,1057,14,0,51.9,0
18-03-2024,Campaign 1,Facebook,Image,Millennials,2297,24,0,94.01,0
18-03-2024,Campaign 1,Facebook,Image,Gen X,2879,36,1,128.09,66.29
18-03-2024,Campaign 1,Facebook,Carousel,Gen Z,1210,12,0,72.77,0
18-03-2024,Campaign 1,Facebook,Carousel,Millennials,4028,63,2,162.09,183.56
18-03-2024,Campaign 1,Facebook,Carousel,Gen X,2144,26,1,80.02,88.36
19-03-2024,Campaign 1,Instagram,Video,Gen Z,4264,155,11,241.6,842.59
19-03-2024,Campaign 1,Instagram,Video,Millennials,1435,37,2,65.8,167.19
19-03-2024,Campaign 1,Instagram,Video,Gen X,120,3,0,5.19,0
19-03-2024,Campaign 1,Instagram,Image,Gen Z,3834,27,0,200.5,0
19-03-2024,Campaign 1,Instagram,Image,Millennials,2372,28,0,77.28,0
19-03-2024,Campaign 1,Instagram,Image,Gen X,227,3,0,6.56,0
19-03-2024,Campaign 1,Instagram,Carousel,Gen Z,4563,112,3,304.85,273.15
19-03-2024,Campaign 1,Instagram,Carousel,Millennials,1924,41,1,83.94,63.41
19-03-2024,Campaign 1,Instagram,Carousel,Gen X,337,6,0,19.14,0
19-03-2024,Campaign 1,TikTok,Video,Gen Z,4377,89,7,226.93,353.27
19-03-2024,Campaign 1,TikTok,Video,Millennials,923,31,3,56,248.91
19-03-2024,Campaign 1,TikTok,Video,Gen X,465,20,1,11.35,96.64
19-03-2024,Campaign 1,TikTok,Image,Gen Z,5180,34,1,299.43,61.08
19-03-2024,Campaign 1,TikTok,Image,Millennials,863,7,0,22.42,0
19-03-2024,Campaign 1,TikTok,Image,Gen X,150,0,0,7.93,0
19-03-2024,Campaign 1,TikTok,Carousel,Gen Z,5737,81,4,329.64,397.21
19-03-2024,Campaign 1,TikTok,Carousel,Millennials,427,8,0,14.99,0
19-03-2024,Campaign 1,TikTok,Carousel,Gen X,365,9,0,17.27,0
19-03-2024,Campaign 1,Facebook,Video,Gen Z,1390,44,2,89.04,104.13
19-03-2024,Campaign 1,Facebook,Video,Millennials,3481,167,17,201.18,925.83
19-03-2024,Campaign 1,Facebook,Video,Gen X,1525,32,1,40.24,88.15
19-03-2024,Campaign 1,Facebook,Image,Gen Z,1251,6,0,57.83,0
19-03-2024,Campaign 1,Facebook,Image,Millennials,4048,76,1,117.29,61.85
19-03-2024,Campaign 1,Facebook,Image,Gen X,2636,21,0,141.22,0
19-03-2024,Campaign 1,Facebook,Carousel,Gen Z,1112,17,0,55.41,0
19-03-2024,Campaign 1,Facebook,Carousel,Millennials,2540,31,2,87.04,177.73
19-03-2024,Campaign 1,Facebook,Carousel,Gen X,2076,57,3,49.4,225.26
20-03-2024,Campaign 1,Instagram,Video,Gen Z,2960,90,10,168.79,839.26
20-03-2024,Campaign 1,Instagram,Video,Millennials,1135,56,8,71.5,629.95
20-03-2024,Campaign 1,Instagram,Video,Gen X,57,1,0,1.96,0
20-03-2024,Campaign 1,Instagram,Image,Gen Z,1758,35,0,41.24,0
20-03-2024,Campaign 1,Instagram,Image,Millennials,1763,18,0,120.21,0
20-03-2024,Campaign 1,Instagram,Image,Gen X,136,1,0,3.83,0
20-03-2024,Campaign 1,Instagram,Carousel,Gen Z,3076,35,2,71.04,104.35
20-03-2024,Campaign 1,Instagram,Carousel,Millennials,2356,26,1,146.32,74.07
20-03-2024,Campaign 1,Instagram,Carousel,Gen X,114,2,0,3.42,0
20-03-2024,Campaign 1,TikTok,Video,Gen Z,3988,146,17,268.67,1469.13
20-03-2024,Campaign 1,TikTok,Video,Millennials,780,25,1,50.13,58.73
20-03-2024,Campaign 1,TikTok,Video,Gen X,479,12,1,23.56,58.59
20-03-2024,Campaign 1,TikTok,Image,Gen Z,5569,35,0,221.37,0
20-03-2024,Campaign 1,TikTok,Image,Millennials,346,4,0,16.77,0
20-03-2024,Campaign 1,TikTok,Image,Gen X,453,7,0,16.09,0
20-03-2024,Campaign 1,TikTok,Carousel,Gen Z,6363,101,6,169.42,543.56
20-03-2024,Campaign 1,TikTok,Carousel,Millennials,391,9,0,26.16,0
20-03-2024,Campaign 1,TikTok,Carousel,Gen X,446,11,0,10.62,0
20-03-2024,Campaign 1,Facebook,Video,Gen Z,1165,37,5,44.79,490.87
20-03-2024,Campaign 1,Facebook,Video,Millennials,4332,86,5,104.72,332.04
20-03-2024,Campaign 1,Facebook,Video,Gen X,2672,63,7,118.3,402.44
20-03-2024,Campaign 1,Facebook,Image,Gen Z,538,3,0,12.99,0
20-03-2024,Campaign 1,Facebook,Image,Millennials,3871,50,0,180.27,0
20-03-2024,Campaign 1,Facebook,Image,Gen X,2453,15,0,167.6,0
20-03-2024,Campaign 1,Facebook,Carousel,Gen Z,963,15,0,65.03,0
20-03-2024,Campaign 1,Facebook,Carousel,Millennials,2221,35,0,98.47,0
20-03-2024,Campaign 1,Facebook,Carousel,Gen X,1531,40,2,48.76,107.97
21-03-2024,Campaign 1,Instagram,Video,Gen Z,4199,167,13,144.18,865.08
21-03-2024,Campaign 1,Instagram,Video,Millennials,1016,35,3,46.89,250.91
21-03-2024,Campaign 1,Instagram,Video,Gen X,73,2,0,3.14,0
21-03-2024,Campaign 1,Instagram,Image,Gen Z,3648,59,2,122.03,158.81
21-03-2024,Campaign 1,Instagram,Image,Millennials,1932,25,0,93.78,0
21-03-2024,Campaign 1,Instagram,Image,Gen X,208,1,0,10.12,0
21-03-2024,Campaign 1,Instagram,Carousel,Gen Z,2531,28,1,79.15,74.27
21-03-2024,Campaign 1,Instagram,Carousel,Millennials,2514,72,4,97.84,320.67
21-03-2024,Campaign 1,Instagram,Carousel,Gen X,223,4,0,11.26,0
21-03-2024,Campaign 1,TikTok,Video,Gen Z,5306,213,17,140.17,1345.92
21-03-2024,Campaign 1,TikTok,Video,Millennials,270,9,1,16.4,57.37
21-03-2024,Campaign 1,TikTok,Video,Gen X,458,15,1,24.79,87.13
21-03-2024,Campaign 1,TikTok,Image,Gen Z,4027,56,1,250.63,51.61
21-03-2024,Campaign 1,TikTok,Image,Millennials,803,13,0,50.72,0
21-03-2024,Campaign 1,TikTok,Image,Gen X,277,3,0,14.22,0
21-03-2024,Campaign 1,TikTok,Carousel,Gen Z,6879,101,2,238.28,117.7
21-03-2024,Campaign 1,TikTok,Carousel,Millennials,253,5,0,6.15,0
21-03-2024,Campaign 1,TikTok,Carousel,Gen X,349,7,0,12.26,0
21-03-2024,Campaign 1,Facebook,Video,Gen Z,961,44,6,50.76,403.44
21-03-2024,Campaign 1,Facebook,Video,Millennials,3077,90,11,191.66,835.57
21-03-2024,Campaign 1,Facebook,Video,Gen X,1040,25,1,50.13,88.2
21-03-2024,Campaign 1,Facebook,Image,Gen Z,1361,9,0,32.58,0
21-03-2024,Campaign 1,Facebook,Image,Millennials,2828,48,1,180.91,70.49
21-03-2024,Campaign 1,Facebook,Image,Gen X,1587,11,0,49.72,0
21-03-2024,Campaign 1,Facebook,Carousel,Gen Z,1468,30,1,41.56,80.43
21-03-2024,Campaign 1,Facebook,Carousel,Millennials,5693,73,4,306.45,350.43
21-03-2024,Campaign 1,Facebook,Carousel,Gen X,2312,64,4,157.03,238.43
22-03-2024,Campaign 1,Instagram,Video,Gen Z,4830,140,20,170.38,1202.66
22-03-2024,Campaign 1,Instagram,Video,Millennials,1397,52,3,89.68,153.18
22-03-2024,Campaign 1,Instagram,Video,Gen X,463,18,1,11.21,80.62
22-03-2024,Campaign 1,Instagram,Image,Gen Z,3010,42,0,83.39,0
22-03-2024,Campaign 1,Instagram,Image,Millennials,1143,12,0,69.17,0
22-03-2024,Campaign 1,Instagram,Image,Gen X,86,0,0,3.01,0
22-03-2024,Campaign 1,Instagram,Carousel,Gen Z,2791,62,4,106.54,340.61
22-03-2024,Campaign 1,Instagram,Carousel,Millennials,2706,45,2,144.91,163.33
22-03-2024,Campaign 1,Instagram,Carousel,Gen X,328,5,0,18,0
22-03-2024,Campaign 1,TikTok,Video,Gen Z,4586,126,14,260.61,1341.15
22-03-2024,Campaign 1,TikTok,Video,Millennials,388,16,0,13.26,0
22-03-2024,Campaign 1,TikTok,Video,Gen X,461,9,1,13.58,91.87
22-03-2024,Campaign 1,TikTok,Image,Gen Z,5174,76,2,165.23,110.76
22-03-2024,Campaign 1,TikTok,Image,Millennials,949,11,0,22.24,0
22-03-2024,Campaign 1,TikTok,Image,Gen X,91,1,0,3.33,0
22-03-2024,Campaign 1,TikTok,Carousel,Gen Z,4615,131,5,236.59,444.95
22-03-2024,Campaign 1,TikTok,Carousel,Millennials,727,20,1,44.57,74.01
22-03-2024,Campaign 1,TikTok,Carousel,Gen X,197,2,0,4.97,0
22-03-2024,Campaign 1,Facebook,Video,Gen Z,734,20,1,31.26,56.56
22-03-2024,Campaign 1,Facebook,Video,Millennials,5889,215,23,261.47,1600.42
22-03-2024,Campaign 1,Facebook,Video,Gen X,1189,24,2,49.03,144.55
22-03-2024,Campaign 1,Facebook,Image,Gen Z,1015,12,0,29.62,0
22-03-2024,Campaign 1,Facebook,Image,Millennials,3122,35,1,148.28,84.48
22-03-2024,Campaign 1,Facebook,Image,Gen X,1293,18,0,69.49,0
22-03-2024,Campaign 1,Facebook,Carousel,Gen Z,681,10,0,25.84,0
22-03-2024,Campaign 1,Facebook,Carousel,Millennials,3047,83,2,88.36,163.04
22-03-2024,Campaign 1,Facebook,Carousel,Gen X,1183,24,1,31.58,73.05
23-03-2024,Campaign 1,Instagram,Video,Gen Z,3925,162,20,125.45,1234.19
23-03-2024,Campaign 1,Instagram,Video,Millennials,2753,104,7,169.51,499.59
23-03-2024,Campaign 1,Instagram,Video,Gen X,427,11,1,12.99,51.42
23-03-2024,Campaign 1,Instagram,Image,Gen Z,2502,31,1,134.65,94.86
23-03-2024,Campaign 1,Instagram,Image,Millennials,3598,70,2,164.32,116.63
23-03-2024,Campaign 1,Instagram,Image,Gen X,320,2,0,17.86,0
23-03-2024,Campaign 1,Instagram,Carousel,Gen Z,2354,64,3,104.35,250.82
23-03-2024,Campaign 1,Instagram,Carousel,Millennials,1472,20,0,67.94,0
23-03-2024,Campaign 1,Instagram,Carousel,Gen X,447,10,0,29.94,0
23-03-2024,Campaign 1,TikTok,Video,Gen Z,4930,147,19,174.03,1468.79
23-03-2024,Campaign 1,TikTok,Video,Millennials,712,25,2,39.78,150.99
23-03-2024,Campaign 1,TikTok,Video,Gen X,182,4,0,12.3,0
23-03-2024,Campaign 1,TikTok,Image,Gen Z,3310,29,0,136.2,0
23-03-2024,Campaign 1,TikTok,Image,Millennials,442,3,0,13.76,0
23-03-2024,Campaign 1,TikTok,Image,Gen X,346,5,0,18.46,0
23-03-2024,Campaign 1,TikTok,Carousel,Gen Z,6246,73,5,404.56,263.5
23-03-2024,Campaign 1,TikTok,Carousel,Millennials,447,8,0,19,0
23-03-2024,Campaign 1,TikTok,Carousel,Gen X,372,7,0,18.36,0
23-03-2024,Campaign 1,Facebook,Video,Gen Z,1214,37,3,50.31,206.21
23-03-2024,Campaign 1,Facebook,Video,Millennials,5752,244,28,390.93,2398.51
23-03-2024,Campaign 1,Facebook,Video,Gen X,2410,55,6,70.68,456.71
23-03-2024,Campaign 1,Facebook,Image,Gen Z,822,14,0,31.99,0
23-03-2024,Campaign 1,Facebook,Image,Millennials,4683,84,2,116.43,184.56
23-03-2024,Campaign 1,Facebook,Image,Gen X,1879,32,0,74.32,0
23-03-2024,Campaign 1,Facebook,Carousel,Gen Z,658,16,1,22.06,95.41
23-03-2024,Campaign 1,Facebook,Carousel,Millennials,3964,72,2,255.18,119.28
23-03-2024,Campaign 1,Facebook,Carousel,Gen X,2946,71,3,131.28,183.52
24-03-2024,Campaign 1,Instagram,Video,Gen Z,3163,138,12,187.47,752.28
24-03-2024,Campaign 1,Instagram,Video,Millennials,3215,67,4,108.77,282.81
24-03-2024,Campaign 1,Instagram,Video,Gen X,257,7,0,9.25,0
24-03-2024,Campaign 1,Instagram,Image,Gen Z,3874,24,0,117.66,0
24-03-2024,Campaign 1,Instagram,Image,Millennials,3626,60,1,149.1,86.98
24-03-2024,Campaign 1,Instagram,Image,Gen X,198,1,0,12.67,0
24-03-2024,Campaign 1,Instagram,Carousel,Gen Z,4232,42,2,198.91,120.13
24-03-2024,Campaign 1,Instagram,Carousel,Millennials,2513,30,2,107.13,107.23
24-03-2024,Campaign 1,Instagram,Carousel,Gen X,100,2,0,3.01,0
24-03-2024,Campaign 1,TikTok,Video,Gen Z,7058,329,47,439.87,2355.03
24-03-2024,Campaign 1,TikTok,Video,Millennials,780,26,2,29.8,180.81
24-03-2024,Campaign 1,TikTok,Video,Gen X,95,4,0,2.96,0
24-03-2024,Campaign 1,TikTok,Image,Gen Z,3803,55,0,128.78,0
24-03-2024,Campaign 1,TikTok,Image,Millennials,634,10,0,21.78,0
24-03-2024,Campaign 1,TikTok,Image,Gen X,316,1,0,9.25,0
24-03-2024,Campaign 1,TikTok,Carousel,Gen Z,6579,98,4,392.53,294.11
24-03-2024,Campaign 1,TikTok,Carousel,Millennials,755,20,0,30.94,0
24-03-2024,Campaign 1,TikTok,Carousel,Gen X,161,2,0,8.11,0
24-03-2024,Campaign 1,Facebook,Video,Gen Z,1132,55,3,39.69,238.59
24-03-2024,Campaign 1,Facebook,Video,Millennials,3256,82,11,157.71,1072.69
24-03-2024,Campaign 1,Facebook,Video,Gen X,1608,46,6,97.15,509.34
24-03-2024,Campaign 1,Facebook,Image,Gen Z,1088,8,0,51.36,0
24-03-2024,Campaign 1,Facebook,Image,Millennials,3489,48,1,203.64,92.02
24-03-2024,Campaign 1,Facebook,Image,Gen X,1249,20,0,49.9,0
24-03-2024,Campaign 1,Facebook,Carousel,Gen Z,561,6,0,24.83,0
24-03-2024,Campaign 1,Facebook,Carousel,Millennials,5014,123,5,213.17,286.03
24-03-2024,Campaign 1,Facebook,Carousel,Gen X,2886,68,4,177.94,394.57
25-03-2024,Campaign 1,Instagram,Video,Gen Z,4127,115,8,209.43,778.01
25-03-2024,Campaign 1,Instagram,Video,Millennials,2511,125,15,166.19,1376.23
25-03-2024,Campaign 1,Instagram,Video,Gen X,222,6,0,7.79,0
25-03-2024,Campaign 1,Instagram,Image,Gen Z,3342,17,0,153.06,0
25-03-2024,Campaign 1,Instagram,Image,Millennials,2619,33,1,172.11,58.96
25-03-2024,Campaign 1,Instagram,Image,Gen X,481,8,0,23.51,0
25-03-2024,Campaign 1,Instagram,Carousel,Gen Z,3383,80,2,148.28,191.03
25-03-2024,Campaign 1,Instagram,Carousel,Millennials,2722,29,1,106.08,62.58
25-03-2024,Campaign 1,Instagram,Carousel,Gen X,267,4,0,7.06,0
25-03-2024,Campaign 1,TikTok,Video,Gen Z,4479,90,12,230.17,793.11
25-03-2024,Campaign 1,TikTok,Video,Millennials,910,18,2,45.61,171.09
25-03-2024,Campaign 1,TikTok,Video,Gen X,287,7,0,14.26,0
25-03-2024,Campaign 1,TikTok,Image,Gen Z,3041,51,0,78.42,0
25-03-2024,Campaign 1,TikTok,Image,Millennials,433,7,0,18.82,0
25-03-2024,Campaign 1,TikTok,Image,Gen X,409,2,0,24.38,0
25-03-2024,Campaign 1,TikTok,Carousel,Gen Z,6298,118,6,285.3,486.08
25-03-2024,Campaign 1,TikTok,Carousel,Millennials,367,9,0,24.11,0
25-03-2024,Campaign 1,TikTok,Carousel,Gen X,63,1,0,2.64,0
25-03-2024,Campaign 1,Facebook,Video,Gen Z,1461,48,5,91.05,260.78
25-03-2024,Campaign 1,Facebook,Video,Millennials,3309,141,20,83.57,1596.86
25-03-2024,Campaign 1,Facebook,Video,Gen X,1733,52,2,115.24,159.21
25-03-2024,Campaign 1,Facebook,Image,Gen Z,1169,7,0,65.94,0
25-03-2024,Campaign 1,Facebook,Image,Millennials,3216,31,1,164.59,74.73
25-03-2024,Campaign 1,Facebook,Image,Gen X,1169,8,0,48.03,0
25-03-2024,Campaign 1,Facebook,Carousel,Gen Z,1121,25,0,44.84,0
25-03-2024,Campaign 1,Facebook,Carousel,Millennials,2400,38,2,67.58,195.83
25-03-2024,Campaign 1,Facebook,Carousel,Gen X,2628,75,3,179.31,228.72
26-03-2024,Campaign 1,Instagram,Video,Gen Z,2875,94,13,142.86,1059.5
26-03-2024,Campaign 1,Instagram,Video,Millennials,1582,53,3,52.27,190.73
26-03-2024,Campaign 1,Instagram,Video,Gen X,327,16,2,9.34,182.37
26-03-2024,Campaign 1,Instagram,Image,Gen Z,3116,33,1,72.41,83.89
26-03-2024,Campaign 1,Instagram,Image,Millennials,2170,21,0,138.03,0
26-03-2024,Campaign 1,Instagram,Image,Gen X,421,5,0,20.96,0
26-03-2024,Campaign 1,Instagram,Carousel,Gen Z,3486,36,1,108.63,84.01
26-03-2024,Campaign 1,Instagram,Carousel,Millennials,3332,64,2,107.54,166.13
26-03-2024,Campaign 1,Instagram,Carousel,Gen X,216,3,0,9.02,0
26-03-2024,Campaign 1,TikTok,Video,Gen Z,3422,145,19,161.63,1664.28
26-03-2024,Campaign 1,TikTok,Video,Millennials,935,44,4,55.41,279.44
26-03-2024,Campaign 1,TikTok,Video,Gen X,63,2,0,1.91,0
26-03-2024,Campaign 1,TikTok,Image,Gen Z,6727,91,0,274.96,0
26-03-2024,Campaign 1,TikTok,Image,Millennials,537,6,0,27.34,0
26-03-2024,Campaign 1,TikTok,Image,Gen X,57,0,0,3.78,0
26-03-2024,Campaign 1,TikTok,Carousel,Gen Z,5393,131,8,164.14,567.82
26-03-2024,Campaign 1,TikTok,Carousel,Millennials,982,28,0,25.7,0
26-03-2024,Campaign 1,TikTok,Carousel,Gen X,379,7,0,15.4,0
26-03-2024,Campaign 1,Facebook,Video,Gen Z,1304,59,6,52.45,580.37
26-03-2024,Campaign 1,Facebook,Video,Millennials,5481,198,15,307.36,1374.4
26-03-2024,Campaign 1,Facebook,Video,Gen X,1700,36,4,73.14,317.79
26-03-2024,Campaign 1,Facebook,Image,Gen Z,1496,22,0,38.82,0
26-03-2024,Campaign 1,Facebook,Image,Millennials,5043,93,1,161.9,59.08
26-03-2024,Campaign 1,Facebook,Image,Gen X,2813,45,1,154.48,78.37
26-03-2024,Campaign 1,Facebook,Carousel,Gen Z,647,10,0,42.88,0
26-03-2024,Campaign 1,Facebook,Carousel,Millennials,2682,76,1,108.5,61.3
26-03-2024,Campaign 1,Facebook,Carousel,Gen X,1726,44,1,96.38,53.42
27-03-2024,Campaign 1,Instagram,Video,Gen Z,4412,117,15,277.15,803.59
27-03-2024,Campaign 1,Instagram,Video,Millennials,2903,99,12,115.2,710.62
27-03-2024,Campaign 1,Instagram,Video,Gen X,138,2,0,3.55,0
27-03-2024,Campaign 1,Instagram,Image,Gen Z,3471,34,1,93.92,82.97
27-03-2024,Campaign 1,Instagram,Image,Millennials,1429,23,0,91.05,0
27-03-2024,Campaign 1,Instagram,Image,Gen X,184,1,0,4.28,0
27-03-2024,Campaign 1,Instagram,Carousel,Gen Z,1922,31,0,131.1,0
27-03-2024,Campaign 1,Instagram,Carousel,Millennials,2131,38,1,92.82,58.85
27-03-2024,Campaign 1,Instagram,Carousel,Gen X,341,5,0,19.5,0
27-03-2024,Campaign 1,TikTok,Video,Gen Z,6000,274,26,350.83,1488.64
27-03-2024,Campaign 1,TikTok,Video,Millennials,256,6,0,8.52,0
27-03-2024,Campaign 1,TikTok,Video,Gen X,416,16,0,25.24,0
27-03-2024,Campaign 1,TikTok,Image,Gen Z,7182,37,1,362.04,77.89
27-03-2024,Campaign 1,TikTok,Image,Millennials,481,3,0,14.95,0
27-03-2024,Campaign 1,TikTok,Image,Gen X,332,1,0,21.69,0
27-03-2024,Campaign 1,TikTok,Carousel,Gen Z,2595,37,2,133.7,158.76
27-03-2024,Campaign 1,TikTok,Carousel,Millennials,950,27,0,64.93,0
27-03-2024,Campaign 1,TikTok,Carousel,Gen X,500,9,0,16.27,0
27-03-2024,Campaign 1,Facebook,Video,Gen Z,571,25,1,24.52,74.69
27-03-2024,Campaign 1,Facebook,Video,Millennials,4000,140,19,219.96,1636.31
27-03-2024,Campaign 1,Facebook,Video,Gen X,2428,94,6,154.61,558.84
27-03-2024,Campaign 1,Facebook,Image,Gen Z,578,9,0,34.77,0
27-03-2024,Campaign 1,Facebook,Image,Millennials,3914,31,1,134.2,50.93
27-03-2024,Campaign 1,Facebook,Image,Gen X,1898,12,0,115.65,0
27-03-2024,Campaign 1,Facebook,Carousel,Gen Z,1080,23,1,27.75,58.3
27-03-2024,Campaign 1,Facebook,Carousel,Millennials,4727,120,6,246.48,527.25
27-03-2024,Campaign 1,Facebook,Carousel,Gen X,2937,44,1,193.89,81.77
28-03-2024,Campaign 1,Instagram,Video,Gen Z,2123,87,6,89.95,448.21
28-03-2024,Campaign 1,Instagram,Video,Millennials,1153,56,3,62.93,225.93
28-03-2024,Campaign 1,Instagram,Video,Gen X,275,8,0,7.61,0
28-03-2024,Campaign 1,Instagram,Image,Gen Z,3099,21,0,106.68,0
28-03-2024,Campaign 1,Instagram,Image,Millennials,1887,25,0,109.36,0
28-03-2024,Campaign 1,Instagram,Image,Gen X,229,2,0,8.25,0
28-03-2024,Campaign 1,Instagram,Carousel,Gen Z,1957,24,1,104.81,98.96
28-03-2024,Campaign 1,Instagram,Carousel,Millennials,2679,53,2,137.43,179.36
28-03-2024,Campaign 1,Instagram,Carousel,Gen X,401,6,0,23.1,0
28-03-2024,Campaign 1,TikTok,Video,Gen Z,7245,276,40,277.15,2216.29
28-03-2024,Campaign 1,TikTok,Video,Millennials,258,8,1,8.2,60.25
28-03-2024,Campaign 1,TikTok,Video,Gen X,88,3,0,4.92,0
28-03-2024,Campaign 1,TikTok,Image,Gen Z,4103,37,1,150.33,72.49
28-03-2024,Campaign 1,TikTok,Image,Millennials,783,8,0,20.73,0
28-03-2024,Campaign 1,TikTok,Image,Gen X,196,2,0,10.66,0
28-03-2024,Campaign 1,TikTok,Carousel,Gen Z,5428,143,3,335.29,163.78
28-03-2024,Campaign 1,TikTok,Carousel,Millennials,584,15,0,27.43,0
28-03-2024,Campaign 1,TikTok,Carousel,Gen X,214,3,0,7.93,0
28-03-2024,Campaign 1,Facebook,Video,Gen Z,584,21,2,26.48,130
28-03-2024,Campaign 1,Facebook,Video,Millennials,3172,108,9,193.98,553.5
28-03-2024,Campaign 1,Facebook,Video,Gen X,2701,89,11,97.7,689.65
28-03-2024,Campaign 1,Facebook,Image,Gen Z,1069,6,0,48.48,0
28-03-2024,Campaign 1,Facebook,Image,Millennials,2582,30,1,138.66,50.5
28-03-2024,Campaign 1,Facebook,Image,Gen X,2527,41,0,153.66,0
28-03-2024,Campaign 1,Facebook,Carousel,Gen Z,614,8,0,14.9,0
28-03-2024,Campaign 1,Facebook,Carousel,Millennials,3235,82,3,102.03,285.66
28-03-2024,Campaign 1,Facebook,Carousel,Gen X,1621,44,2,37.14,124.28
29-03-2024,Campaign 1,Instagram,Video,Gen Z,2272,66,5,86.9,420.04
29-03-2024,Campaign 1,Instagram,Video,Millennials,3813,182,13,260.56,761.49
29-03-2024,Campaign 1,Instagram,Video,Gen X,255,9,0,6.2,0
29-03-2024,Campaign 1,Instagram,Image,Gen Z,4380,48,1,210.98,92.65
29-03-2024,Campaign 1,Instagram,Image,Millennials,1264,13,0,80.47,0
29-03-2024,Campaign 1,Instagram,Image,Gen X,288,2,0,14.13,0
29-03-2024,Campaign 1,Instagram,Carousel,Gen Z,3712,47,2,154.2,115.88
29-03-2024,Campaign 1,Instagram,Carousel,Millennials,2839,28,2,179.04,131.7
29-03-2024,Campaign 1,Instagram,Carousel,Gen X,216,4,0,10.75,0
29-03-2024,Campaign 1,TikTok,Video,Gen Z,4322,138,16,276.92,904.58
29-03-2024,Campaign 1,TikTok,Video,Millennials,342,15,1,18.09,80.73
29-03-2024,Campaign 1,TikTok,Video,Gen X,182,4,0,11.07,0
29-03-2024,Campaign 1,TikTok,Image,Gen Z,6269,97,1,303.99,76.65
29-03-2024,Campaign 1,TikTok,Image,Millennials,930,12,0,23.42,0
29-03-2024,Campaign 1,TikTok,Image,Gen X,359,6,0,24.42,0
29-03-2024,Campaign 1,TikTok,Carousel,Gen Z,5660,101,4,350.92,304.36
29-03-2024,Campaign 1,TikTok,Carousel,Millennials,520,14,0,34.45,0
29-03-2024,Campaign 1,TikTok,Carousel,Gen X,371,10,0,16.22,0
29-03-2024,Campaign 1,Facebook,Video,Gen Z,596,20,1,32.76,74.46
29-03-2024,Campaign 1,Facebook,Video,Millennials,2800,56,5,156.71,449.69
29-03-2024,Campaign 1,Facebook,Video,Gen X,1621,45,5,76.05,267.25
29-03-2024,Campaign 1,Facebook,Image,Gen Z,1094,14,0,71,0
29-03-2024,Campaign 1,Facebook,Image,Millennials,3360,40,0,151.65,0
29-03-2024,Campaign 1,Facebook,Image,Gen X,2615,19,0,75.46,0
29-03-2024,Campaign 1,Facebook,Carousel,Gen Z,1116,14,0,48.26,0
29-03-2024,Campaign 1,Facebook,Carousel,Millennials,5027,67,4,287.49,217.8
29-03-2024,Campaign 1,Facebook,Carousel,Gen X,1882,45,1,98.75,61.07
30-03-2024,Campaign 1,Instagram,Video,Gen Z,1526,45,4,71.77,253.53
30-03-2024,Campaign 1,Instagram,Video,Millennials,2249,110,16,96.7,1436.07
30-03-2024,Campaign 1,Instagram,Video,Gen X,194,6,0,5.56,0
30-03-2024,Campaign 1,Instagram,Image,Gen Z,3245,32,0,165.32,0
30-03-2024,Campaign 1,Instagram,Image,Millennials,2553,30,1,70.4,88.45
30-03-2024,Campaign 1,Instagram,Image,Gen X,170,3,0,4.19,0
30-03-2024,Campaign 1,Instagram,Carousel,Gen Z,1891,30,1,114.29,86.57
30-03-2024,Campaign 1,Instagram,Carousel,Millennials,3335,99,2,82.98,135.3
30-03-2024,Campaign 1,Instagram,Carousel,Gen X,65,1,0,3.83,0
30-03-2024,Campaign 1,TikTok,Video,Gen Z,3432,161,16,151.2,1488.58
30-03-2024,Campaign 1,TikTok,Video,Millennials,731,24,2,45.84,192.82
30-03-2024,Campaign 1,TikTok,Video,Gen X,481,23,3,13.49,293.48
30-03-2024,Campaign 1,TikTok,Image,Gen Z,5725,84,0,362.31,0
30-03-2024,Campaign 1,TikTok,Image,Millennials,798,8,0,49.12,0
30-03-2024,Campaign 1,TikTok,Image,Gen X,333,5,0,21.87,0
30-03-2024,Campaign 1,TikTok,Carousel,Gen Z,4676,70,4,184.23,357.22
30-03-2024,Campaign 1,TikTok,Carousel,Millennials,668,19,0,38.69,0
30-03-2024,Campaign 1,TikTok,Carousel,Gen X,289,3,0,6.79,0
30-03-2024,Campaign 1,Facebook,Video,Gen Z,808,16,1,31.94,70.78
30-03-2024,Campaign 1,Facebook,Video,Millennials,5991,231,15,343.13,785.71
30-03-2024,Campaign 1,Facebook,Video,Gen X,2377,95,7,89.31,642.18
30-03-2024,Campaign 1,Facebook,Image,Gen Z,931,11,0,45.84,0
30-03-2024,Campaign 1,Facebook,Image,Millennials,5609,68,0,343.36,0
30-03-2024,Campaign 1,Facebook,Image,Gen X,2275,22,0,113.33,0
30-03-2024,Campaign 1,Facebook,Carousel,Gen Z,633,18,1,15.31,86.19
30-03-2024,Campaign 1,Facebook,Carousel,Millennials,3508,79,4,141.08,265.17
30-03-2024,Campaign 1,Facebook,Carousel,Gen X,2129,25,1,76.01,82
31-03-2024,Campaign 1,Instagram,Video,Gen Z,4568,205,17,117.16,1379.17
31-03-2024,Campaign 1,Instagram,Video,Millennials,3541,98,13,133.47,967.24
31-03-2024,Campaign 1,Instagram,Video,Gen X,393,13,1,23.65,88.07
31-03-2024,Campaign 1,Instagram,Image,Gen Z,3972,73,3,231.08,184.25
31-03-2024,Campaign 1,Instagram,Image,Millennials,1959,36,1,60.74,51.92
31-03-2024,Campaign 1,Instagram,Image,Gen X,268,4,0,6.79,0
31-03-2024,Campaign 1,Instagram,Carousel,Gen Z,4148,77,3,106.9,210.22
31-03-2024,Campaign 1,Instagram,Carousel,Millennials,3348,66,4,117.66,259.34
31-03-2024,Campaign 1,Instagram,Carousel,Gen X,149,4,0,6.38,0
31-03-2024,Campaign 1,TikTok,Video,Gen Z,6684,265,35,322.35,1804.42
31-03-2024,Campaign 1,TikTok,Video,Millennials,684,24,3,29.98,191.92
31-03-2024,Campaign 1,TikTok,Video,Gen X,83,2,0,3.19,0
31-03-2024,Campaign 1,TikTok,Image,Gen Z,5930,98,2,229.98,136.11
31-03-2024,Campaign 1,TikTok,Image,Millennials,988,13,0,66.76,0
31-03-2024,Campaign 1,TikTok,Image,Gen X,197,1,0,4.69,0
31-03-2024,Campaign 1,TikTok,Carousel,Gen Z,4928,88,1,296.65,77.29
31-03-2024,Campaign 1,TikTok,Carousel,Millennials,663,12,0,42.15,0
31-03-2024,Campaign 1,TikTok,Carousel,Gen X,344,7,0,16.18,0
31-03-2024,Campaign 1,Facebook,Video,Gen Z,571,21,1,16.63,65
31-03-2024,Campaign 1,Facebook,Video,Millennials,3211,68,5,185.19,267.28
31-03-2024,Campaign 1,Facebook,Video,Gen X,2592,70,10,60.01,939.86
31-03-2024,Campaign 1,Facebook,Image,Gen Z,576,3,0,14.35,0
31-03-2024,Campaign 1,Facebook,Image,Millennials,5513,76,1,264.75,86.54
31-03-2024,Campaign 1,Facebook,Image,Gen X,1843,16,0,112.05,0
31-03-2024,Campaign 1,Facebook,Carousel,Gen Z,1294,18,0,41.15,0
31-03-2024,Campaign 1,Facebook,Carousel,Millennials,3784,86,3,137.21,291.75
31-03-2024,Campaign 1,Facebook,Carousel,Gen X,1493,36,0,41.38,0
01-04-2024,Campaign 1,Instagram,Video,Gen Z,2531,55,3,154.34,259.68
01-04-2024,Campaign 1,Instagram,Video,Millennials,1967,47,5,114.01,465.15
01-04-2024,Campaign 1,Instagram,Video,Gen X,65,1,0,4.28,0
01-04-2024,Campaign 1,Instagram,Image,Gen Z,1975,14,0,51.13,0
01-04-2024,Campaign 1,Instagram,Image,Millennials,2472,17,0,138.53,0
01-04-2024,Campaign 1,Instagram,Image,Gen X,394,4,0,19.59,0
01-04-2024,Campaign 1,Instagram,Carousel,Gen Z,3427,61,1,137.89,93.58
01-04-2024,Campaign 1,Instagram,Carousel,Millennials,1105,21,0,47.21,0
01-04-2024,Campaign 1,Instagram,Carousel,Gen X,272,7,0,6.24,0
01-04-2024,Campaign 1,TikTok,Video,Gen Z,4545,109,6,294.51,525.34
01-04-2024,Campaign 1,TikTok,Video,Millennials,744,15,1,17.54,59.62
01-04-2024,Campaign 1,TikTok,Video,Gen X,243,6,0,10.16,0
01-04-2024,Campaign 1,TikTok,Image,Gen Z,6142,43,0,301.66,0
01-04-2024,Campaign 1,TikTok,Image,Millennials,652,7,0,28.21,0
01-04-2024,Campaign 1,TikTok,Image,Gen X,192,2,0,7.75,0
01-04-2024,Campaign 1,TikTok,Carousel,Gen Z,4942,117,4,221.01,208.88
01-04-2024,Campaign 1,TikTok,Carousel,Millennials,632,18,0,14.72,0
01-04-2024,Campaign 1,TikTok,Carousel,Gen X,97,2,0,5.01,0
01-04-2024,Campaign 1,Facebook,Video,Gen Z,704,28,2,33.54,114.73
01-04-2024,Campaign 1,Facebook,Video,Millennials,2571,84,11,64.84,1016.17
01-04-2024,Campaign 1,Facebook,Video,Gen X,1860,47,5,85.26,349.66
01-04-2024,Campaign 1,Facebook,Image,Gen Z,722,12,0,43.52,0
01-04-2024,Campaign 1,Facebook,Image,Millennials,3078,29,1,122.81,87.89
01-04-2024,Campaign 1,Facebook,Image,Gen X,2706,24,0,93.32,0
01-04-2024,Campaign 1,Facebook,Carousel,Gen Z,630,16,0,17.22,0
01-04-2024,Campaign 1,Facebook,Carousel,Millennials,3185,55,2,120.44,180.82
01-04-2024,Campaign 1,Facebook,Carousel,Gen X,1630,31,2,74.87,149.58
02-04-2024,Campaign 1,Instagram,Video,Gen Z,3237,152,9,91.05,584.71
02-04-2024,Campaign 1,Instagram,Video,Millennials,3067,102,10,186.1,948.01
02-04-2024,Campaign 1,Instagram,Video,Gen X,350,14,1,21.14,63.36
02-04-2024,Campaign 1,Instagram,Image,Gen Z,3079,16,0,208.48,0
02-04-2024,Campaign 1,Instagram,Image,Millennials,1969,16,0,95.19,0
02-04-2024,Campaign 1,Instagram,Image,Gen X,133,0,0,5.06,0
02-04-2024,Campaign 1,Instagram,Carousel,Gen Z,1508,35,1,78.7,92.43
02-04-2024,Campaign 1,Instagram,Carousel,Millennials,3044,80,2,183.5,154.03
02-04-2024,Campaign 1,Instagram,Carousel,Gen X,454,6,0,25.38,0
02-04-2024,Campaign 1,TikTok,Video,Gen Z,5825,136,12,202.55,642.6
02-04-2024,Campaign 1,TikTok,Video,Millennials,277,6,0,10.66,0
02-04-2024,Campaign 1,TikTok,Video,Gen X,136,6,0,7.38,0
02-04-2024,Campaign 1,TikTok,Image,Gen Z,2555,18,0,170.56,0
02-04-2024,Campaign 1,TikTok,Image,Millennials,962,8,0,35.45,0
02-04-2024,Campaign 1,TikTok,Image,Gen X,495,6,0,19.28,0
02-04-2024,Campaign 1,TikTok,Carousel,Gen Z,4884,96,4,249.53,200.71
02-04-2024,Campaign 1,TikTok,Carousel,Millennials,858,23,0,48.48,0
02-04-2024,Campaign 1,TikTok,Carousel,Gen X,341,4,0,21.05,0
02-04-2024,Campaign 1,Facebook,Video,Gen Z,1418,49,6,78.33,410.37
02-04-2024,Campaign 1,Facebook,Video,Millennials,2222,51,6,106.86,506.99
02-04-2024,Campaign 1,Facebook,Video,Gen X,2365,54,3,138.3,202.52
02-04-2024,Campaign 1,Facebook,Image,Gen Z,845,15,0,38.73,0
02-04-2024,Campaign 1,Facebook,Image,Millennials,2619,26,0,71.86,0
02-04-2024,Campaign 1,Facebook,Image,Gen X,2541,29,0,116.84,0
02-04-2024,Campaign 1,Facebook,Carousel,Gen Z,1142,31,1,63.07,92.1
02-04-2024,Campaign 1,Facebook,Carousel,Millennials,5193,122,6,251.99,558.28
02-04-2024,Campaign 1,Facebook,Carousel,Gen X,2850,56,2,108.5,133.74
03-04-2024,Campaign 1,Instagram,Video,Gen Z,3658,168,15,218.09,947.55
03-04-2024,Campaign 1,Instagram,Video,Millennials,1385,52,3,87.58,271.26
03-04-2024,Campaign 1,Instagram,Video,Gen X,405,16,1,9.89,95.22
03-04-2024,Campaign 1,Instagram,Image,Gen Z,3928,57,2,211.16,181.1
03-04-2024,Campaign 1,Instagram,Image,Millennials,3125,39,0,121.8,0
03-04-2024,Campaign 1,Instagram,Image,Gen X,170,2,0,4.24,0
03-04-2024,Campaign 1,Instagram,Carousel,Gen Z,2343,48,3,87.63,221.93
03-04-2024,Campaign 1,Instagram,Carousel,Millennials,3850,105,7,178.08,395.76
03-04-2024,Campaign 1,Instagram,Carousel,Gen X,121,1,0,3.46,0
03-04-2024,Campaign 1,TikTok,Video,Gen Z,3713,163,14,218.04,946.01
03-04-2024,Campaign 1,TikTok,Video,Millennials,548,13,0,33.4,0
03-04-2024,Campaign 1,TikTok,Video,Gen X,262,6,0,6.29,0
03-04-2024,Campaign 1,TikTok,Image,Gen Z,4195,40,1,229.3,64.67
03-04-2024,Campaign 1,TikTok,Image,Millennials,842,7,0,21.1,0
03-04-2024,Campaign 1,TikTok,Image,Gen X,374,6,0,14.35,0
03-04-2024,Campaign 1,TikTok,Carousel,Gen Z,2567,72,4,161.95,263.93
03-04-2024,Campaign 1,TikTok,Carousel,Millennials,440,11,0,25.43,0
03-04-2024,Campaign 1,TikTok,Carousel,Gen X,498,14,0,21.23,0
03-04-2024,Campaign 1,Facebook,Video,Gen Z,1375,28,2,64.3,167.84
03-04-2024,Campaign 1,Facebook,Video,Millennials,2056,91,7,101.21,375.89
03-04-2024,Campaign 1,Facebook,Video,Gen X,1960,84,7,49.53,408.98
03-04-2024,Campaign 1,Facebook,Image,Gen Z,1345,14,0,83.25,0
03-04-2024,Campaign 1,Facebook,Image,Millennials,3405,63,1,84.35,65.27
03-04-2024,Campaign 1,Facebook,Image,Gen X,2233,39,1,53.04,66.84
03-04-2024,Campaign 1,Facebook,Carousel,Gen Z,1000,24,1,40.87,70.8
03-04-2024,Campaign 1,Facebook,Carousel,Millennials,2122,34,1,99.98,60.91
03-04-2024,Campaign 1,Facebook,Carousel,Gen X,1480,41,1,84.21,64.11
04-04-2024,Campaign 1,Instagram,Video,Gen Z,2521,85,4,141.22,265.77
04-04-2024,Campaign 1,Instagram,Video,Millennials,2653,111,7,94.96,652.67
04-04-2024,Campaign 1,Instagram,Video,Gen X,315,8,0,13.85,0
04-04-2024,Campaign 1,Instagram,Image,Gen Z,2769,54,1,122.17,99.22
04-04-2024,Campaign 1,Instagram,Image,Millennials,2700,27,0,139.76,0
04-04-2024,Campaign 1,Instagram,Image,Gen X,282,1,0,8.98,0
04-04-2024,Campaign 1,Instagram,Carousel,Gen Z,2914,61,2,102.07,165.21
04-04-2024,Campaign 1,Instagram,Carousel,Millennials,1736,41,1,64.21,56.05
04-04-2024,Campaign 1,Instagram,Carousel,Gen X,144,3,0,3.42,0
04-04-2024,Campaign 1,TikTok,Video,Gen Z,3358,86,10,95.97,551.94
04-04-2024,Campaign 1,TikTok,Video,Millennials,330,11,0,18.05,0
04-04-2024,Campaign 1,TikTok,Video,Gen X,187,7,0,9.75,0
04-04-2024,Campaign 1,TikTok,Image,Gen Z,4003,39,1,147.28,99.25
04-04-2024,Campaign 1,TikTok,Image,Millennials,890,4,0,56.46,0
04-04-2024,Campaign 1,TikTok,Image,Gen X,293,1,0,18.14,0
04-04-2024,Campaign 1,TikTok,Carousel,Gen Z,4468,80,4,266.76,367.82
04-04-2024,Campaign 1,TikTok,Carousel,Millennials,828,23,1,21.69,90.83
04-04-2024,Campaign 1,TikTok,Carousel,Gen X,135,2,0,6.97,0
04-04-2024,Campaign 1,Facebook,Video,Gen Z,1089,22,1,25.24,55.52
04-04-2024,Campaign 1,Facebook,Video,Millennials,2246,55,2,140.12,119.53
04-04-2024,Campaign 1,Facebook,Video,Gen X,1441,52,7,77.38,453.63
04-04-2024,Campaign 1,Facebook,Image,Gen Z,952,18,0,52.59,0
04-04-2024,Campaign 1,Facebook,Image,Millennials,3589,64,2,152.06,164.16
04-04-2024,Campaign 1,Facebook,Image,Gen X,1950,34,1,109.55,79.37
04-04-2024,Campaign 1,Facebook,Carousel,Gen Z,932,25,0,41.47,0
04-04-2024,Campaign 1,Facebook,Carousel,Millennials,5169,132,4,183.23,333.44
04-04-2024,Campaign 1,Facebook,Carousel,Gen X,1558,46,1,87.04,52.59
05-04-2024,Campaign 1,Instagram,Video,Gen Z,2765,113,16,100.84,1405.16
05-04-2024,Campaign 1,Instagram,Video,Millennials,1853,46,3,85.76,235.46
05-04-2024,Campaign 1,Instagram,Video,Gen X,156,6,0,4.19,0
05-04-2024,Campaign 1,Instagram,Image,Gen Z,4809,55,2,288.81,129.05
05-04-2024,Campaign 1,Instagram,Image,Millennials,2068,17,0,129.82,0
05-04-2024,Campaign 1,Instagram,Image,Gen X,320,5,0,20.69,0
05-04-2024,Campaign 1,Instagram,Carousel,Gen Z,4392,120,6,268.9,378.34
05-04-2024,Campaign 1,Instagram,Carousel,Millennials,3547,36,2,224.15,167.07
05-04-2024,Campaign 1,Instagram,Carousel,Gen X,393,6,0,9.52,0
05-04-2024,Campaign 1,TikTok,Video,Gen Z,3683,176,15,173.16,1465.6
05-04-2024,Campaign 1,TikTok,Video,Millennials,481,21,1,23.33,89.65
05-04-2024,Campaign 1,TikTok,Video,Gen X,208,8,1,4.88,90.46
05-04-2024,Campaign 1,TikTok,Image,Gen Z,4106,56,2,206.2,178.56
05-04-2024,Campaign 1,TikTok,Image,Millennials,904,13,0,61.24,0
05-04-2024,Campaign 1,TikTok,Image,Gen X,484,5,0,16.36,0
05-04-2024,Campaign 1,TikTok,Carousel,Gen Z,4468,82,4,276.14,298.12
05-04-2024,Campaign 1,TikTok,Carousel,Millennials,891,11,0,49.44,0
05-04-2024,Campaign 1,TikTok,Carousel,Gen X,194,5,0,10.12,0
05-04-2024,Campaign 1,Facebook,Video,Gen Z,1311,28,1,59.69,66.85
05-04-2024,Campaign 1,Facebook,Video,Millennials,3629,122,11,175.39,999.83
05-04-2024,Campaign 1,Facebook,Video,Gen X,2765,60,8,148.83,566.98
05-04-2024,Campaign 1,Facebook,Image,Gen Z,1159,22,1,64.98,61.38
05-04-2024,Campaign 1,Facebook,Image,Millennials,2187,11,0,109.96,0
05-04-2024,Campaign 1,Facebook,Image,Gen X,1151,16,0,32.26,0
05-04-2024,Campaign 1,Facebook,Carousel,Gen Z,1427,21,1,86.03,61.55
05-04-2024,Campaign 1,Facebook,Carousel,Millennials,4572,61,1,257.78,72.52
05-04-2024,Campaign 1,Facebook,Carousel,Gen X,2446,25,1,82.34,84.49
06-04-2024,Campaign 1,Instagram,Video,Gen Z,3908,173,20,167.42,1379.3
06-04-2024,Campaign 1,Instagram,Video,Millennials,3722,162,14,100.66,1039.04
06-04-2024,Campaign 1,Instagram,Video,Gen X,471,11,0,29.16,0
06-04-2024,Campaign 1,Instagram,Image,Gen Z,1551,11,0,58.46,0
06-04-2024,Campaign 1,Instagram,Image,Millennials,2768,42,0,77.88,0
06-04-2024,Campaign 1,Instagram,Image,Gen X,307,5,0,20.32,0
06-04-2024,Campaign 1,Instagram,Carousel,Gen Z,2044,22,0,59.33,0
06-04-2024,Campaign 1,Instagram,Carousel,Millennials,2117,44,2,132.92,110
06-04-2024,Campaign 1,Instagram,Carousel,Gen X,138,2,0,7.43,0
06-04-2024,Campaign 1,TikTok,Video,Gen Z,4357,197,18,178.95,925.49
06-04-2024,Campaign 1,TikTok,Video,Millennials,803,27,2,23.47,100.37
06-04-2024,Campaign 1,TikTok,Video,Gen X,187,6,0,7.93,0
06-04-2024,Campaign 1,TikTok,Image,Gen Z,3977,29,1,97.47,98.88
06-04-2024,Campaign 1,TikTok,Image,Millennials,429,8,0,20.51,0
06-04-2024,Campaign 1,TikTok,Image,Gen X,127,1,0,4.28,0
06-04-2024,Campaign 1,TikTok,Carousel,Gen Z,5655,161,7,352.97,507.13
06-04-2024,Campaign 1,TikTok,Carousel,Millennials,755,9,0,45.43,0
06-04-2024,Campaign 1,TikTok,Carousel,Gen X,73,1,0,1.91,0
06-04-2024,Campaign 1,Facebook,Video,Gen Z,752,35,2,41.28,167.57
06-04-2024,Campaign 1,Facebook,Video,Millennials,2442,120,11,62.38,962.01
06-04-2024,Campaign 1,Facebook,Video,Gen X,1239,38,4,42.47,391.54
06-04-2024,Campaign 1,Facebook,Image,Gen Z,1460,28,0,36.5,0
06-04-2024,Campaign 1,Facebook,Image,Millennials,3541,62,2,114.06,162.35
06-04-2024,Campaign 1,Facebook,Image,Gen X,1442,17,0,34.45,0
06-04-2024,Campaign 1,Facebook,Carousel,Gen Z,777,13,1,46.34,58
06-04-2024,Campaign 1,Facebook,Carousel,Millennials,3463,79,4,220.78,345.32
06-04-2024,Campaign 1,Facebook,Carousel,Gen X,2430,49,3,103.76,168.58
07-04-2024,Campaign 1,Instagram,Video,Gen Z,1838,68,4,59.33,225.08
07-04-2024,Campaign 1,Instagram,Video,Millennials,3617,173,16,137.02,1581.79
07-04-2024,Campaign 1,Instagram,Video,Gen X,474,10,0,16.13,0
07-04-2024,Campaign 1,Instagram,Image,Gen Z,3879,70,1,185.24,51.2
07-04-2024,Campaign 1,Instagram,Image,Millennials,3579,19,0,171.84,0
07-04-2024,Campaign 1,Instagram,Image,Gen X,317,1,0,16.27,0
07-04-2024,Campaign 1,Instagram,Carousel,Gen Z,4800,72,4,248.07,354.51
07-04-2024,Campaign 1,Instagram,Carousel,Millennials,2140,57,3,66.94,176.58
07-04-2024,Campaign 1,Instagram,Carousel,Gen X,406,11,0,15.72,0
07-04-2024,Campaign 1,TikTok,Video,Gen Z,3212,158,20,117.34,1847.56
07-04-2024,Campaign 1,TikTok,Video,Millennials,907,41,3,60.7,293.12
07-04-2024,Campaign 1,TikTok,Video,Gen X,332,13,0,19.96,0
07-04-2024,Campaign 1,TikTok,Image,Gen Z,5978,60,2,251.86,183.73
07-04-2024,Campaign 1,TikTok,Image,Millennials,371,3,0,18.5,0
07-04-2024,Campaign 1,TikTok,Image,Gen X,477,6,0,23.47,0
07-04-2024,Campaign 1,TikTok,Carousel,Gen Z,5391,103,5,189.79,318.54
07-04-2024,Campaign 1,TikTok,Carousel,Millennials,381,10,0,12.67,0
07-04-2024,Campaign 1,TikTok,Carousel,Gen X,200,2,0,10.03,0
07-04-2024,Campaign 1,Facebook,Video,Gen Z,1308,56,3,56.82,173.44
07-04-2024,Campaign 1,Facebook,Video,Millennials,2159,44,2,73.96,142.95
07-04-2024,Campaign 1,Facebook,Video,Gen X,1778,84,4,105.58,243.05
07-04-2024,Campaign 1,Facebook,Image,Gen Z,1409,7,0,57.23,0
07-04-2024,Campaign 1,Facebook,Image,Millennials,4744,68,2,158.08,134.38
07-04-2024,Campaign 1,Facebook,Image,Gen X,1774,18,0,76.51,0
07-04-2024,Campaign 1,Facebook,Carousel,Gen Z,1228,21,1,30.17,99.4
07-04-2024,Campaign 1,Facebook,Carousel,Millennials,2236,30,1,90.86,75.67
07-04-2024,Campaign 1,Facebook,Carousel,Gen X,2600,31,1,164.73,77.5
08-04-2024,Campaign 1,Instagram,Video,Gen Z,2936,97,12,190.48,983.49
08-04-2024,Campaign 1,Instagram,Video,Millennials,2595,91,8,129.28,493.36
08-04-2024,Campaign 1,Instagram,Video,Gen X,394,8,1,24.29,95.66
08-04-2024,Campaign 1,Instagram,Image,Gen Z,2606,19,0,140.08,0
08-04-2024,Campaign 1,Instagram,Image,Millennials,1496,11,0,100.57,0
08-04-2024,Campaign 1,Instagram,Image,Gen X,477,8,0,18.5,0
08-04-2024,Campaign 1,Instagram,Carousel,Gen Z,4843,74,4,225.43,372.39
08-04-2024,Campaign 1,Instagram,Carousel,Millennials,1004,18,0,54.09,0
08-04-2024,Campaign 1,Instagram,Carousel,Gen X,270,4,0,11.89,0
08-04-2024,Campaign 1,TikTok,Video,Gen Z,3532,122,10,93.73,775.15
08-04-2024,Campaign 1,TikTok,Video,Millennials,728,22,1,22.42,66.13
08-04-2024,Campaign 1,TikTok,Video,Gen X,222,7,1,12.85,94.91
08-04-2024,Campaign 1,TikTok,Image,Gen Z,5324,87,1,348.37,54.75
08-04-2024,Campaign 1,TikTok,Image,Millennials,929,17,0,25.97,0
08-04-2024,Campaign 1,TikTok,Image,Gen X,305,4,0,17.73,0
08-04-2024,Campaign 1,TikTok,Carousel,Gen Z,4964,126,6,293.51,478.74
08-04-2024,Campaign 1,TikTok,Carousel,Millennials,432,12,0,29.35,0
08-04-2024,Campaign 1,TikTok,Carousel,Gen X,281,7,0,16.36,0
08-04-2024,Campaign 1,Facebook,Video,Gen Z,660,16,2,34.54,156.98
08-04-2024,Campaign 1,Facebook,Video,Millennials,2780,62,8,152.93,531.88
08-04-2024,Campaign 1,Facebook,Video,Gen X,1891,88,11,96.33,1069.73
08-04-2024,Campaign 1,Facebook,Image,Gen Z,683,8,0,22.24,0
08-04-2024,Campaign 1,Facebook,Image,Millennials,3619,29,0,211.12,0
08-04-2024,Campaign 1,Facebook,Image,Gen X,2846,14,0,118.07,0
08-04-2024,Campaign 1,Facebook,Carousel,Gen Z,872,12,0,47.76,0
08-04-2024,Campaign 1,Facebook,Carousel,Millennials,3977,47,2,261.74,158.95
08-04-2024,Campaign 1,Facebook,Carousel,Gen X,1775,28,1,120.44,94.44
09-04-2024,Campaign 1,Instagram,Video,Gen Z,1595,77,5,88.63,403.62
09-04-2024,Campaign 1,Instagram,Video,Millennials,3100,143,19,123.63,1388.9
09-04-2024,Campaign 1,Instagram,Video,Gen X,244,7,0,5.65,0
09-04-2024,Campaign 1,Instagram,Image,Gen Z,4328,84,3,100.2,246.22
09-04-2024,Campaign 1,Instagram,Image,Millennials,1803,30,1,50.35,95.6
09-04-2024,Campaign 1,Instagram,Image,Gen X,416,5,0,26.2,0
09-04-2024,Campaign 1,Instagram,Carousel,Gen Z,3231,76,5,133.79,423.2
09-04-2024,Campaign 1,Instagram,Carousel,Millennials,1521,19,1,57.1,67.06
09-04-2024,Campaign 1,Instagram,Carousel,Gen X,130,3,0,6.84,0
09-04-2024,Campaign 1,TikTok,Video,Gen Z,6774,148,10,356.89,927.46
09-04-2024,Campaign 1,TikTok,Video,Millennials,852,31,4,38.69,278.72
09-04-2024,Campaign 1,TikTok,Video,Gen X,193,8,0,11.3,0
09-04-2024,Campaign 1,TikTok,Image,Gen Z,3777,37,0,171.66,0
09-04-2024,Campaign 1,TikTok,Image,Millennials,682,7,0,41.65,0
09-04-2024,Campaign 1,TikTok,Image,Gen X,496,9,0,15.04,0
09-04-2024,Campaign 1,TikTok,Carousel,Gen Z,4272,48,3,200,285.13
09-04-2024,Campaign 1,TikTok,Carousel,Millennials,781,19,0,27.02,0
09-04-2024,Campaign 1,TikTok,Carousel,Gen X,461,6,0,20,0
09-04-2024,Campaign 1,Facebook,Video,Gen Z,1431,51,7,40.42,608.27
09-04-2024,Campaign 1,Facebook,Video,Millennials,5796,259,22,290.54,1271.89
09-04-2024,Campaign 1,Facebook,Video,Gen X,2215,61,6,104.26,491.29
09-04-2024,Campaign 1,Facebook,Image,Gen Z,657,5,0,17.13,0
09-04-2024,Campaign 1,Facebook,Image,Millennials,3826,58,0,108.59,0
09-04-2024,Campaign 1,Facebook,Image,Gen X,2893,23,1,84.76,55.06
09-04-2024,Campaign 1,Facebook,Carousel,Gen Z,1161,31,1,62.98,77.33
09-04-2024,Campaign 1,Facebook,Carousel,Millennials,3078,88,5,107.31,392.64
09-04-2024,Campaign 1,Facebook,Carousel,Gen X,2540,48,2,88.81,164.59
10-04-2024,Campaign 1,Instagram,Video,Gen Z,2567,65,3,108.13,152.34
10-04-2024,Campaign 1,Instagram,Video,Millennials,3033,147,14,114.97,827.05
10-04-2024,Campaign 1,Instagram,Video,Gen X,420,18,2,27.07,123.2
10-04-2024,Campaign 1,Instagram,Image,Gen Z,3555,26,0,214.85,0
10-04-2024,Campaign 1,Instagram,Image,Millennials,2243,21,0,131.01,0
10-04-2024,Campaign 1,Instagram,Image,Gen X,144,2,0,5.65,0
10-04-2024,Campaign 1,Instagram,Carousel,Gen Z,1530,28,1,46.84,88.11
10-04-2024,Campaign 1,Instagram,Carousel,Millennials,3779,86,5,160.49,398.69
10-04-2024,Campaign 1,Instagram,Carousel,Gen X,50,0,0,2.51,0
10-04-2024,Campaign 1,TikTok,Video,Gen Z,5970,273,32,284.57,2241.5
10-04-2024,Campaign 1,TikTok,Video,Millennials,823,25,1,22.06,91.51
10-04-2024,Campaign 1,TikTok,Video,Gen X,316,9,0,13.81,0
10-04-2024,Campaign 1,TikTok,Image,Gen Z,4324,25,0,254.77,0
10-04-2024,Campaign 1,TikTok,Image,Millennials,611,9,0,31.21,0
10-04-2024,Campaign 1,TikTok,Image,Gen X,254,3,0,14.63,0
10-04-2024,Campaign 1,TikTok,Carousel,Gen Z,6073,98,3,323.13,255.81
10-04-2024,Campaign 1,TikTok,Carousel,Millennials,725,10,0,24.79,0
10-04-2024,Campaign 1,TikTok,Carousel,Gen X,262,4,0,7.84,0
10-04-2024,Campaign 1,Facebook,Video,Gen Z,999,49,6,26.02,561.72
10-04-2024,Campaign 1,Facebook,Video,Millennials,3371,128,7,206.2,576.86
10-04-2024,Campaign 1,Facebook,Video,Gen X,2602,73,10,157.53,990.28
10-04-2024,Campaign 1,Facebook,Image,Gen Z,958,13,0,30.21,0
10-04-2024,Campaign 1,Facebook,Image,Millennials,5236,70,1,213.85,59.67
10-04-2024,Campaign 1,Facebook,Image,Gen X,2459,38,0,66.03,0
10-04-2024,Campaign 1,Facebook,Carousel,Gen Z,1078,24,1,39.1,70.76
10-04-2024,Campaign 1,Facebook,Carousel,Millennials,2646,58,3,137.8,279.17
10-04-2024,Campaign 1,Facebook,Carousel,Gen X,1931,35,1,54.09,99.59
11-04-2024,Campaign 1,Instagram,Video,Gen Z,2536,91,10,131.42,940.66
11-04-2024,Campaign 1,Instagram,Video,Millennials,2454,104,9,101.89,752.72
11-04-2024,Campaign 1,Instagram,Video,Gen X,383,15,2,13.72,190.06
11-04-2024,Campaign 1,Instagram,Image,Gen Z,2222,15,0,132.79,0
11-04-2024,Campaign 1,Instagram,Image,Millennials,1457,18,0,57.74,0
11-04-2024,Campaign 1,Instagram,Image,Gen X,301,3,0,17.86,0
11-04-2024,Campaign 1,Instagram,Carousel,Gen Z,1993,53,3,51.95,245.18
11-04-2024,Campaign 1,Instagram,Carousel,Millennials,1262,31,2,69.99,188.15
11-04-2024,Campaign 1,Instagram,Carousel,Gen X,134,2,0,6.88,0
11-04-2024,Campaign 1,TikTok,Video,Gen Z,4295,175,16,205.92,1246.13
11-04-2024,Campaign 1,TikTok,Video,Millennials,501,17,1,20.19,56.33
11-04-2024,Campaign 1,TikTok,Video,Gen X,54,1,0,3.42,0
11-04-2024,Campaign 1,TikTok,Image,Gen Z,4057,30,0,228.89,0
11-04-2024,Campaign 1,TikTok,Image,Millennials,968,12,0,47.48,0
11-04-2024,Campaign 1,TikTok,Image,Gen X,271,4,0,17.77,0
11-04-2024,Campaign 1,TikTok,Carousel,Gen Z,4158,44,2,208.29,107.88
11-04-2024,Campaign 1,TikTok,Carousel,Millennials,611,12,0,15.72,0
11-04-2024,Campaign 1,TikTok,Carousel,Gen X,423,5,0,25.88,0
11-04-2024,Campaign 1,Facebook,Video,Gen Z,702,29,2,37.69,176.4
11-04-2024,Campaign 1,Facebook,Video,Millennials,2926,63,4,157.89,217.05
11-04-2024,Campaign 1,Facebook,Video,Gen X,1982,80,11,80.79,648.91
11-04-2024,Campaign 1,Facebook,Image,Gen Z,1486,17,0,49.67,0
11-04-2024,Campaign 1,Facebook,Image,Millennials,3391,44,1,118.39,80.16
11-04-2024,Campaign 1,Facebook,Image,Gen X,2219,25,0,144.77,0
11-04-2024,Campaign 1,Facebook,Carousel,Gen Z,1033,25,0,28.39,0
11-04-2024,Campaign 1,Facebook,Carousel,Millennials,5135,108,4,319.02,331.96
11-04-2024,Campaign 1,Facebook,Carousel,Gen X,1785,28,1,101.3,62.29
12-04-2024,Campaign 1,Instagram,Video,Gen Z,4474,106,9,282.93,563.6
12-04-2024,Campaign 1,Instagram,Video,Millennials,2768,131,14,84.89,1177.93
12-04-2024,Campaign 1,Instagram,Video,Gen X,239,9,0,16.18,0
12-04-2024,Campaign 1,Instagram,Image,Gen Z,2784,44,1,82.57,91.8
12-04-2024,Campaign 1,Instagram,Image,Millennials,1284,11,0,35.63,0
12-04-2024,Campaign 1,Instagram,Image,Gen X,86,0,0,4.88,0
12-04-2024,Campaign 1,Instagram,Carousel,Gen Z,2889,55,2,86.67,116.76
12-04-2024,Campaign 1,Instagram,Carousel,Millennials,2124,39,0,137.02,0
12-04-2024,Campaign 1,Instagram,Carousel,Gen X,192,4,0,4.88,0
12-04-2024,Campaign 1,TikTok,Video,Gen Z,5336,134,6,129.28,452.21
12-04-2024,Campaign 1,TikTok,Video,Millennials,603,14,1,22.74,60.9
12-04-2024,Campaign 1,TikTok,Video,Gen X,317,9,1,9.71,62.93
12-04-2024,Campaign 1,TikTok,Image,Gen Z,5345,72,2,353.38,108.35
12-04-2024,Campaign 1,TikTok,Image,Millennials,893,12,0,27.93,0
12-04-2024,Campaign 1,TikTok,Image,Gen X,326,4,0,12.21,0
12-04-2024,Campaign 1,TikTok,Carousel,Gen Z,6907,183,12,386.15,1075.99
12-04-2024,Campaign 1,TikTok,Carousel,Millennials,403,9,0,18.64,0
12-04-2024,Campaign 1,TikTok,Carousel,Gen X,132,2,0,7.61,0
12-04-2024,Campaign 1,Facebook,Video,Gen Z,761,21,1,22.92,91.15
12-04-2024,Campaign 1,Facebook,Video,Millennials,5208,199,13,207.93,954.09
12-04-2024,Campaign 1,Facebook,Video,Gen X,1248,32,3,63.34,180.95
12-04-2024,Campaign 1,Facebook,Image,Gen Z,687,10,0,19.91,0
12-04-2024,Campaign 1,Facebook,Image,Millennials,5082,55,2,276.74,143.01
12-04-2024,Campaign 1,Facebook,Image,Gen X,1408,14,0,43.24,0
12-04-2024,Campaign 1,Facebook,Carousel,Gen Z,1238,24,0,70.49,0
12-04-2024,Campaign 1,Facebook,Carousel,Millennials,5597,131,6,270.04,317.41
12-04-2024,Campaign 1,Facebook,Carousel,Gen X,1342,33,2,40.28,159.28
13-04-2024,Campaign 1,Instagram,Video,Gen Z,4586,136,13,229.16,836.78
13-04-2024,Campaign 1,Instagram,Video,Millennials,3104,71,6,142.45,598.75
13-04-2024,Campaign 1,Instagram,Video,Gen X,493,21,3,20.82,226.9
13-04-2024,Campaign 1,Instagram,Image,Gen Z,4502,63,1,162.36,92.73
13-04-2024,Campaign 1,Instagram,Image,Millennials,3759,29,1,89.68,68.77
13-04-2024,Campaign 1,Instagram,Image,Gen X,125,2,0,6.43,0
13-04-2024,Campaign 1,Instagram,Carousel,Gen Z,2485,57,4,101.98,238.47
13-04-2024,Campaign 1,Instagram,Carousel,Millennials,3845,78,2,243.88,197.12
13-04-2024,Campaign 1,Instagram,Carousel,Gen X,139,2,0,9.16,0
13-04-2024,Campaign 1,TikTok,Video,Gen Z,6988,252,24,414.72,2004.48
13-04-2024,Campaign 1,TikTok,Video,Millennials,306,10,0,9.89,0
13-04-2024,Campaign 1,TikTok,Video,Gen X,263,6,0,16.18,0
13-04-2024,Campaign 1,TikTok,Image,Gen Z,7394,94,2,344.13,177.9
13-04-2024,Campaign 1,TikTok,Image,Millennials,388,6,0,23.47,0
13-04-2024,Campaign 1,TikTok,Image,Gen X,63,1,0,1.64,0
13-04-2024,Campaign 1,TikTok,Carousel,Gen Z,3454,77,4,164.73,241.05
13-04-2024,Campaign 1,TikTok,Carousel,Millennials,925,24,1,41.65,55.7
13-04-2024,Campaign 1,TikTok,Carousel,Gen X,462,7,0,26.34,0
13-04-2024,Campaign 1,Facebook,Video,Gen Z,1308,52,5,39.78,494.61
13-04-2024,Campaign 1,Facebook,Video,Millennials,3389,111,10,211.85,697.61
13-04-2024,Campaign 1,Facebook,Video,Gen X,1473,29,4,51.77,207.79
13-04-2024,Campaign 1,Facebook,Image,Gen Z,559,10,0,35.63,0
13-04-2024,Campaign 1,Facebook,Image,Millennials,2300,38,1,110.32,98.38
13-04-2024,Campaign 1,Facebook,Image,Gen X,2348,25,1,79.61,91.94
13-04-2024,Campaign 1,Facebook,Carousel,Gen Z,995,22,0,45.61,0
13-04-2024,Campaign 1,Facebook,Carousel,Millennials,3274,79,5,111.69,403.31
13-04-2024,Campaign 1,Facebook,Carousel,Gen X,1790,33,1,92.32,90.03
14-04-2024,Campaign 1,Instagram,Video,Gen Z,4616,214,27,221.55,1449.73
14-04-2024,Campaign 1,Instagram,Video,Millennials,1973,81,8,50.03,467.95
14-04-2024,Campaign 1,Instagram,Video,Gen X,240,11,1,14.17,84.08
14-04-2024,Campaign 1,Instagram,Image,Gen Z,2289,20,0,107.22,0
14-04-2024,Campaign 1,Instagram,Image,Millennials,3854,30,1,93.32,55.94
14-04-2024,Campaign 1,Instagram,Image,Gen X,103,0,0,5.65,0
14-04-2024,Campaign 1,Instagram,Carousel,Gen Z,1703,28,2,39.05,102.76
14-04-2024,Campaign 1,Instagram,Carousel,Millennials,3863,52,3,112.01,238.41
14-04-2024,Campaign 1,Instagram,Carousel,Gen X,145,3,0,4.88,0
14-04-2024,Campaign 1,TikTok,Video,Gen Z,6350,292,18,327.82,1548.07
14-04-2024,Campaign 1,TikTok,Video,Millennials,500,10,0,15.22,0
14-04-2024,Campaign 1,TikTok,Video,Gen X,411,14,0,26.61,0
14-04-2024,Campaign 1,TikTok,Image,Gen Z,5526,57,2,155.66,131.07
14-04-2024,Campaign 1,TikTok,Image,Millennials,587,10,0,15.36,0
14-04-2024,Campaign 1,TikTok,Image,Gen X,267,5,0,6.52,0
14-04-2024,Campaign 1,TikTok,Carousel,Gen Z,5472,59,4,128.96,389.53
14-04-2024,Campaign 1,TikTok,Carousel,Millennials,862,11,0,54.09,0
14-04-2024,Campaign 1,TikTok,Carousel,Gen X,286,3,0,13.9,0
14-04-2024,Campaign 1,Facebook,Video,Gen Z,1269,41,2,47.48,176.36
14-04-2024,Campaign 1,Facebook,Video,Millennials,4419,159,14,297.47,1107.48
14-04-2024,Campaign 1,Facebook,Video,Gen X,2700,114,12,139.21,745.26
14-04-2024,Campaign 1,Facebook,Image,Gen Z,777,6,0,21.69,0
14-04-2024,Campaign 1,Facebook,Image,Millennials,3466,36,0,94.6,0
14-04-2024,Campaign 1,Facebook,Image,Gen X,2992,48,1,167.19,72.8
14-04-2024,Campaign 1,Facebook,Carousel,Gen Z,629,11,0,41.65,0
14-04-2024,Campaign 1,Facebook,Carousel,Millennials,2450,69,2,148.96,115.02
14-04-2024,Campaign 1,Facebook,Carousel,Gen X,2087,42,3,86.31,299.83
15-04-2024,Campaign 1,Instagram,Video,Gen Z,1974,47,4,108.41,276.99
15-04-2024,Campaign 1,Instagram,Video,Millennials,1829,81,6,108.04,386.47
15-04-2024,Campaign 1,Instagram,Video,Gen X,451,18,2,15.08,177.31
15-04-2024,Campaign 1,Instagram,Image,Gen Z,2078,27,1,111.19,70.19
15-04-2024,Campaign 1,Instagram,Image,Millennials,3812,69,3,104.31,190.78
15-04-2024,Campaign 1,Instagram,Image,Gen X,201,3,0,12.26,0
15-04-2024,Campaign 1,Instagram,Carousel,Gen Z,3905,53,3,246.02,194.54
15-04-2024,Campaign 1,Instagram,Carousel,Millennials,2086,21,0,139.62,0
15-04-2024,Campaign 1,Instagram,Carousel,Gen X,253,3,0,7.7,0
15-04-2024,Campaign 1,TikTok,Video,Gen Z,3098,73,9,100.89,889.83
15-04-2024,Campaign 1,TikTok,Video,Millennials,731,22,2,44.11,176.62
15-04-2024,Campaign 1,TikTok,Video,Gen X,74,3,0,3.01,0
15-04-2024,Campaign 1,TikTok,Image,Gen Z,3623,69,0,90.09,0
15-04-2024,Campaign 1,TikTok,Image,Millennials,368,4,0,17.13,0
15-04-2024,Campaign 1,TikTok,Image,Gen X,355,5,0,23.19,0
15-04-2024,Campaign 1,TikTok,Carousel,Gen Z,3947,83,2,93.96,117.15
15-04-2024,Campaign 1,TikTok,Carousel,Millennials,834,14,1,51.22,68.83
15-04-2024,Campaign 1,TikTok,Carousel,Gen X,85,1,0,4.47,0
15-04-2024,Campaign 1,Facebook,Video,Gen Z,1238,37,4,41.51,292.25
15-04-2024,Campaign 1,Facebook,Video,Millennials,2582,73,6,69.63,333.68
15-04-2024,Campaign 1,Facebook,Video,Gen X,2470,87,5,98.15,418.19
15-04-2024,Campaign 1,Facebook,Image,Gen Z,799,7,0,18.27,0
15-04-2024,Campaign 1,Facebook,Image,Millennials,5268,34,0,247.3,0
15-04-2024,Campaign 1,Facebook,Image,Gen X,2031,14,0,101.16,0
15-04-2024,Campaign 1,Facebook,Carousel,Gen Z,912,19,1,43.11,95.4
15-04-2024,Campaign 1,Facebook,Carousel,Millennials,4016,85,5,188.88,358.56
15-04-2024,Campaign 1,Facebook,Carousel,Gen X,2081,51,3,74.82,208.12
16-04-2024,Campaign 1,Instagram,Video,Gen Z,4141,134,10,183.14,546.61
16-04-2024,Campaign 1,Instagram,Video,Millennials,3314,123,16,215.86,1068.83
16-04-2024,Campaign 1,Instagram,Video,Gen X,204,5,0,13.53,0
16-04-2024,Campaign 1,Instagram,Image,Gen Z,1873,17,0,76.55,0
16-04-2024,Campaign 1,Instagram,Image,Millennials,1544,27,1,70.95,67.26
16-04-2024,Campaign 1,Instagram,Image,Gen X,196,2,0,5.38,0
16-04-2024,Campaign 1,Instagram,Carousel,Gen Z,3455,69,5,177.63,460.08
16-04-2024,Campaign 1,Instagram,Carousel,Millennials,1518,41,2,46.34,118.98
16-04-2024,Campaign 1,Instagram,Carousel,Gen X,183,2,0,5.92,0
16-04-2024,Campaign 1,TikTok,Video,Gen Z,6854,309,26,289.5,2576.49
16-04-2024,Campaign 1,TikTok,Video,Millennials,318,14,0,12.85,0
16-04-2024,Campaign 1,TikTok,Video,Gen X,141,5,0,4.97,0
16-04-2024,Campaign 1,TikTok,Image,Gen Z,5492,39,1,177.03,71.65
16-04-2024,Campaign 1,TikTok,Image,Millennials,933,7,0,62.7,0
16-04-2024,Campaign 1,TikTok,Image,Gen X,278,3,0,10.62,0
16-04-2024,Campaign 1,TikTok,Carousel,Gen Z,5190,121,4,158.4,316.15
16-04-2024,Campaign 1,TikTok,Carousel,Millennials,679,13,0,46.12,0
16-04-2024,Campaign 1,TikTok,Carousel,Gen X,90,1,0,2.46,0
16-04-2024,Campaign 1,Facebook,Video,Gen Z,975,23,1,40.65,59.73
16-04-2024,Campaign 1,Facebook,Video,Millennials,2112,87,9,140.4,459.65
16-04-2024,Campaign 1,Facebook,Video,Gen X,1910,69,10,81.16,820.94
16-04-2024,Campaign 1,Facebook,Image,Gen Z,1283,9,0,70.86,0
16-04-2024,Campaign 1,Facebook,Image,Millennials,5364,75,1,342.54,58.72
16-04-2024,Campaign 1,Facebook,Image,Gen X,1506,8,0,50.44,0
16-04-2024,Campaign 1,Facebook,Carousel,Gen Z,1018,24,0,49.4,0
16-04-2024,Campaign 1,Facebook,Carousel,Millennials,4768,98,2,227.98,100.13
16-04-2024,Campaign 1,Facebook,Carousel,Gen X,2948,67,5,118.16,459.53
17-04-2024,Campaign 1,Instagram,Video,Gen Z,4080,92,9,132.65,691.39
17-04-2024,Campaign 1,Instagram,Video,Millennials,2886,78,5,158.35,294.3
17-04-2024,Campaign 1,Instagram,Video,Gen X,160,7,0,5.88,0
17-04-2024,Campaign 1,Instagram,Image,Gen Z,1811,12,0,49.44,0
17-04-2024,Campaign 1,Instagram,Image,Millennials,1580,19,0,76.78,0
17-04-2024,Campaign 1,Instagram,Image,Gen X,454,6,0,17.54,0
17-04-2024,Campaign 1,Instagram,Carousel,Gen Z,3246,64,2,122.21,196.09
17-04-2024,Campaign 1,Instagram,Carousel,Millennials,3855,90,5,94.65,295.85
17-04-2024,Campaign 1,Instagram,Carousel,Gen X,288,7,0,10.62,0
17-04-2024,Campaign 1,TikTok,Video,Gen Z,3110,85,7,78.7,633.46
17-04-2024,Campaign 1,TikTok,Video,Millennials,847,31,2,40.15,119.76
17-04-2024,Campaign 1,TikTok,Video,Gen X,281,8,0,12.12,0
17-04-2024,Campaign 1,TikTok,Image,Gen Z,2653,17,0,142.22,0
17-04-2024,Campaign 1,TikTok,Image,Millennials,297,2,0,12.26,0
17-04-2024,Campaign 1,TikTok,Image,Gen X,155,1,0,4.69,0
17-04-2024,Campaign 1,TikTok,Carousel,Gen Z,6071,136,7,286.94,625.05
17-04-2024,Campaign 1,TikTok,Carousel,Millennials,430,9,0,20.92,0
17-04-2024,Campaign 1,TikTok,Carousel,Gen X,402,10,0,15.31,0
17-04-2024,Campaign 1,Facebook,Video,Gen Z,531,22,2,22.88,130.86
17-04-2024,Campaign 1,Facebook,Video,Millennials,4713,218,26,248.21,2253.79
17-04-2024,Campaign 1,Facebook,Video,Gen X,1175,35,2,74.37,105.5
17-04-2024,Campaign 1,Facebook,Image,Gen Z,1277,16,0,50.67,0
17-04-2024,Campaign 1,Facebook,Image,Millennials,4565,90,3,180.04,220.56
17-04-2024,Campaign 1,Facebook,Image,Gen X,1124,15,0,64.93,0
17-04-2024,Campaign 1,Facebook,Carousel,Gen Z,589,15,0,19.18,0
17-04-2024,Campaign 1,Facebook,Carousel,Millennials,5968,84,2,333.47,151.11
17-04-2024,Campaign 1,Facebook,Carousel,Gen X,1162,32,2,75.92,122.01
18-04-2024,Campaign 1,Instagram,Video,Gen Z,3068,86,10,123.58,885.45
18-04-2024,Campaign 1,Instagram,Video,Millennials,3165,136,10,119.48,553.95
18-04-2024,Campaign 1,Instagram,Video,Gen X,350,16,1,14.67,60.11
18-04-2024,Campaign 1,Instagram,Image,Gen Z,2418,24,0,149.33,0
18-04-2024,Campaign 1,Instagram,Image,Millennials,2384,38,1,136.34,61.36
18-04-2024,Campaign 1,Instagram,Image,Gen X,429,6,0,18.68,0
18-04-2024,Campaign 1,Instagram,Carousel,Gen Z,4593,117,6,291.64,351.59
18-04-2024,Campaign 1,Instagram,Carousel,Millennials,3663,41,2,174.16,152.58
18-04-2024,Campaign 1,Instagram,Carousel,Gen X,482,7,0,14.99,0
18-04-2024,Campaign 1,TikTok,Video,Gen Z,4202,124,10,135.66,722.81
18-04-2024,Campaign 1,TikTok,Video,Millennials,379,10,0,11.3,0
18-04-2024,Campaign 1,TikTok,Video,Gen X,303,9,0,13.85,0
18-04-2024,Campaign 1,TikTok,Image,Gen Z,4373,59,1,257.73,51.72
18-04-2024,Campaign 1,TikTok,Image,Millennials,739,10,0,43.15,0
18-04-2024,Campaign 1,TikTok,Image,Gen X,177,1,0,8.07,0
18-04-2024,Campaign 1,TikTok,Carousel,Gen Z,3962,52,1,170.7,85.61
18-04-2024,Campaign 1,TikTok,Carousel,Millennials,850,24,0,33.72,0
18-04-2024,Campaign 1,TikTok,Carousel,Gen X,146,2,0,3.55,0
18-04-2024,Campaign 1,Facebook,Video,Gen Z,810,38,3,47.85,199.9
18-04-2024,Campaign 1,Facebook,Video,Millennials,5349,138,18,169.24,1045.45
18-04-2024,Campaign 1,Facebook,Video,Gen X,1971,42,4,86.85,385.57
18-04-2024,Campaign 1,Facebook,Image,Gen Z,768,15,0,50.63,0
18-04-2024,Campaign 1,Facebook,Image,Millennials,3111,55,1,192.98,91.56
18-04-2024,Campaign 1,Facebook,Image,Gen X,2737,16,0,185.96,0
18-04-2024,Campaign 1,Facebook,Carousel,Gen Z,1056,18,0,46.21,0
18-04-2024,Campaign 1,Facebook,Carousel,Millennials,4248,75,3,147.64,156.71
18-04-2024,Campaign 1,Facebook,Carousel,Gen X,2602,71,1,164.73,60.96
19-04-2024,Campaign 1,Instagram,Video,Gen Z,2035,74,10,55.78,673.51
19-04-2024,Campaign 1,Instagram,Video,Millennials,2864,117,14,182.32,736.86
19-04-2024,Campaign 1,Instagram,Video,Gen X,129,4,0,3.14,0
19-04-2024,Campaign 1,Instagram,Image,Gen Z,3974,63,1,178.17,90.7
19-04-2024,Campaign 1,Instagram,Image,Millennials,3280,27,0,215.22,0
19-04-2024,Campaign 1,Instagram,Image,Gen X,185,1,0,8.66,0
19-04-2024,Campaign 1,Instagram,Carousel,Gen Z,1817,39,1,123.81,70.02
19-04-2024,Campaign 1,Instagram,Carousel,Millennials,2369,30,0,76.01,0
19-04-2024,Campaign 1,Instagram,Carousel,Gen X,306,3,0,9.34,0
19-04-2024,Campaign 1,TikTok,Video,Gen Z,5657,252,37,143.9,2138.93
19-04-2024,Campaign 1,TikTok,Video,Millennials,707,22,2,23.97,105.22
19-04-2024,Campaign 1,TikTok,Video,Gen X,331,12,1,9.25,95.45
19-04-2024,Campaign 1,TikTok,Image,Gen Z,6381,33,0,255.36,0
19-04-2024,Campaign 1,TikTok,Image,Millennials,474,4,0,17.22,0
19-04-2024,Campaign 1,TikTok,Image,Gen X,183,2,0,5.1,0
19-04-2024,Campaign 1,TikTok,Carousel,Gen Z,4705,70,1,137.39,92.68
19-04-2024,Campaign 1,TikTok,Carousel,Millennials,356,9,0,19.05,0
19-04-2024,Campaign 1,TikTok,Carousel,Gen X,69,1,0,2.14,0
19-04-2024,Campaign 1,Facebook,Video,Gen Z,1278,61,8,60.74,630.92
19-04-2024,Campaign 1,Facebook,Video,Millennials,2263,75,8,122.53,605.09
19-04-2024,Campaign 1,Facebook,Video,Gen X,1423,47,4,57.14,237.05
19-04-2024,Campaign 1,Facebook,Image,Gen Z,722,11,0,33.54,0
19-04-2024,Campaign 1,Facebook,Image,Millennials,2013,14,0,71.95,0
19-04-2024,Campaign 1,Facebook,Image,Gen X,1491,29,0,60.74,0
19-04-2024,Campaign 1,Facebook,Carousel,Gen Z,641,17,0,19.87,0
19-04-2024,Campaign 1,Facebook,Carousel,Millennials,3652,70,5,157.07,321.23
19-04-2024,Campaign 1,Facebook,Carousel,Gen X,1766,43,2,120.53,190
20-04-2024,Campaign 1,Instagram,Video,Gen Z,2434,69,10,117.38,686.63
20-04-2024,Campaign 1,Instagram,Video,Millennials,1758,38,5,78.65,424.37
20-04-2024,Campaign 1,Instagram,Video,Gen X,450,20,2,26.43,117.94
20-04-2024,Campaign 1,Instagram,Image,Gen Z,2567,50,1,151.42,74.52
20-04-2024,Campaign 1,Instagram,Image,Millennials,3637,38,1,177.53,73.63
20-04-2024,Campaign 1,Instagram,Image,Gen X,385,7,0,12.76,0
20-04-2024,Campaign 1,Instagram,Carousel,Gen Z,3957,45,3,167.74,237.19
20-04-2024,Campaign 1,Instagram,Carousel,Millennials,3707,45,2,126.18,197.71
20-04-2024,Campaign 1,Instagram,Carousel,Gen X,357,10,0,22.69,0
20-04-2024,Campaign 1,TikTok,Video,Gen Z,3553,93,9,208.38,591.44
20-04-2024,Campaign 1,TikTok,Video,Millennials,738,17,1,45.8,69.95
20-04-2024,Campaign 1,TikTok,Video,Gen X,483,23,3,32.81,271.15
20-04-2024,Campaign 1,TikTok,Image,Gen Z,5378,77,1,349.33,77.92
20-04-2024,Campaign 1,TikTok,Image,Millennials,331,2,0,13.94,0
20-04-2024,Campaign 1,TikTok,Image,Gen X,281,2,0,9.89,0
20-04-2024,Campaign 1,TikTok,Carousel,Gen Z,2710,63,4,140.58,272.83
20-04-2024,Campaign 1,TikTok,Carousel,Millennials,463,10,0,15.04,0
20-04-2024,Campaign 1,TikTok,Carousel,Gen X,489,11,0,18.23,0
20-04-2024,Campaign 1,Facebook,Video,Gen Z,1484,44,5,46.25,366.16
20-04-2024,Campaign 1,Facebook,Video,Millennials,4622,199,28,135.11,1926.02
20-04-2024,Campaign 1,Facebook,Video,Gen X,1948,67,3,96.97,263.81
20-04-2024,Campaign 1,Facebook,Image,Gen Z,567,6,0,36,0
20-04-2024,Campaign 1,Facebook,Image,Millennials,5616,102,4,231.72,313.75
20-04-2024,Campaign 1,Facebook,Image,Gen X,2241,18,0,73.09,0
20-04-2024,Campaign 1,Facebook,Carousel,Gen Z,1084,16,0,35.68,0
20-04-2024,Campaign 1,Facebook,Carousel,Millennials,3522,100,6,88.58,551.18
20-04-2024,Campaign 1,Facebook,Carousel,Gen X,1844,41,2,115.65,185.21
21-04-2024,Campaign 1,Instagram,Video,Gen Z,3860,107,13,259.92,1036.66
21-04-2024,Campaign 1,Instagram,Video,Millennials,1946,39,5,86.31,449.55
21-04-2024,Campaign 1,Instagram,Video,Gen X,430,20,1,18.27,76.4
21-04-2024,Campaign 1,Instagram,Image,Gen Z,2751,51,1,115.83,92.49
21-04-2024,Campaign 1,Instagram,Image,Millennials,3191,28,0,143.72,0
21-04-2024,Campaign 1,Instagram,Image,Gen X,457,8,0,23.7,0
21-04-2024,Campaign 1,Instagram,Carousel,Gen Z,1830,40,1,82.62,53.71
21-04-2024,Campaign 1,Instagram,Carousel,Millennials,2229,43,1,64.71,84.38
21-04-2024,Campaign 1,Instagram,Carousel,Gen X,90,2,0,2.51,0
21-04-2024,Campaign 1,TikTok,Video,Gen Z,6803,230,28,194.71,2116.95
21-04-2024,Campaign 1,TikTok,Video,Millennials,637,20,1,34.81,72.81
21-04-2024,Campaign 1,TikTok,Video,Gen X,73,3,0,4.28,0
21-04-2024,Campaign 1,TikTok,Image,Gen Z,6702,93,1,217,64.14
21-04-2024,Campaign 1,TikTok,Image,Millennials,664,8,0,37.91,0
21-04-2024,Campaign 1,TikTok,Image,Gen X,54,0,0,2.87,0
21-04-2024,Campaign 1,TikTok,Carousel,Gen Z,3040,85,1,113.92,78.46
21-04-2024,Campaign 1,TikTok,Carousel,Millennials,352,8,0,14.49,0
21-04-2024,Campaign 1,TikTok,Carousel,Gen X,50,1,0,1.78,0
21-04-2024,Campaign 1,Facebook,Video,Gen Z,877,29,3,24.11,188.03
21-04-2024,Campaign 1,Facebook,Video,Millennials,5418,132,12,132.97,610.68
21-04-2024,Campaign 1,Facebook,Video,Gen X,1390,59,7,50.17,675.86
21-04-2024,Campaign 1,Facebook,Image,Gen Z,1188,19,0,47.16,0
21-04-2024,Campaign 1,Facebook,Image,Millennials,4504,30,0,269.63,0
21-04-2024,Campaign 1,Facebook,Image,Gen X,1206,18,0,56.19,0
21-04-2024,Campaign 1,Facebook,Carousel,Gen Z,701,19,0,43.06,0
21-04-2024,Campaign 1,Facebook,Carousel,Millennials,5451,59,1,254.54,87.92
21-04-2024,Campaign 1,Facebook,Carousel,Gen X,2224,54,4,95.97,234.63
22-04-2024,Campaign 1,Instagram,Video,Gen Z,4641,140,17,238.14,1203.43
22-04-2024,Campaign 1,Instagram,Video,Millennials,1730,36,1,104.99,79.57
22-04-2024,Campaign 1,Instagram,Video,Gen X,366,14,0,19.96,0
22-04-2024,Campaign 1,Instagram,Image,Gen Z,4492,34,1,258.6,71.47
22-04-2024,Campaign 1,Instagram,Image,Millennials,3600,60,1,237.68,67.86
22-04-2024,Campaign 1,Instagram,Image,Gen X,448,3,0,11.8,0
22-04-2024,Campaign 1,Instagram,Carousel,Gen Z,2495,34,2,136.75,108.67
22-04-2024,Campaign 1,Instagram,Carousel,Millennials,1272,32,2,69.99,107.98
22-04-2024,Campaign 1,Instagram,Carousel,Gen X,284,4,0,13.03,0
22-04-2024,Campaign 1,TikTok,Video,Gen Z,7245,347,18,419.05,1550.45
22-04-2024,Campaign 1,TikTok,Video,Millennials,449,21,2,20.87,120.43
22-04-2024,Campaign 1,TikTok,Video,Gen X,239,7,0,13.72,0
22-04-2024,Campaign 1,TikTok,Image,Gen Z,3886,54,0,223.47,0
22-04-2024,Campaign 1,TikTok,Image,Millennials,357,2,0,17.09,0
22-04-2024,Campaign 1,TikTok,Image,Gen X,117,0,0,3.28,0
22-04-2024,Campaign 1,TikTok,Carousel,Gen Z,6558,143,4,257.37,372.4
22-04-2024,Campaign 1,TikTok,Carousel,Millennials,857,9,0,27.8,0
22-04-2024,Campaign 1,TikTok,Carousel,Gen X,465,5,0,24.42,0
22-04-2024,Campaign 1,Facebook,Video,Gen Z,1456,32,1,96.29,86.23
22-04-2024,Campaign 1,Facebook,Video,Millennials,2869,141,18,184.55,1128.91
22-04-2024,Campaign 1,Facebook,Video,Gen X,2362,71,4,115.56,315.25
22-04-2024,Campaign 1,Facebook,Image,Gen Z,835,16,0,50.22,0
22-04-2024,Campaign 1,Facebook,Image,Millennials,2094,29,0,94.83,0
22-04-2024,Campaign 1,Facebook,Image,Gen X,2750,14,0,75.14,0
22-04-2024,Campaign 1,Facebook,Carousel,Gen Z,944,10,0,35.32,0
22-04-2024,Campaign 1,Facebook,Carousel,Millennials,3124,49,2,145.77,113.49
22-04-2024,Campaign 1,Facebook,Carousel,Gen X,1844,34,1,112.01,90.12
23-04-2024,Campaign 1,Instagram,Video,Gen Z,3517,105,6,110.87,573.38
23-04-2024,Campaign 1,Instagram,Video,Millennials,2246,90,6,84.98,464.6
23-04-2024,Campaign 1,Instagram,Video,Gen X,373,9,1,16.86,91.13
23-04-2024,Campaign 1,Instagram,Image,Gen Z,3556,25,1,104.72,94.57
23-04-2024,Campaign 1,Instagram,Image,Millennials,3281,39,1,206.38,98.21
23-04-2024,Campaign 1,Instagram,Image,Gen X,230,2,0,10.75,0
23-04-2024,Campaign 1,Instagram,Carousel,Gen Z,3515,59,4,103.49,326.48
23-04-2024,Campaign 1,Instagram,Carousel,Millennials,1836,22,0,88.95,0
23-04-2024,Campaign 1,Instagram,Carousel,Gen X,61,0,0,3.42,0
23-04-2024,Campaign 1,TikTok,Video,Gen Z,3986,148,9,123.17,468.59
23-04-2024,Campaign 1,TikTok,Video,Millennials,505,16,1,33.81,84.73
23-04-2024,Campaign 1,TikTok,Video,Gen X,395,14,1,26.48,71.75
23-04-2024,Campaign 1,TikTok,Image,Gen Z,6020,93,3,216.81,195.52
23-04-2024,Campaign 1,TikTok,Image,Millennials,444,2,0,23.1,0
23-04-2024,Campaign 1,TikTok,Image,Gen X,124,2,0,3.87,0
23-04-2024,Campaign 1,TikTok,Carousel,Gen Z,5580,60,3,145.32,220.09
23-04-2024,Campaign 1,TikTok,Carousel,Millennials,396,4,0,15.72,0
23-04-2024,Campaign 1,TikTok,Carousel,Gen X,297,3,0,10.25,0
23-04-2024,Campaign 1,Facebook,Video,Gen Z,635,25,1,15.31,70.74
23-04-2024,Campaign 1,Facebook,Video,Millennials,3830,105,13,107.91,890.48
23-04-2024,Campaign 1,Facebook,Video,Gen X,1302,28,3,63.34,202.41
23-04-2024,Campaign 1,Facebook,Image,Gen Z,988,13,0,45.48,0
23-04-2024,Campaign 1,Facebook,Image,Millennials,4407,65,1,128.68,57.83
23-04-2024,Campaign 1,Facebook,Image,Gen X,2935,15,0,80.79,0
23-04-2024,Campaign 1,Facebook,Carousel,Gen Z,1400,37,2,70.63,186.07
23-04-2024,Campaign 1,Facebook,Carousel,Millennials,5593,134,8,226.02,673.13
23-04-2024,Campaign 1,Facebook,Carousel,Gen X,1840,36,1,67.99,93.52
24-04-2024,Campaign 1,Instagram,Video,Gen Z,1843,44,2,110.46,191.84
24-04-2024,Campaign 1,Instagram,Video,Millennials,2298,102,14,144.13,923.57
24-04-2024,Campaign 1,Instagram,Video,Gen X,288,12,0,19.64,0
24-04-2024,Campaign 1,Instagram,Image,Gen Z,3311,60,1,160.22,71.67
24-04-2024,Campaign 1,Instagram,Image,Millennials,2745,23,1,171.06,50.91
24-04-2024,Campaign 1,Instagram,Image,Gen X,421,2,0,25.2,0
24-04-2024,Campaign 1,Instagram,Carousel,Gen Z,2189,50,2,73.18,154.24
24-04-2024,Campaign 1,Instagram,Carousel,Millennials,3347,64,4,193.21,362.39
24-04-2024,Campaign 1,Instagram,Carousel,Gen X,222,3,0,7.75,0
24-04-2024,Campaign 1,TikTok,Video,Gen Z,4234,87,4,281.43,255.43
24-04-2024,Campaign 1,TikTok,Video,Millennials,719,33,3,20.87,234.77
24-04-2024,Campaign 1,TikTok,Video,Gen X,251,6,0,13.76,0
24-04-2024,Campaign 1,TikTok,Image,Gen Z,5308,104,3,332.42,239.81
24-04-2024,Campaign 1,TikTok,Image,Millennials,522,2,0,14.22,0
24-04-2024,Campaign 1,TikTok,Image,Gen X,193,1,0,12.58,0
24-04-2024,Campaign 1,TikTok,Carousel,Gen Z,6851,88,6,431.81,439.84
24-04-2024,Campaign 1,TikTok,Carousel,Millennials,891,24,1,37.91,87.93
24-04-2024,Campaign 1,TikTok,Carousel,Gen X,405,7,0,12.49,0
24-04-2024,Campaign 1,Facebook,Video,Gen Z,1481,33,4,66.12,365.43
24-04-2024,Campaign 1,Facebook,Video,Millennials,2121,61,4,125.59,255.51
24-04-2024,Campaign 1,Facebook,Video,Gen X,2211,49,4,133.83,294.68
24-04-2024,Campaign 1,Facebook,Image,Gen Z,709,11,0,21.51,0
24-04-2024,Campaign 1,Facebook,Image,Millennials,5878,108,2,267.9,142.24
24-04-2024,Campaign 1,Facebook,Image,Gen X,2214,38,1,120.25,75.31
24-04-2024,Campaign 1,Facebook,Carousel,Gen Z,939,18,1,45.75,94.66
24-04-2024,Campaign 1,Facebook,Carousel,Millennials,4617,48,1,225.2,86.89
24-04-2024,Campaign 1,Facebook,Carousel,Gen X,2405,27,1,140.03,62.26
25-04-2024,Campaign 1,Instagram,Video,Gen Z,2317,49,3,92.28,177.39
25-04-2024,Campaign 1,Instagram,Video,Millennials,1879,80,10,43.2,750.62
25-04-2024,Campaign 1,Instagram,Video,Gen X,206,4,0,5.83,0
25-04-2024,Campaign 1,Instagram,Image,Gen Z,2844,34,1,83.71,59.26
25-04-2024,Campaign 1,Instagram,Image,Millennials,2787,23,0,113.69,0
25-04-2024,Campaign 1,Instagram,Image,Gen X,288,4,0,15.63,0
25-04-2024,Campaign 1,Instagram,Carousel,Gen Z,2581,71,1,76.24,51.11
25-04-2024,Campaign 1,Instagram,Carousel,Millennials,1880,32,2,116.84,112.33
25-04-2024,Campaign 1,Instagram,Carousel,Gen X,381,6,0,11.07,0
25-04-2024,Campaign 1,TikTok,Video,Gen Z,6591,218,30,393.3,2678.13
25-04-2024,Campaign 1,TikTok,Video,Millennials,524,26,2,22.88,132.46
25-04-2024,Campaign 1,TikTok,Video,Gen X,251,12,1,13.85,83.86
25-04-2024,Campaign 1,TikTok,Image,Gen Z,5064,36,0,158.4,0
25-04-2024,Campaign 1,TikTok,Image,Millennials,929,15,0,25.06,0
25-04-2024,Campaign 1,TikTok,Image,Gen X,173,1,0,6.52,0
25-04-2024,Campaign 1,TikTok,Carousel,Gen Z,7392,79,5,373.11,380.96
25-04-2024,Campaign 1,TikTok,Carousel,Millennials,660,8,0,37.78,0
25-04-2024,Campaign 1,TikTok,Carousel,Gen X,301,8,0,7.02,0
25-04-2024,Campaign 1,Facebook,Video,Gen Z,1350,64,8,82.66,669.2
25-04-2024,Campaign 1,Facebook,Video,Millennials,4505,156,10,238.32,775.62
25-04-2024,Campaign 1,Facebook,Video,Gen X,1578,38,5,96.1,453.63
25-04-2024,Campaign 1,Facebook,Image,Gen Z,972,9,0,56.5,0
25-04-2024,Campaign 1,Facebook,Image,Millennials,5351,33,1,244.84,76.33
25-04-2024,Campaign 1,Facebook,Image,Gen X,2739,38,1,92.69,82.29
25-04-2024,Campaign 1,Facebook,Carousel,Gen Z,1372,25,0,80.61,0
25-04-2024,Campaign 1,Facebook,Carousel,Millennials,4810,89,2,126.86,168.01
25-04-2024,Campaign 1,Facebook,Carousel,Gen X,2055,43,2,103.99,122.48
26-04-2024,Campaign 1,Instagram,Video,Gen Z,4867,105,10,129.28,913.86
26-04-2024,Campaign 1,Instagram,Video,Millennials,3937,102,14,186.28,1170.37
26-04-2024,Campaign 1,Instagram,Video,Gen X,136,5,0,3.14,0
26-04-2024,Campaign 1,Instagram,Image,Gen Z,4398,58,0,299.79,0
26-04-2024,Campaign 1,Instagram,Image,Millennials,2381,24,0,58.92,0
26-04-2024,Campaign 1,Instagram,Image,Gen X,411,4,0,15.72,0
26-04-2024,Campaign 1,Instagram,Carousel,Gen Z,3938,58,4,172.07,254.76
26-04-2024,Campaign 1,Instagram,Carousel,Millennials,1423,37,2,43.34,114.38
26-04-2024,Campaign 1,Instagram,Carousel,Gen X,138,1,0,9.25,0
26-04-2024,Campaign 1,TikTok,Video,Gen Z,2532,96,10,62.61,999.95
26-04-2024,Campaign 1,TikTok,Video,Millennials,925,39,2,22.78,198.54
26-04-2024,Campaign 1,TikTok,Video,Gen X,412,18,2,26.7,103.57
26-04-2024,Campaign 1,TikTok,Image,Gen Z,2986,54,2,79.84,186.23
26-04-2024,Campaign 1,TikTok,Image,Millennials,635,8,0,42.65,0
26-04-2024,Campaign 1,TikTok,Image,Gen X,481,8,0,19.28,0
26-04-2024,Campaign 1,TikTok,Carousel,Gen Z,6351,72,3,156.25,275.28
26-04-2024,Campaign 1,TikTok,Carousel,Millennials,816,12,0,31.81,0
26-04-2024,Campaign 1,TikTok,Carousel,Gen X,226,2,0,9.16,0
26-04-2024,Campaign 1,Facebook,Video,Gen Z,1346,52,6,76.78,399.21
26-04-2024,Campaign 1,Facebook,Video,Millennials,3226,69,7,78.33,513.94
26-04-2024,Campaign 1,Facebook,Video,Gen X,1670,81,4,113.37,264.5
26-04-2024,Campaign 1,Facebook,Image,Gen Z,844,13,0,28.12,0
26-04-2024,Campaign 1,Facebook,Image,Millennials,5501,68,1,365.05,71.69
26-04-2024,Campaign 1,Facebook,Image,Gen X,1842,29,0,73.41,0
26-04-2024,Campaign 1,Facebook,Carousel,Gen Z,1050,17,0,41.19,0
26-04-2024,Campaign 1,Facebook,Carousel,Millennials,2325,56,2,68.08,164.06
26-04-2024,Campaign 1,Facebook,Carousel,Gen X,2759,70,2,139.76,123.95
27-04-2024,Campaign 1,Instagram,Video,Gen Z,3822,114,16,200.96,1022.54
27-04-2024,Campaign 1,Instagram,Video,Millennials,3839,174,14,179.4,1175.77
27-04-2024,Campaign 1,Instagram,Video,Gen X,271,10,1,9.98,56.32
27-04-2024,Campaign 1,Instagram,Image,Gen Z,2578,38,1,125.77,72.13
27-04-2024,Campaign 1,Instagram,Image,Millennials,3814,49,1,94.14,86.07
27-04-2024,Campaign 1,Instagram,Image,Gen X,166,2,0,6.43,0
27-04-2024,Campaign 1,Instagram,Carousel,Gen Z,1604,47,3,92.91,211.73
27-04-2024,Campaign 1,Instagram,Carousel,Millennials,1438,36,2,78.61,134.16
27-04-2024,Campaign 1,Instagram,Carousel,Gen X,177,2,0,8.25,0
27-04-2024,Campaign 1,TikTok,Video,Gen Z,5772,146,10,160.95,820.13
27-04-2024,Campaign 1,TikTok,Video,Millennials,820,35,2,55.41,118.08
27-04-2024,Campaign 1,TikTok,Video,Gen X,480,11,1,23.88,96.56
27-04-2024,Campaign 1,TikTok,Image,Gen Z,5759,76,2,350.33,193.6
27-04-2024,Campaign 1,TikTok,Image,Millennials,708,7,0,19.46,0
27-04-2024,Campaign 1,TikTok,Image,Gen X,270,1,0,15.58,0
27-04-2024,Campaign 1,TikTok,Carousel,Gen Z,2779,37,2,136.61,152.21
27-04-2024,Campaign 1,TikTok,Carousel,Millennials,558,14,0,30.44,0
27-04-2024,Campaign 1,TikTok,Carousel,Gen X,296,3,0,7.66,0
27-04-2024,Campaign 1,Facebook,Video,Gen Z,1330,62,5,52.68,472.18
27-04-2024,Campaign 1,Facebook,Video,Millennials,5230,155,8,317.75,418.07
27-04-2024,Campaign 1,Facebook,Video,Gen X,2274,53,7,132.56,416.76
27-04-2024,Campaign 1,Facebook,Image,Gen Z,826,8,0,28.07,0
27-04-2024,Campaign 1,Facebook,Image,Millennials,3718,57,2,174.89,176.84
27-04-2024,Campaign 1,Facebook,Image,Gen X,1656,17,0,109.46,0
27-04-2024,Campaign 1,Facebook,Carousel,Gen Z,503,11,0,23.97,0
27-04-2024,Campaign 1,Facebook,Carousel,Millennials,2503,30,1,159.58,86.16
27-04-2024,Campaign 1,Facebook,Carousel,Gen X,1166,27,1,38.1,99.21
28-04-2024,Campaign 1,Instagram,Video,Gen Z,2376,69,10,83.57,745.02
28-04-2024,Campaign 1,Instagram,Video,Millennials,3420,123,7,164.09,577.05
28-04-2024,Campaign 1,Instagram,Video,Gen X,321,8,1,10.39,81.33
28-04-2024,Campaign 1,Instagram,Image,Gen Z,3155,23,0,98.56,0
28-04-2024,Campaign 1,Instagram,Image,Millennials,1192,21,0,28.39,0
28-04-2024,Campaign 1,Instagram,Image,Gen X,221,2,0,8.11,0
28-04-2024,Campaign 1,Instagram,Carousel,Gen Z,3661,106,4,221.78,238.16
28-04-2024,Campaign 1,Instagram,Carousel,Millennials,3723,100,6,190.84,380.81
28-04-2024,Campaign 1,Instagram,Carousel,Gen X,227,4,0,11.85,0
28-04-2024,Campaign 1,TikTok,Video,Gen Z,3560,133,11,138.3,917.72
28-04-2024,Campaign 1,TikTok,Video,Millennials,726,26,2,25.43,105.6
28-04-2024,Campaign 1,TikTok,Video,Gen X,336,13,1,15.81,81.24
28-04-2024,Campaign 1,TikTok,Image,Gen Z,3674,42,0,243.93,0
28-04-2024,Campaign 1,TikTok,Image,Millennials,636,9,0,24.79,0
28-04-2024,Campaign 1,TikTok,Image,Gen X,292,2,0,8.7,0
28-04-2024,Campaign 1,TikTok,Carousel,Gen Z,2981,85,6,84.94,348.17
28-04-2024,Campaign 1,TikTok,Carousel,Millennials,986,12,0,58.42,0
28-04-2024,Campaign 1,TikTok,Carousel,Gen X,236,6,0,14.95,0
28-04-2024,Campaign 1,Facebook,Video,Gen Z,1150,54,4,71.04,384.09
28-04-2024,Campaign 1,Facebook,Video,Millennials,2574,94,5,174.94,311.03
28-04-2024,Campaign 1,Facebook,Video,Gen X,1590,55,7,58.05,405.74
28-04-2024,Campaign 1,Facebook,Image,Gen Z,819,10,0,45.66,0
28-04-2024,Campaign 1,Facebook,Image,Millennials,5671,85,0,276.05,0
28-04-2024,Campaign 1,Facebook,Image,Gen X,1297,13,0,87.58,0
28-04-2024,Campaign 1,Facebook,Carousel,Gen Z,554,8,0,36.45,0
28-04-2024,Campaign 1,Facebook,Carousel,Millennials,4445,118,7,154.98,355.91
28-04-2024,Campaign 1,Facebook,Carousel,Gen X,1157,33,2,77.47,162.56
29-04-2024,Campaign 1,Instagram,Video,Gen Z,4368,163,15,253.77,1304.87
29-04-2024,Campaign 1,Instagram,Video,Millennials,1580,56,5,58.24,363.63
29-04-2024,Campaign 1,Instagram,Video,Gen X,143,5,0,4.65,0
29-04-2024,Campaign 1,Instagram,Image,Gen Z,3697,72,1,237.5,61.28
29-04-2024,Campaign 1,Instagram,Image,Millennials,1034,17,0,30.17,0
29-04-2024,Campaign 1,Instagram,Image,Gen X,216,1,0,6.2,0
29-04-2024,Campaign 1,Instagram,Carousel,Gen Z,4935,74,3,225.15,185.88
29-04-2024,Campaign 1,Instagram,Carousel,Millennials,3886,73,3,152.79,152.54
29-04-2024,Campaign 1,Instagram,Carousel,Gen X,127,2,0,7.61,0
29-04-2024,Campaign 1,TikTok,Video,Gen Z,2780,88,5,127.64,423.11
29-04-2024,Campaign 1,TikTok,Video,Millennials,542,23,2,25.15,181.04
29-04-2024,Campaign 1,TikTok,Video,Gen X,433,13,1,20,96.54
29-04-2024,Campaign 1,TikTok,Image,Gen Z,6177,83,3,328.09,247.1
29-04-2024,Campaign 1,TikTok,Image,Millennials,381,5,0,22.33,0
29-04-2024,Campaign 1,TikTok,Image,Gen X,420,3,0,10.85,0
29-04-2024,Campaign 1,TikTok,Carousel,Gen Z,7011,175,5,309.36,465.46
29-04-2024,Campaign 1,TikTok,Carousel,Millennials,578,8,0,35.86,0
29-04-2024,Campaign 1,TikTok,Carousel,Gen X,389,8,0,21.1,0
29-04-2024,Campaign 1,Facebook,Video,Gen Z,873,41,5,32.44,440.83
29-04-2024,Campaign 1,Facebook,Video,Millennials,4923,127,11,198.4,956.12
29-04-2024,Campaign 1,Facebook,Video,Gen X,2744,71,9,114.19,456.43
29-04-2024,Campaign 1,Facebook,Image,Gen Z,1209,6,0,38.6,0
29-04-2024,Campaign 1,Facebook,Image,Millennials,5268,100,2,140.58,186.87
29-04-2024,Campaign 1,Facebook,Image,Gen X,2573,49,2,138.89,146.79
29-04-2024,Campaign 1,Facebook,Carousel,Gen Z,945,18,1,29.62,66.56
29-04-2024,Campaign 1,Facebook,Carousel,Millennials,3288,71,5,134.02,267.29
29-04-2024,Campaign 1,Facebook,Carousel,Gen X,2898,33,1,160.49,90.45
30-04-2024,Campaign 1,Instagram,Video,Gen Z,1853,52,5,51.9,485.7
30-04-2024,Campaign 1,Instagram,Video,Millennials,2080,79,7,58.6,623.27
30-04-2024,Campaign 1,Instagram,Video,Gen X,209,6,0,11.16,0
30-04-2024,Campaign 1,Instagram,Image,Gen Z,4462,26,0,217.95,0
30-04-2024,Campaign 1,Instagram,Image,Millennials,3154,26,0,148.83,0
30-04-2024,Campaign 1,Instagram,Image,Gen X,120,1,0,6.29,0
30-04-2024,Campaign 1,Instagram,Carousel,Gen Z,3213,86,3,184.6,222.81
30-04-2024,Campaign 1,Instagram,Carousel,Millennials,3695,107,8,206.24,753.52
30-04-2024,Campaign 1,Instagram,Carousel,Gen X,194,2,0,8.43,0
30-04-2024,Campaign 1,TikTok,Video,Gen Z,5653,119,11,302.3,782.09
30-04-2024,Campaign 1,TikTok,Video,Millennials,956,39,5,58.19,402.08
30-04-2024,Campaign 1,TikTok,Video,Gen X,88,2,0,3.6,0
30-04-2024,Campaign 1,TikTok,Image,Gen Z,6295,67,2,267.26,133.22
30-04-2024,Campaign 1,TikTok,Image,Millennials,463,8,0,29.3,0
30-04-2024,Campaign 1,TikTok,Image,Gen X,81,0,0,4.19,0
30-04-2024,Campaign 1,TikTok,Carousel,Gen Z,6602,157,10,228.39,672.05
30-04-2024,Campaign 1,TikTok,Carousel,Millennials,921,18,0,56.32,0
30-04-2024,Campaign 1,TikTok,Carousel,Gen X,151,3,0,9.34,0
30-04-2024,Campaign 1,Facebook,Video,Gen Z,679,24,1,32.4,99.86
30-04-2024,Campaign 1,Facebook,Video,Millennials,5890,149,8,317.52,500.43
30-04-2024,Campaign 1,Facebook,Video,Gen X,1461,67,4,94.6,288.36
30-04-2024,Campaign 1,Facebook,Image,Gen Z,799,6,0,38.78,0
30-04-2024,Campaign 1,Facebook,Image,Millennials,3506,58,1,238.14,63.27
30-04-2024,Campaign 1,Facebook,Image,Gen X,2607,46,2,120.16,170.67
30-04-2024,Campaign 1,Facebook,Carousel,Gen Z,767,21,1,30.44,59.06
30-04-2024,Campaign 1,Facebook,Carousel,Millennials,4352,110,2,273.91,130.42
30-04-2024,Campaign 1,Facebook,Carousel,Gen X,1366,31,1,88.17,70.3
01-05-2024,Campaign 1,Instagram,Video,Gen Z,4641,98,13,234.54,1174.75
01-05-2024,Campaign 1,Instagram,Video,Millennials,1131,25,1,71,98.66
01-05-2024,Campaign 1,Instagram,Video,Gen X,205,4,0,10.66,0
01-05-2024,Campaign 1,Instagram,Image,Gen Z,4294,25,0,227.48,0
01-05-2024,Campaign 1,Instagram,Image,Millennials,1962,35,1,52.22,94.52
01-05-2024,Campaign 1,Instagram,Image,Gen X,483,3,0,20.92,0
01-05-2024,Campaign 1,Instagram,Carousel,Gen Z,1756,32,0,52.13,0
01-05-2024,Campaign 1,Instagram,Carousel,Millennials,2160,56,3,117.7,223.12
01-05-2024,Campaign 1,Instagram,Carousel,Gen X,290,5,0,7.61,0
01-05-2024,Campaign 1,TikTok,Video,Gen Z,7354,352,36,182.05,2416.5
01-05-2024,Campaign 1,TikTok,Video,Millennials,257,6,0,12.58,0
01-05-2024,Campaign 1,TikTok,Video,Gen X,283,6,0,7.75,0
01-05-2024,Campaign 1,TikTok,Image,Gen Z,5030,58,1,253.45,68.28
01-05-2024,Campaign 1,TikTok,Image,Millennials,700,8,0,34.86,0
01-05-2024,Campaign 1,TikTok,Image,Gen X,65,1,0,3.96,0
01-05-2024,Campaign 1,TikTok,Carousel,Gen Z,3499,39,1,169.1,93.31
01-05-2024,Campaign 1,TikTok,Carousel,Millennials,955,19,0,42.42,0
01-05-2024,Campaign 1,TikTok,Carousel,Gen X,375,9,0,23.97,0
01-05-2024,Campaign 1,Facebook,Video,Gen Z,1310,62,5,81.43,277.42
01-05-2024,Campaign 1,Facebook,Video,Millennials,4180,158,16,102.03,1210.82
01-05-2024,Campaign 1,Facebook,Video,Gen X,1758,53,3,91.5,292.64
01-05-2024,Campaign 1,Facebook,Image,Gen Z,935,16,0,32.67,0
01-05-2024,Campaign 1,Facebook,Image,Millennials,4246,82,2,222.69,166.22
01-05-2024,Campaign 1,Facebook,Image,Gen X,2079,18,0,124.99,0
01-05-2024,Campaign 1,Facebook,Carousel,Gen Z,681,8,0,18.05,0
01-05-2024,Campaign 1,Facebook,Carousel,Millennials,4568,110,7,299.38,389.78
01-05-2024,Campaign 1,Facebook,Carousel,Gen X,2826,61,3,112.46,261.43
02-05-2024,Campaign 1,Instagram,Video,Gen Z,3184,128,9,159.67,565.91
02-05-2024,Campaign 1,Instagram,Video,Millennials,3106,125,10,174.62,665.13
02-05-2024,Campaign 1,Instagram,Video,Gen X,328,9,0,8.2,0
02-05-2024,Campaign 1,Instagram,Image,Gen Z,1780,19,0,121.53,0
02-05-2024,Campaign 1,Instagram,Image,Millennials,3367,64,2,126.86,128.95
02-05-2024,Campaign 1,Instagram,Image,Gen X,169,2,0,5.15,0
02-05-2024,Campaign 1,Instagram,Carousel,Gen Z,2335,47,0,124.86,0
02-05-2024,Campaign 1,Instagram,Carousel,Millennials,1584,22,1,106.77,53.67
02-05-2024,Campaign 1,Instagram,Carousel,Gen X,183,2,0,7.34,0
02-05-2024,Campaign 1,TikTok,Video,Gen Z,6019,183,20,161.59,1009.59
02-05-2024,Campaign 1,TikTok,Video,Millennials,978,32,2,44.02,140.12
02-05-2024,Campaign 1,TikTok,Video,Gen X,342,17,1,16.31,55.99
02-05-2024,Campaign 1,TikTok,Image,Gen Z,6409,83,3,163,228.98
02-05-2024,Campaign 1,TikTok,Image,Millennials,665,5,0,20.96,0
02-05-2024,Campaign 1,TikTok,Image,Gen X,443,7,0,30.12,0
02-05-2024,Campaign 1,TikTok,Carousel,Gen Z,7375,216,6,472.04,304.15
02-05-2024,Campaign 1,TikTok,Carousel,Millennials,969,26,0,49.44,0
02-05-2024,Campaign 1,TikTok,Carousel,Gen X,491,14,1,32.72,98.95
02-05-2024,Campaign 1,Facebook,Video,Gen Z,1046,34,1,71.22,77.18
02-05-2024,Campaign 1,Facebook,Video,Millennials,5773,273,33,242.74,1758.55
02-05-2024,Campaign 1,Facebook,Video,Gen X,2596,72,9,91.27,464.93
02-05-2024,Campaign 1,Facebook,Image,Gen Z,966,13,0,48.89,0
02-05-2024,Campaign 1,Facebook,Image,Millennials,2176,36,0,128.91,0
02-05-2024,Campaign 1,Facebook,Image,Gen X,2303,28,1,140.44,96.82
02-05-2024,Campaign 1,Facebook,Carousel,Gen Z,1408,22,0,71.63,0
02-05-2024,Campaign 1,Facebook,Carousel,Millennials,4185,76,3,277.33,287.5
02-05-2024,Campaign 1,Facebook,Carousel,Gen X,1048,18,0,43.34,0
03-05-2024,Campaign 1,Instagram,Video,Gen Z,3511,88,6,178.45,412.58
03-05-2024,Campaign 1,Instagram,Video,Millennials,3773,126,13,213.53,1102.49
03-05-2024,Campaign 1,Instagram,Video,Gen X,464,15,2,17.86,164.82
03-05-2024,Campaign 1,Instagram,Image,Gen Z,2742,42,1,103.17,89.28
03-05-2024,Campaign 1,Instagram,Image,Millennials,2422,14,0,93.69,0
03-05-2024,Campaign 1,Instagram,Image,Gen X,249,3,0,15.63,0
03-05-2024,Campaign 1,Instagram,Carousel,Gen Z,4013,88,6,246.93,320.3
03-05-2024,Campaign 1,Instagram,Carousel,Millennials,2614,54,1,123.58,63.95
03-05-2024,Campaign 1,Instagram,Carousel,Gen X,115,3,0,3.83,0
03-05-2024,Campaign 1,TikTok,Video,Gen Z,5456,188,21,216.22,1273.79
03-05-2024,Campaign 1,TikTok,Video,Millennials,514,25,1,24.52,67.09
03-05-2024,Campaign 1,TikTok,Video,Gen X,298,10,0,19.5,0
03-05-2024,Campaign 1,TikTok,Image,Gen Z,4968,59,1,286.49,50.82
03-05-2024,Campaign 1,TikTok,Image,Millennials,357,4,0,19.64,0
03-05-2024,Campaign 1,TikTok,Image,Gen X,285,2,0,19.32,0
03-05-2024,Campaign 1,TikTok,Carousel,Gen Z,5415,115,3,276.92,151.82
03-05-2024,Campaign 1,TikTok,Carousel,Millennials,780,18,0,41.65,0
03-05-2024,Campaign 1,TikTok,Carousel,Gen X,68,1,0,2.78,0
03-05-2024,Campaign 1,Facebook,Video,Gen Z,1137,39,4,55.55,397.4
03-05-2024,Campaign 1,Facebook,Video,Millennials,3153,64,8,136.66,401.61
03-05-2024,Campaign 1,Facebook,Video,Gen X,2012,49,4,118.34,256.02
03-05-2024,Campaign 1,Facebook,Image,Gen Z,558,3,0,34.13,0
03-05-2024,Campaign 1,Facebook,Image,Millennials,2849,22,1,106.72,50.67
03-05-2024,Campaign 1,Facebook,Image,Gen X,1487,20,0,90.04,0
03-05-2024,Campaign 1,Facebook,Carousel,Gen Z,1342,25,1,39.74,91.3
03-05-2024,Campaign 1,Facebook,Carousel,Millennials,4330,55,2,155.07,123.3
03-05-2024,Campaign 1,Facebook,Carousel,Gen X,1036,26,1,55.91,81.14
04-05-2024,Campaign 1,Instagram,Video,Gen Z,4716,164,21,247.76,1293.76
04-05-2024,Campaign 1,Instagram,Video,Millennials,1092,45,3,40.69,196.5
04-05-2024,Campaign 1,Instagram,Video,Gen X,293,6,0,14.08,0
04-05-2024,Campaign 1,Instagram,Image,Gen Z,3783,61,0,155.25,0
04-05-2024,Campaign 1,Instagram,Image,Millennials,3584,36,1,183.96,72.27
04-05-2024,Campaign 1,Instagram,Image,Gen X,453,8,0,22.92,0
04-05-2024,Campaign 1,Instagram,Carousel,Gen Z,1748,27,1,117.79,79.78
04-05-2024,Campaign 1,Instagram,Carousel,Millennials,2988,81,3,117.84,231.42
04-05-2024,Campaign 1,Instagram,Carousel,Gen X,395,9,0,24.52,0
04-05-2024,Campaign 1,TikTok,Video,Gen Z,4025,164,21,98.02,1392.05
04-05-2024,Campaign 1,TikTok,Video,Millennials,424,20,1,13.53,99.69
04-05-2024,Campaign 1,TikTok,Video,Gen X,133,6,0,4.19,0
04-05-2024,Campaign 1,TikTok,Image,Gen Z,6824,53,1,441.42,85.14
04-05-2024,Campaign 1,TikTok,Image,Millennials,717,12,0,25.93,0
04-05-2024,Campaign 1,TikTok,Image,Gen X,121,2,0,6.11,0
04-05-2024,Campaign 1,TikTok,Carousel,Gen Z,5886,150,8,152.75,603.43
04-05-2024,Campaign 1,TikTok,Carousel,Millennials,362,10,0,14.63,0
04-05-2024,Campaign 1,TikTok,Carousel,Gen X,311,6,0,15.77,0
04-05-2024,Campaign 1,Facebook,Video,Gen Z,1492,30,2,56.46,153.82
04-05-2024,Campaign 1,Facebook,Video,Millennials,2035,82,8,64.07,621.08
04-05-2024,Campaign 1,Facebook,Video,Gen X,1501,57,5,47.44,325.89
04-05-2024,Campaign 1,Facebook,Image,Gen Z,842,4,0,56.05,0
04-05-2024,Campaign 1,Facebook,Image,Millennials,5785,80,3,227.98,247.16
04-05-2024,Campaign 1,Facebook,Image,Gen X,2477,26,0,77.47,0
04-05-2024,Campaign 1,Facebook,Carousel,Gen Z,1312,22,1,31.99,84.53
04-05-2024,Campaign 1,Facebook,Carousel,Millennials,5405,60,2,237.37,160.91
04-05-2024,Campaign 1,Facebook,Carousel,Gen X,2540,66,4,64.98,380.86
05-05-2024,Campaign 1,Instagram,Video,Gen Z,3620,86,11,199.59,840.09
05-05-2024,Campaign 1,Instagram,Video,Millennials,1042,47,6,61.2,436.9
05-05-2024,Campaign 1,Instagram,Video,Gen X,407,11,1,14.54,82.7
05-05-2024,Campaign 1,Instagram,Image,Gen Z,4542,90,1,247.8,79.85
05-05-2024,Campaign 1,Instagram,Image,Millennials,2385,38,1,127.23,82.18
05-05-2024,Campaign 1,Instagram,Image,Gen X,433,7,0,13.17,0
05-05-2024,Campaign 1,Instagram,Carousel,Gen Z,2252,27,0,87.13,0
05-05-2024,Campaign 1,Instagram,Carousel,Millennials,3568,99,7,228.89,534.53
05-05-2024,Campaign 1,Instagram,Carousel,Gen X,290,7,0,10.12,0
05-05-2024,Campaign 1,TikTok,Video,Gen Z,6981,178,25,393.89,2168.01
05-05-2024,Campaign 1,TikTok,Video,Millennials,837,31,4,26.52,233.39
05-05-2024,Campaign 1,TikTok,Video,Gen X,274,6,0,6.88,0
05-05-2024,Campaign 1,TikTok,Image,Gen Z,4876,93,2,156.94,155.09
05-05-2024,Campaign 1,TikTok,Image,Millennials,404,7,0,17.59,0
05-05-2024,Campaign 1,TikTok,Image,Gen X,54,0,0,2.73,0
05-05-2024,Campaign 1,TikTok,Carousel,Gen Z,5306,118,5,151.61,324.09
05-05-2024,Campaign 1,TikTok,Carousel,Millennials,314,7,0,12.03,0
05-05-2024,Campaign 1,TikTok,Carousel,Gen X,281,7,0,9.11,0
05-05-2024,Campaign 1,Facebook,Video,Gen Z,1315,51,4,89.13,343.49
05-05-2024,Campaign 1,Facebook,Video,Millennials,3564,100,8,222.78,523.55
05-05-2024,Campaign 1,Facebook,Video,Gen X,1209,40,3,51.13,229.71
05-05-2024,Campaign 1,Facebook,Image,Gen Z,1313,23,0,73.64,0
05-05-2024,Campaign 1,Facebook,Image,Millennials,3609,56,1,184.96,74.92
05-05-2024,Campaign 1,Facebook,Image,Gen X,1406,16,0,94.69,0
05-05-2024,Campaign 1,Facebook,Carousel,Gen Z,1146,31,1,59.19,58.28
05-05-2024,Campaign 1,Facebook,Carousel,Millennials,3536,88,4,149.74,379.47
05-05-2024,Campaign 1,Facebook,Carousel,Gen X,2032,37,1,99.75,80.13
06-05-2024,Campaign 1,Instagram,Video,Gen Z,2398,62,3,57.46,185.56
06-05-2024,Campaign 1,Instagram,Video,Millennials,1915,52,6,65.62,418.59
06-05-2024,Campaign 1,Instagram,Video,Gen X,307,13,1,13.72,64.6
06-05-2024,Campaign 1,Instagram,Image,Gen Z,4966,61,1,270.4,90.88
06-05-2024,Campaign 1,Instagram,Image,Millennials,3446,24,0,151.1,0
06-05-2024,Campaign 1,Instagram,Image,Gen X,171,2,0,10.3,0
06-05-2024,Campaign 1,Instagram,Carousel,Gen Z,4519,134,5,160.13,466.11
06-05-2024,Campaign 1,Instagram,Carousel,Millennials,2611,68,1,59.92,87.99
06-05-2024,Campaign 1,Instagram,Carousel,Gen X,385,7,0,11.57,0
06-05-2024,Campaign 1,TikTok,Video,Gen Z,4127,194,13,222.33,994.8
06-05-2024,Campaign 1,TikTok,Video,Millennials,511,19,2,14.49,154.86
06-05-2024,Campaign 1,TikTok,Video,Gen X,493,17,1,13.9,70.45
06-05-2024,Campaign 1,TikTok,Image,Gen Z,2587,21,0,108.27,0
06-05-2024,Campaign 1,TikTok,Image,Millennials,947,11,0,31.62,0
06-05-2024,Campaign 1,TikTok,Image,Gen X,191,3,0,12.03,0
06-05-2024,Campaign 1,TikTok,Carousel,Gen Z,2765,47,3,113.6,160.64
06-05-2024,Campaign 1,TikTok,Carousel,Millennials,454,12,0,28.07,0
06-05-2024,Campaign 1,TikTok,Carousel,Gen X,91,2,0,2.96,0
06-05-2024,Campaign 1,Facebook,Video,Gen Z,708,21,1,31.44,80.01
06-05-2024,Campaign 1,Facebook,Video,Millennials,4994,138,17,191.07,1213.93
06-05-2024,Campaign 1,Facebook,Video,Gen X,2054,52,5,112.78,419.73
06-05-2024,Campaign 1,Facebook,Image,Gen Z,1347,22,0,34.4,0
06-05-2024,Campaign 1,Facebook,Image,Millennials,3643,22,0,185.6,0
06-05-2024,Campaign 1,Facebook,Image,Gen X,2673,49,2,141.9,126.68
06-05-2024,Campaign 1,Facebook,Carousel,Gen Z,1293,35,2,49.99,188.41
06-05-2024,Campaign 1,Facebook,Carousel,Millennials,3992,45,1,123.9,81.6
06-05-2024,Campaign 1,Facebook,Carousel,Gen X,1822,45,2,48.44,177.14
07-05-2024,Campaign 1,Instagram,Video,Gen Z,3720,99,13,250.81,1070.98
07-05-2024,Campaign 1,Instagram,Video,Millennials,2852,76,8,187.47,604.91
07-05-2024,Campaign 1,Instagram,Video,Gen X,281,11,0,11.44,0
07-05-2024,Campaign 1,Instagram,Image,Gen Z,1833,18,0,70.27,0
07-05-2024,Campaign 1,Instagram,Image,Millennials,2067,35,0,65.94,0
07-05-2024,Campaign 1,Instagram,Image,Gen X,97,0,0,6.06,0
07-05-2024,Campaign 1,Instagram,Carousel,Gen Z,2676,33,1,94.69,78.44
07-05-2024,Campaign 1,Instagram,Carousel,Millennials,3846,92,1,209.61,98.02
07-05-2024,Campaign 1,Instagram,Carousel,Gen X,249,6,0,6.97,0
07-05-2024,Campaign 1,TikTok,Video,Gen Z,7163,286,40,400.36,3422.05
07-05-2024,Campaign 1,TikTok,Video,Millennials,788,37,2,24.88,106.85
07-05-2024,Campaign 1,TikTok,Video,Gen X,258,10,1,7.43,90.69
07-05-2024,Campaign 1,TikTok,Image,Gen Z,6366,87,3,197.81,175.44
07-05-2024,Campaign 1,TikTok,Image,Millennials,926,11,0,50.17,0
07-05-2024,Campaign 1,TikTok,Image,Gen X,257,4,0,16.86,0
07-05-2024,Campaign 1,TikTok,Carousel,Gen Z,6541,93,4,329.14,267.83
07-05-2024,Campaign 1,TikTok,Carousel,Millennials,366,7,0,21.23,0
07-05-2024,Campaign 1,TikTok,Carousel,Gen X,142,3,0,5.88,0
07-05-2024,Campaign 1,Facebook,Video,Gen Z,643,17,1,39.6,72.92
07-05-2024,Campaign 1,Facebook,Video,Millennials,5221,155,22,212.3,1582.91
07-05-2024,Campaign 1,Facebook,Video,Gen X,1019,28,2,26.79,179.99
07-05-2024,Campaign 1,Facebook,Image,Gen Z,1095,6,0,70.22,0
07-05-2024,Campaign 1,Facebook,Image,Millennials,2614,38,1,114.29,95.38
07-05-2024,Campaign 1,Facebook,Image,Gen X,2607,39,0,134.06,0
07-05-2024,Campaign 1,Facebook,Carousel,Gen Z,1469,29,1,45.57,87.5
07-05-2024,Campaign 1,Facebook,Carousel,Millennials,3544,70,3,102.21,174.52
07-05-2024,Campaign 1,Facebook,Carousel,Gen X,2554,27,1,157.62,79.4
08-05-2024,Campaign 1,Instagram,Video,Gen Z,4342,138,16,275.19,832.85
08-05-2024,Campaign 1,Instagram,Video,Millennials,2517,74,5,87.72,305.32
08-05-2024,Campaign 1,Instagram,Video,Gen X,462,11,0,23.7,0
08-05-2024,Campaign 1,Instagram,Image,Gen Z,2156,41,1,51.99,66.99
08-05-2024,Campaign 1,Instagram,Image,Millennials,1946,19,0,83.75,0
08-05-2024,Campaign 1,Instagram,Image,Gen X,227,3,0,14.76,0
08-05-2024,Campaign 1,Instagram,Carousel,Gen Z,3982,83,3,142.95,297.45
08-05-2024,Campaign 1,Instagram,Carousel,Millennials,1657,27,1,40.69,66.34
08-05-2024,Campaign 1,Instagram,Carousel,Gen X,230,2,0,7.93,0
08-05-2024,Campaign 1,TikTok,Video,Gen Z,5406,136,10,339.35,718.02
08-05-2024,Campaign 1,TikTok,Video,Millennials,257,7,0,9.16,0
08-05-2024,Campaign 1,TikTok,Video,Gen X,276,7,0,12.49,0
08-05-2024,Campaign 1,TikTok,Image,Gen Z,3178,21,0,118.71,0
08-05-2024,Campaign 1,TikTok,Image,Millennials,454,7,0,21.46,0
08-05-2024,Campaign 1,TikTok,Image,Gen X,414,6,0,13.03,0
08-05-2024,Campaign 1,TikTok,Carousel,Gen Z,4793,82,4,215.67,276.24
08-05-2024,Campaign 1,TikTok,Carousel,Millennials,663,9,0,26.79,0
08-05-2024,Campaign 1,TikTok,Carousel,Gen X,359,8,0,15.81,0
08-05-2024,Campaign 1,Facebook,Video,Gen Z,1270,48,6,49.35,372.07
08-05-2024,Campaign 1,Facebook,Video,Millennials,2478,97,9,93.87,891
08-05-2024,Campaign 1,Facebook,Video,Gen X,1458,60,6,67.81,322.11
08-05-2024,Campaign 1,Facebook,Image,Gen Z,1182,23,0,77.42,0
08-05-2024,Campaign 1,Facebook,Image,Millennials,3281,44,2,187.06,196.53
08-05-2024,Campaign 1,Facebook,Image,Gen X,1161,5,0,28.02,0
08-05-2024,Campaign 1,Facebook,Carousel,Gen Z,942,13,0,55.59,0
08-05-2024,Campaign 1,Facebook,Carousel,Millennials,3966,43,1,161.08,99.5
08-05-2024,Campaign 1,Facebook,Carousel,Gen X,1278,23,0,77.6,0
09-05-2024,Campaign 1,Instagram,Video,Gen Z,2050,100,9,111.78,499.7
09-05-2024,Campaign 1,Instagram,Video,Millennials,1155,23,2,61.02,165.25
09-05-2024,Campaign 1,Instagram,Video,Gen X,167,4,0,7.29,0
09-05-2024,Campaign 1,Instagram,Image,Gen Z,2159,24,1,124.9,91.12
09-05-2024,Campaign 1,Instagram,Image,Millennials,2987,32,0,72.23,0
09-05-2024,Campaign 1,Instagram,Image,Gen X,224,1,0,8.79,0
09-05-2024,Campaign 1,Instagram,Carousel,Gen Z,2521,60,2,141.17,199.59
09-05-2024,Campaign 1,Instagram,Carousel,Millennials,3268,67,3,187.29,276.15
09-05-2024,Campaign 1,Instagram,Carousel,Gen X,427,4,0,28.94,0
09-05-2024,Campaign 1,TikTok,Video,Gen Z,6868,310,45,292.78,3508.54
09-05-2024,Campaign 1,TikTok,Video,Millennials,826,18,1,22.33,53.16
09-05-2024,Campaign 1,TikTok,Video,Gen X,409,15,2,25.65,187.59
09-05-2024,Campaign 1,TikTok,Image,Gen Z,6783,41,1,176.12,77.83
09-05-2024,Campaign 1,TikTok,Image,Millennials,855,7,0,48.99,0
09-05-2024,Campaign 1,TikTok,Image,Gen X,192,2,0,9.75,0
09-05-2024,Campaign 1,TikTok,Carousel,Gen Z,7131,156,9,290.18,845.87
09-05-2024,Campaign 1,TikTok,Carousel,Millennials,419,7,0,12.44,0
09-05-2024,Campaign 1,TikTok,Carousel,Gen X,101,2,0,4.78,0
09-05-2024,Campaign 1,Facebook,Video,Gen Z,514,20,1,31.58,88.91
09-05-2024,Campaign 1,Facebook,Video,Millennials,5353,132,11,178.04,735.85
09-05-2024,Campaign 1,Facebook,Video,Gen X,1155,39,3,46.25,289.36
09-05-2024,Campaign 1,Facebook,Image,Gen Z,732,6,0,44.38,0
09-05-2024,Campaign 1,Facebook,Image,Millennials,2546,47,0,139.89,0
09-05-2024,Campaign 1,Facebook,Image,Gen X,1116,11,0,47.89,0
09-05-2024,Campaign 1,Facebook,Carousel,Gen Z,1229,19,1,53.27,55.58
09-05-2024,Campaign 1,Facebook,Carousel,Millennials,4709,87,5,310,278.1
09-05-2024,Campaign 1,Facebook,Carousel,Gen X,1310,23,0,56.37,0
10-05-2024,Campaign 1,Instagram,Video,Gen Z,3723,86,11,203.1,745.07
10-05-2024,Campaign 1,Instagram,Video,Millennials,1362,66,4,42.61,385.36
10-05-2024,Campaign 1,Instagram,Video,Gen X,311,11,1,11.35,53.36
10-05-2024,Campaign 1,Instagram,Image,Gen Z,4359,72,2,227.93,132.68
10-05-2024,Campaign 1,Instagram,Image,Millennials,3631,18,0,188.06,0
10-05-2024,Campaign 1,Instagram,Image,Gen X,172,1,0,4.33,0
10-05-2024,Campaign 1,Instagram,Carousel,Gen Z,4124,59,4,203.33,341.83
10-05-2024,Campaign 1,Instagram,Carousel,Millennials,1113,33,1,34.54,73.1
10-05-2024,Campaign 1,Instagram,Carousel,Gen X,366,6,0,10.71,0
10-05-2024,Campaign 1,TikTok,Video,Gen Z,6324,299,35,330.14,2728.95
10-05-2024,Campaign 1,TikTok,Video,Millennials,896,42,4,61.02,307.47
10-05-2024,Campaign 1,TikTok,Video,Gen X,50,1,0,2.87,0
10-05-2024,Campaign 1,TikTok,Image,Gen Z,3719,33,0,179.45,0
10-05-2024,Campaign 1,TikTok,Image,Millennials,653,12,0,35.41,0
10-05-2024,Campaign 1,TikTok,Image,Gen X,476,6,0,30.17,0
10-05-2024,Campaign 1,TikTok,Carousel,Gen Z,4008,91,2,222.19,198.06
10-05-2024,Campaign 1,TikTok,Carousel,Millennials,252,6,0,9.48,0
10-05-2024,Campaign 1,TikTok,Carousel,Gen X,220,3,0,7.43,0
10-05-2024,Campaign 1,Facebook,Video,Gen Z,501,22,1,12.3,85.97
10-05-2024,Campaign 1,Facebook,Video,Millennials,4995,223,17,151.33,1450.35
10-05-2024,Campaign 1,Facebook,Video,Gen X,2169,72,8,98.93,641.74
10-05-2024,Campaign 1,Facebook,Image,Gen Z,754,11,0,50.9,0
10-05-2024,Campaign 1,Facebook,Image,Millennials,5591,84,3,139.07,200.81
10-05-2024,Campaign 1,Facebook,Image,Gen X,1874,20,0,73.55,0
10-05-2024,Campaign 1,Facebook,Carousel,Gen Z,1463,36,0,34.68,0
10-05-2024,Campaign 1,Facebook,Carousel,Millennials,2740,62,3,144.63,240.49
10-05-2024,Campaign 1,Facebook,Carousel,Gen X,2436,62,4,119.89,336.4
11-05-2024,Campaign 1,Instagram,Video,Gen Z,4888,153,18,318.02,1466.09
11-05-2024,Campaign 1,Instagram,Video,Millennials,2586,65,4,121.62,235.31
11-05-2024,Campaign 1,Instagram,Video,Gen X,232,8,1,12.85,84.79
11-05-2024,Campaign 1,Instagram,Image,Gen Z,1934,14,0,131.56,0
11-05-2024,Campaign 1,Instagram,Image,Millennials,1977,30,0,118.66,0
11-05-2024,Campaign 1,Instagram,Image,Gen X,481,8,0,18.09,0
11-05-2024,Campaign 1,Instagram,Carousel,Gen Z,1777,41,2,65.85,170.15
11-05-2024,Campaign 1,Instagram,Carousel,Millennials,2342,41,1,121.08,79.55
11-05-2024,Campaign 1,Instagram,Carousel,Gen X,300,3,0,12.85,0
11-05-2024,Campaign 1,TikTok,Video,Gen Z,4369,198,16,200.18,1320.11
11-05-2024,Campaign 1,TikTok,Video,Millennials,741,24,2,25.06,159.45
11-05-2024,Campaign 1,TikTok,Video,Gen X,67,2,0,2.42,0
11-05-2024,Campaign 1,TikTok,Image,Gen Z,6706,57,1,154.8,85.34
11-05-2024,Campaign 1,TikTok,Image,Millennials,452,2,0,21.78,0
11-05-2024,Campaign 1,TikTok,Image,Gen X,244,3,0,9.39,0
11-05-2024,Campaign 1,TikTok,Carousel,Gen Z,6366,110,3,148.37,243.17
11-05-2024,Campaign 1,TikTok,Carousel,Millennials,613,15,0,28.57,0
11-05-2024,Campaign 1,TikTok,Carousel,Gen X,331,4,0,13.85,0
11-05-2024,Campaign 1,Facebook,Video,Gen Z,995,20,2,46.02,198.3
11-05-2024,Campaign 1,Facebook,Video,Millennials,3769,121,9,102.67,806.99
11-05-2024,Campaign 1,Facebook,Video,Gen X,1221,33,4,48.67,203.37
11-05-2024,Campaign 1,Facebook,Image,Gen Z,1076,11,0,43.84,0
11-05-2024,Campaign 1,Facebook,Image,Millennials,5152,71,2,214.4,142.02
11-05-2024,Campaign 1,Facebook,Image,Gen X,2868,30,0,165.14,0
11-05-2024,Campaign 1,Facebook,Carousel,Gen Z,532,15,0,26.66,0
11-05-2024,Campaign 1,Facebook,Carousel,Millennials,5357,109,6,257.14,373.57
11-05-2024,Campaign 1,Facebook,Carousel,Gen X,2700,61,3,78.33,276.74
12-05-2024,Campaign 1,Instagram,Video,Gen Z,4958,124,11,221.96,802.58
12-05-2024,Campaign 1,Instagram,Video,Millennials,2866,135,12,115.7,1020.56
12-05-2024,Campaign 1,Instagram,Video,Gen X,316,10,0,19.87,0
12-05-2024,Campaign 1,Instagram,Image,Gen Z,4431,46,0,220.19,0
12-05-2024,Campaign 1,Instagram,Image,Millennials,1839,27,1,107.13,78.2
12-05-2024,Campaign 1,Instagram,Image,Gen X,228,3,0,13.12,0
12-05-2024,Campaign 1,Instagram,Carousel,Gen Z,4771,111,3,162,257.21
12-05-2024,Campaign 1,Instagram,Carousel,Millennials,1015,28,0,26.07,0
12-05-2024,Campaign 1,Instagram,Carousel,Gen X,178,3,0,9.84,0
12-05-2024,Campaign 1,TikTok,Video,Gen Z,6961,262,27,456.5,2329.43
12-05-2024,Campaign 1,TikTok,Video,Millennials,791,32,2,32.26,125.48
12-05-2024,Campaign 1,TikTok,Video,Gen X,150,6,0,4.28,0
12-05-2024,Campaign 1,TikTok,Image,Gen Z,6689,119,5,276.96,461.68
12-05-2024,Campaign 1,TikTok,Image,Millennials,826,11,0,45.89,0
12-05-2024,Campaign 1,TikTok,Image,Gen X,314,4,0,10.66,0
12-05-2024,Campaign 1,TikTok,Carousel,Gen Z,5686,152,4,310.23,244.9
12-05-2024,Campaign 1,TikTok,Carousel,Millennials,959,26,1,44.79,90.82
12-05-2024,Campaign 1,TikTok,Carousel,Gen X,328,5,0,11.71,0
12-05-2024,Campaign 1,Facebook,Video,Gen Z,1360,27,3,66.8,283.75
12-05-2024,Campaign 1,Facebook,Video,Millennials,4935,179,15,290.09,779.49
12-05-2024,Campaign 1,Facebook,Video,Gen X,1174,23,2,66.21,115
12-05-2024,Campaign 1,Facebook,Image,Gen Z,1105,21,0,26.75,0
12-05-2024,Campaign 1,Facebook,Image,Millennials,2964,28,0,196.31,0
12-05-2024,Campaign 1,Facebook,Image,Gen X,1938,13,0,122.44,0
12-05-2024,Campaign 1,Facebook,Carousel,Gen Z,537,13,0,13.76,0
12-05-2024,Campaign 1,Facebook,Carousel,Millennials,3775,82,3,122.99,167.47
12-05-2024,Campaign 1,Facebook,Carousel,Gen X,2008,43,1,88.86,72.97
13-05-2024,Campaign 1,Instagram,Video,Gen Z,3503,127,12,227.39,1031.81
13-05-2024,Campaign 1,Instagram,Video,Millennials,2148,50,2,80.34,127.46
13-05-2024,Campaign 1,Instagram,Video,Gen X,439,21,2,21.05,194.16
13-05-2024,Campaign 1,Instagram,Image,Gen Z,3091,60,2,159.31,131.63
13-05-2024,Campaign 1,Instagram,Image,Millennials,1122,19,0,26.48,0
13-05-2024,Campaign 1,Instagram,Image,Gen X,314,4,0,7.52,0
13-05-2024,Campaign 1,Instagram,Carousel,Gen Z,3160,52,4,124.99,305.35
13-05-2024,Campaign 1,Instagram,Carousel,Millennials,3068,34,1,82.66,57.99
13-05-2024,Campaign 1,Instagram,Carousel,Gen X,206,2,0,13.31,0
13-05-2024,Campaign 1,TikTok,Video,Gen Z,5880,230,23,352.52,1871.56
13-05-2024,Campaign 1,TikTok,Video,Millennials,683,31,1,15.58,72.56
13-05-2024,Campaign 1,TikTok,Video,Gen X,306,14,1,15.45,99.83
13-05-2024,Campaign 1,TikTok,Image,Gen Z,3042,30,0,193.48,0
13-05-2024,Campaign 1,TikTok,Image,Millennials,365,2,0,20.37,0
13-05-2024,Campaign 1,TikTok,Image,Gen X,367,3,0,8.48,0
13-05-2024,Campaign 1,TikTok,Carousel,Gen Z,4412,77,5,133.29,317.72
13-05-2024,Campaign 1,TikTok,Carousel,Millennials,604,13,0,39.96,0
13-05-2024,Campaign 1,TikTok,Carousel,Gen X,127,2,0,3.19,0
13-05-2024,Campaign 1,Facebook,Video,Gen Z,1469,60,4,37.32,208.94
13-05-2024,Campaign 1,Facebook,Video,Millennials,3698,149,21,120.53,1629.26
13-05-2024,Campaign 1,Facebook,Video,Gen X,2544,67,4,112.6,377.73
13-05-2024,Campaign 1,Facebook,Image,Gen Z,1311,16,0,32.72,0
13-05-2024,Campaign 1,Facebook,Image,Millennials,3597,29,0,196.26,0
13-05-2024,Campaign 1,Facebook,Image,Gen X,2740,37,1,115.24,95.17
13-05-2024,Campaign 1,Facebook,Carousel,Gen Z,1287,28,0,67.35,0
13-05-2024,Campaign 1,Facebook,Carousel,Millennials,2209,34,0,111.32,0
13-05-2024,Campaign 1,Facebook,Carousel,Gen X,2649,77,3,155.57,171.4
14-05-2024,Campaign 1,Instagram,Video,Gen Z,1501,45,5,78.56,322.49
14-05-2024,Campaign 1,Instagram,Video,Millennials,1250,42,4,62.43,372.21
14-05-2024,Campaign 1,Instagram,Video,Gen X,139,4,0,5.24,0
14-05-2024,Campaign 1,Instagram,Image,Gen Z,2955,40,1,148.83,80.82
14-05-2024,Campaign 1,Instagram,Image,Millennials,3915,52,0,127.64,0
14-05-2024,Campaign 1,Instagram,Image,Gen X,135,2,0,6.88,0
14-05-2024,Campaign 1,Instagram,Carousel,Gen Z,3495,45,2,223.1,171.84
14-05-2024,Campaign 1,Instagram,Carousel,Millennials,2893,62,2,197.63,174.88
14-05-2024,Campaign 1,Instagram,Carousel,Gen X,239,6,0,15.86,0
14-05-2024,Campaign 1,TikTok,Video,Gen Z,3202,143,15,216.59,1289.11
14-05-2024,Campaign 1,TikTok,Video,Millennials,475,13,0,17.27,0
14-05-2024,Campaign 1,TikTok,Video,Gen X,281,8,0,13.81,0
14-05-2024,Campaign 1,TikTok,Image,Gen Z,6811,68,1,201.78,52.91
14-05-2024,Campaign 1,TikTok,Image,Millennials,868,8,0,27.93,0
14-05-2024,Campaign 1,TikTok,Image,Gen X,115,1,0,3.01,0
14-05-2024,Campaign 1,TikTok,Carousel,Gen Z,5801,125,6,183.87,519
14-05-2024,Campaign 1,TikTok,Carousel,Millennials,751,17,0,48.85,0
14-05-2024,Campaign 1,TikTok,Carousel,Gen X,147,2,0,6.29,0
14-05-2024,Campaign 1,Facebook,Video,Gen Z,620,16,1,40.15,59.16
14-05-2024,Campaign 1,Facebook,Video,Millennials,3754,78,4,220.55,306.62
14-05-2024,Campaign 1,Facebook,Video,Gen X,1893,77,10,70.77,730.37
14-05-2024,Campaign 1,Facebook,Image,Gen Z,1500,28,0,71.45,0
14-05-2024,Campaign 1,Facebook,Image,Millennials,2520,28,1,80.06,54.65
14-05-2024,Campaign 1,Facebook,Image,Gen X,1634,13,0,99.98,0
14-05-2024,Campaign 1,Facebook,Carousel,Gen Z,824,22,1,28.12,68.64
14-05-2024,Campaign 1,Facebook,Carousel,Millennials,5605,109,6,289.59,428.17
14-05-2024,Campaign 1,Facebook,Carousel,Gen X,1327,17,1,59.15,87.43
15-05-2024,Campaign 1,Instagram,Video,Gen Z,4535,114,11,269.4,668.5
15-05-2024,Campaign 1,Instagram,Video,Millennials,2997,130,15,147.19,1026.6
15-05-2024,Campaign 1,Instagram,Video,Gen X,335,15,1,18.73,77.46
15-05-2024,Campaign 1,Instagram,Image,Gen Z,3027,21,0,125.91,0
15-05-2024,Campaign 1,Instagram,Image,Millennials,1828,19,0,47.76,0
15-05-2024,Campaign 1,Instagram,Image,Gen X,175,1,0,5.29,0
15-05-2024,Campaign 1,Instagram,Carousel,Gen Z,3076,89,4,76.05,393.85
15-05-2024,Campaign 1,Instagram,Carousel,Millennials,1036,12,0,36.86,0
15-05-2024,Campaign 1,Instagram,Carousel,Gen X,77,0,0,3.65,0
15-05-2024,Campaign 1,TikTok,Video,Gen Z,3445,150,20,230.35,1439.07
15-05-2024,Campaign 1,TikTok,Video,Millennials,891,37,2,47.98,168.67
15-05-2024,Campaign 1,TikTok,Video,Gen X,340,14,1,17.77,70.33
15-05-2024,Campaign 1,TikTok,Image,Gen Z,3550,21,0,213.12,0
15-05-2024,Campaign 1,TikTok,Image,Millennials,292,4,0,19.28,0
15-05-2024,Campaign 1,TikTok,Image,Gen X,201,2,0,5.56,0
15-05-2024,Campaign 1,TikTok,Carousel,Gen Z,4834,123,8,157.3,638.28
15-05-2024,Campaign 1,TikTok,Carousel,Millennials,903,21,0,55.78,0
15-05-2024,Campaign 1,TikTok,Carousel,Gen X,231,6,0,9.2,0
15-05-2024,Campaign 1,Facebook,Video,Gen Z,954,42,4,36,275.19
15-05-2024,Campaign 1,Facebook,Video,Millennials,3905,112,10,212.53,915.96
15-05-2024,Campaign 1,Facebook,Video,Gen X,2900,144,17,70.63,1552.96
15-05-2024,Campaign 1,Facebook,Image,Gen Z,696,4,0,43.79,0
15-05-2024,Campaign 1,Facebook,Image,Millennials,3032,32,1,181.41,64.85
15-05-2024,Campaign 1,Facebook,Image,Gen X,2779,37,0,97.33,0
15-05-2024,Campaign 1,Facebook,Carousel,Gen Z,603,16,0,30.8,0
15-05-2024,Campaign 1,Facebook,Carousel,Millennials,5356,95,5,351.06,496.93
15-05-2024,Campaign 1,Facebook,Carousel,Gen X,2705,58,3,95.33,192.54
16-05-2024,Campaign 1,Instagram,Video,Gen Z,3591,132,9,119.48,725.11
16-05-2024,Campaign 1,Instagram,Video,Millennials,1805,82,9,69.72,728.59
16-05-2024,Campaign 1,Instagram,Video,Gen X,245,5,0,16.04,0
16-05-2024,Campaign 1,Instagram,Image,Gen Z,4522,47,1,161.4,98.91
16-05-2024,Campaign 1,Instagram,Image,Millennials,3136,61,1,80.34,94.88
16-05-2024,Campaign 1,Instagram,Image,Gen X,405,5,0,25.88,0
16-05-2024,Campaign 1,Instagram,Carousel,Gen Z,3595,38,1,155.71,66.57
16-05-2024,Campaign 1,Instagram,Carousel,Millennials,3103,80,5,136.93,474.37
16-05-2024,Campaign 1,Instagram,Carousel,Gen X,346,9,0,12.08,0
16-05-2024,Campaign 1,TikTok,Video,Gen Z,3990,154,12,120.71,624.09
16-05-2024,Campaign 1,TikTok,Video,Millennials,869,29,2,30.08,187.56
16-05-2024,Campaign 1,TikTok,Video,Gen X,63,1,0,2.69,0
16-05-2024,Campaign 1,TikTok,Image,Gen Z,2744,21,0,171.34,0
16-05-2024,Campaign 1,TikTok,Image,Millennials,878,17,0,51.4,0
16-05-2024,Campaign 1,TikTok,Image,Gen X,202,3,0,8.93,0
16-05-2024,Campaign 1,TikTok,Carousel,Gen Z,4055,90,2,184.28,169.82
16-05-2024,Campaign 1,TikTok,Carousel,Millennials,833,20,1,50.4,84.27
16-05-2024,Campaign 1,TikTok,Carousel,Gen X,61,0,0,3.01,0
16-05-2024,Campaign 1,Facebook,Video,Gen Z,1269,55,6,83.12,349.63
16-05-2024,Campaign 1,Facebook,Video,Millennials,2621,117,11,101.12,725.37
16-05-2024,Campaign 1,Facebook,Video,Gen X,2831,123,10,187.6,925.37
16-05-2024,Campaign 1,Facebook,Image,Gen Z,858,14,0,26.34,0
16-05-2024,Campaign 1,Facebook,Image,Millennials,4551,88,1,201.41,77.42
16-05-2024,Campaign 1,Facebook,Image,Gen X,2930,18,0,153.7,0
16-05-2024,Campaign 1,Facebook,Carousel,Gen Z,1483,35,0,88.72,0
16-05-2024,Campaign 1,Facebook,Carousel,Millennials,3279,55,1,79.93,83.19
16-05-2024,Campaign 1,Facebook,Carousel,Gen X,2700,47,3,149.51,289.24
17-05-2024,Campaign 1,Instagram,Video,Gen Z,2781,63,9,128.23,733.27
17-05-2024,Campaign 1,Instagram,Video,Millennials,1711,52,6,106.86,416.16
17-05-2024,Campaign 1,Instagram,Video,Gen X,284,8,0,6.74,0
17-05-2024,Campaign 1,Instagram,Image,Gen Z,4959,69,2,251.04,117.98
17-05-2024,Campaign 1,Instagram,Image,Millennials,2811,35,0,107.45,0
17-05-2024,Campaign 1,Instagram,Image,Gen X,393,2,0,18.68,0
17-05-2024,Campaign 1,Instagram,Carousel,Gen Z,3914,85,4,182.5,243.05
17-05-2024,Campaign 1,Instagram,Carousel,Millennials,1378,16,0,67.26,0
17-05-2024,Campaign 1,Instagram,Carousel,Gen X,390,6,0,11.76,0
17-05-2024,Campaign 1,TikTok,Video,Gen Z,7345,153,15,195.62,1102.05
17-05-2024,Campaign 1,TikTok,Video,Millennials,806,40,4,19.64,318
17-05-2024,Campaign 1,TikTok,Video,Gen X,144,6,0,8.61,0
17-05-2024,Campaign 1,TikTok,Image,Gen Z,7113,138,2,244.43,100.04
17-05-2024,Campaign 1,TikTok,Image,Millennials,759,10,0,28.43,0
17-05-2024,Campaign 1,TikTok,Image,Gen X,363,3,0,17.18,0
17-05-2024,Campaign 1,TikTok,Carousel,Gen Z,6436,123,7,176.85,666.56
17-05-2024,Campaign 1,TikTok,Carousel,Millennials,728,17,1,17.18,76.27
17-05-2024,Campaign 1,TikTok,Carousel,Gen X,292,8,0,15.72,0
17-05-2024,Campaign 1,Facebook,Video,Gen Z,1404,50,6,62.38,493.53
17-05-2024,Campaign 1,Facebook,Video,Millennials,2473,74,3,150.06,277.44
17-05-2024,Campaign 1,Facebook,Video,Gen X,2743,78,5,139.39,363.97
17-05-2024,Campaign 1,Facebook,Image,Gen Z,1131,21,0,68.49,0
17-05-2024,Campaign 1,Facebook,Image,Millennials,4969,61,1,238.96,86.04
17-05-2024,Campaign 1,Facebook,Image,Gen X,1158,7,0,55.09,0
17-05-2024,Campaign 1,Facebook,Carousel,Gen Z,655,16,0,44.61,0
17-05-2024,Campaign 1,Facebook,Carousel,Millennials,4226,90,2,158.81,141.01
17-05-2024,Campaign 1,Facebook,Carousel,Gen X,2183,59,2,55.82,137.44
18-05-2024,Campaign 1,Instagram,Video,Gen Z,3731,185,26,180.77,2208.57
18-05-2024,Campaign 1,Instagram,Video,Millennials,2374,51,6,152.15,333.68
18-05-2024,Campaign 1,Instagram,Video,Gen X,207,8,1,11.03,86.65
18-05-2024,Campaign 1,Instagram,Image,Gen Z,4916,26,0,325.45,0
18-05-2024,Campaign 1,Instagram,Image,Millennials,1137,22,0,66.67,0
18-05-2024,Campaign 1,Instagram,Image,Gen X,447,6,0,16.18,0
18-05-2024,Campaign 1,Instagram,Carousel,Gen Z,3872,84,6,246.71,591.3
18-05-2024,Campaign 1,Instagram,Carousel,Millennials,3016,64,2,175.12,154.58
18-05-2024,Campaign 1,Instagram,Carousel,Gen X,54,0,0,1.69,0
18-05-2024,Campaign 1,TikTok,Video,Gen Z,5226,231,26,285.44,1784.81
18-05-2024,Campaign 1,TikTok,Video,Millennials,634,16,1,20.82,50.06
18-05-2024,Campaign 1,TikTok,Video,Gen X,159,4,0,10.8,0
18-05-2024,Campaign 1,TikTok,Image,Gen Z,5309,64,0,133.7,0
18-05-2024,Campaign 1,TikTok,Image,Millennials,796,5,0,21.87,0
18-05-2024,Campaign 1,TikTok,Image,Gen X,178,3,0,5.74,0
18-05-2024,Campaign 1,TikTok,Carousel,Gen Z,6714,118,3,313.24,227.18
18-05-2024,Campaign 1,TikTok,Carousel,Millennials,388,10,0,10.98,0
18-05-2024,Campaign 1,TikTok,Carousel,Gen X,154,3,0,8.38,0
18-05-2024,Campaign 1,Facebook,Video,Gen Z,960,44,4,32.31,252.56
18-05-2024,Campaign 1,Facebook,Video,Millennials,2533,91,12,126.54,1182.99
18-05-2024,Campaign 1,Facebook,Video,Gen X,1753,39,5,88.13,475.79
18-05-2024,Campaign 1,Facebook,Image,Gen Z,681,9,0,38.14,0
18-05-2024,Campaign 1,Facebook,Image,Millennials,5577,29,0,157.07,0
18-05-2024,Campaign 1,Facebook,Image,Gen X,2336,30,0,69.67,0
18-05-2024,Campaign 1,Facebook,Carousel,Gen Z,1239,24,1,28.8,89.01
18-05-2024,Campaign 1,Facebook,Carousel,Millennials,3473,96,3,150.47,164.5
18-05-2024,Campaign 1,Facebook,Carousel,Gen X,2119,35,1,123.81,51.15
19-05-2024,Campaign 1,Instagram,Video,Gen Z,4959,193,17,221.92,1560.71
19-05-2024,Campaign 1,Instagram,Video,Millennials,2569,109,9,163.73,529.75
19-05-2024,Campaign 1,Instagram,Video,Gen X,101,3,0,4.24,0
19-05-2024,Campaign 1,Instagram,Image,Gen Z,4701,82,2,186.88,108.02
19-05-2024,Campaign 1,Instagram,Image,Millennials,3327,42,1,94.14,61.08
19-05-2024,Campaign 1,Instagram,Image,Gen X,230,2,0,8.02,0
19-05-2024,Campaign 1,Instagram,Carousel,Gen Z,3845,77,4,128.27,343.74
19-05-2024,Campaign 1,Instagram,Carousel,Millennials,1931,36,2,65.44,188.32
19-05-2024,Campaign 1,Instagram,Carousel,Gen X,385,5,0,23.06,0
19-05-2024,Campaign 1,TikTok,Video,Gen Z,3836,126,13,98.25,708.41
19-05-2024,Campaign 1,TikTok,Video,Millennials,398,11,0,23.01,0
19-05-2024,Campaign 1,TikTok,Video,Gen X,68,1,0,3.37,0
19-05-2024,Campaign 1,TikTok,Image,Gen Z,6855,76,2,325.95,158.48
19-05-2024,Campaign 1,TikTok,Image,Millennials,947,14,0,22.19,0
19-05-2024,Campaign 1,TikTok,Image,Gen X,84,0,0,5.01,0
19-05-2024,Campaign 1,TikTok,Carousel,Gen Z,6623,130,5,299.07,297.59
19-05-2024,Campaign 1,TikTok,Carousel,Millennials,517,6,0,16.5,0
19-05-2024,Campaign 1,TikTok,Carousel,Gen X,273,3,0,6.43,0
19-05-2024,Campaign 1,Facebook,Video,Gen Z,1214,49,6,41.88,433.3
19-05-2024,Campaign 1,Facebook,Video,Millennials,3278,101,9,159.53,671.98
19-05-2024,Campaign 1,Facebook,Video,Gen X,2028,88,10,106.81,577.55
19-05-2024,Campaign 1,Facebook,Image,Gen Z,796,9,0,47.85,0
19-05-2024,Campaign 1,Facebook,Image,Millennials,4053,59,1,134.06,95.9
19-05-2024,Campaign 1,Facebook,Image,Gen X,2940,20,0,73,0
19-05-2024,Campaign 1,Facebook,Carousel,Gen Z,613,14,0,19.64,0
19-05-2024,Campaign 1,Facebook,Carousel,Millennials,2764,33,2,143.54,134.2
19-05-2024,Campaign 1,Facebook,Carousel,Gen X,2674,52,4,90.45,344.25
20-05-2024,Campaign 1,Instagram,Video,Gen Z,2310,49,5,67.94,439.18
20-05-2024,Campaign 1,Instagram,Video,Millennials,3129,121,11,182.41,679.34
20-05-2024,Campaign 1,Instagram,Video,Gen X,182,6,0,8.25,0
20-05-2024,Campaign 1,Instagram,Image,Gen Z,2182,15,0,60.7,0
20-05-2024,Campaign 1,Instagram,Image,Millennials,2516,49,1,136.11,76.97
20-05-2024,Campaign 1,Instagram,Image,Gen X,390,5,0,17.59,0
20-05-2024,Campaign 1,Instagram,Carousel,Gen Z,3304,73,3,132.33,208.17
20-05-2024,Campaign 1,Instagram,Carousel,Millennials,3619,41,3,169.92,209.51
20-05-2024,Campaign 1,Instagram,Carousel,Gen X,144,2,0,4.19,0
20-05-2024,Campaign 1,TikTok,Video,Gen Z,6665,328,28,158.71,1606.7
20-05-2024,Campaign 1,TikTok,Video,Millennials,510,21,1,29.21,77.34
20-05-2024,Campaign 1,TikTok,Video,Gen X,273,12,1,9.39,90.31
20-05-2024,Campaign 1,TikTok,Image,Gen Z,7411,104,2,484.3,153.47
20-05-2024,Campaign 1,TikTok,Image,Millennials,309,5,0,10.25,0
20-05-2024,Campaign 1,TikTok,Image,Gen X,409,5,0,17.22,0
20-05-2024,Campaign 1,TikTok,Carousel,Gen Z,3362,69,3,198.54,231.4
20-05-2024,Campaign 1,TikTok,Carousel,Millennials,932,12,0,33.9,0
20-05-2024,Campaign 1,TikTok,Carousel,Gen X,75,1,0,1.96,0
20-05-2024,Campaign 1,Facebook,Video,Gen Z,1095,34,4,41.19,396.7
20-05-2024,Campaign 1,Facebook,Video,Millennials,5874,254,20,260.97,1388.46
20-05-2024,Campaign 1,Facebook,Video,Gen X,1860,44,3,68.76,238.53
20-05-2024,Campaign 1,Facebook,Image,Gen Z,674,4,0,42.74,0
20-05-2024,Campaign 1,Facebook,Image,Millennials,3808,37,1,148.46,71.43
20-05-2024,Campaign 1,Facebook,Image,Gen X,1784,31,1,116.24,50.4
20-05-2024,Campaign 1,Facebook,Carousel,Gen Z,799,8,0,32.03,0
20-05-2024,Campaign 1,Facebook,Carousel,Millennials,3392,74,3,221.69,186.08
20-05-2024,Campaign 1,Facebook,Carousel,Gen X,2464,66,4,76.65,318.78
21-05-2024,Campaign 1,Instagram,Video,Gen Z,2232,78,9,68.44,833.68
21-05-2024,Campaign 1,Instagram,Video,Millennials,2643,84,4,125.86,333.95
21-05-2024,Campaign 1,Instagram,Video,Gen X,394,12,1,10.07,56.94
21-05-2024,Campaign 1,Instagram,Image,Gen Z,3089,47,0,117.48,0
21-05-2024,Campaign 1,Instagram,Image,Millennials,3973,52,2,254.18,188.39
21-05-2024,Campaign 1,Instagram,Image,Gen X,266,4,0,8.93,0
21-05-2024,Campaign 1,Instagram,Carousel,Gen Z,4922,140,10,143.18,925.04
21-05-2024,Campaign 1,Instagram,Carousel,Millennials,3972,63,2,199.41,113.08
21-05-2024,Campaign 1,Instagram,Carousel,Gen X,444,13,0,24.56,0
21-05-2024,Campaign 1,TikTok,Video,Gen Z,6274,164,13,248.35,1089.47
21-05-2024,Campaign 1,TikTok,Video,Millennials,425,13,1,27.52,62.58
21-05-2024,Campaign 1,TikTok,Video,Gen X,446,9,1,21.14,76.39
21-05-2024,Campaign 1,TikTok,Image,Gen Z,2987,42,1,80.11,86.48
21-05-2024,Campaign 1,TikTok,Image,Millennials,657,11,0,39.14,0
21-05-2024,Campaign 1,TikTok,Image,Gen X,355,6,0,17.5,0
21-05-2024,Campaign 1,TikTok,Carousel,Gen Z,3733,43,2,101.66,172.79
21-05-2024,Campaign 1,TikTok,Carousel,Millennials,360,7,0,22.06,0
21-05-2024,Campaign 1,TikTok,Carousel,Gen X,121,1,0,6.33,0
21-05-2024,Campaign 1,Facebook,Video,Gen Z,705,34,4,24.11,371.64
21-05-2024,Campaign 1,Facebook,Video,Millennials,5052,125,16,278.06,946.11
21-05-2024,Campaign 1,Facebook,Video,Gen X,2031,90,11,124.81,643.07
21-05-2024,Campaign 1,Facebook,Image,Gen Z,1047,7,0,24.74,0
21-05-2024,Campaign 1,Facebook,Image,Millennials,2796,33,1,137.57,81.63
21-05-2024,Campaign 1,Facebook,Image,Gen X,1876,19,0,74.28,0
21-05-2024,Campaign 1,Facebook,Carousel,Gen Z,533,14,0,17.5,0
21-05-2024,Campaign 1,Facebook,Carousel,Millennials,4952,52,2,327,198.97
21-05-2024,Campaign 1,Facebook,Carousel,Gen X,1019,15,0,67.4,0
22-05-2024,Campaign 1,Instagram,Video,Gen Z,4600,212,26,208.98,1900.42
22-05-2024,Campaign 1,Instagram,Video,Millennials,3130,110,6,135.79,327.23
22-05-2024,Campaign 1,Instagram,Video,Gen X,118,4,0,4.19,0
22-05-2024,Campaign 1,Instagram,Image,Gen Z,3475,31,0,101.94,0
22-05-2024,Campaign 1,Instagram,Image,Millennials,2469,39,0,168.19,0
22-05-2024,Campaign 1,Instagram,Image,Gen X,361,5,0,12.12,0
22-05-2024,Campaign 1,Instagram,Carousel,Gen Z,4514,51,2,111.69,119.92
22-05-2024,Campaign 1,Instagram,Carousel,Millennials,1689,32,2,114.7,165.02
22-05-2024,Campaign 1,Instagram,Carousel,Gen X,396,7,0,18.32,0
22-05-2024,Campaign 1,TikTok,Video,Gen Z,7184,260,34,375.89,3190.98
22-05-2024,Campaign 1,TikTok,Video,Millennials,497,18,2,13.26,162.65
22-05-2024,Campaign 1,TikTok,Video,Gen X,64,3,0,2.19,0
22-05-2024,Campaign 1,TikTok,Image,Gen Z,6523,90,4,195.21,370.58
22-05-2024,Campaign 1,TikTok,Image,Millennials,376,2,0,9.57,0
22-05-2024,Campaign 1,TikTok,Image,Gen X,296,3,0,14.86,0
22-05-2024,Campaign 1,TikTok,Carousel,Gen Z,6063,166,11,169.1,759.59
22-05-2024,Campaign 1,TikTok,Carousel,Millennials,829,23,0,24.65,0
22-05-2024,Campaign 1,TikTok,Carousel,Gen X,284,7,0,8.29,0
22-05-2024,Campaign 1,Facebook,Video,Gen Z,1056,47,4,44.98,258.99
22-05-2024,Campaign 1,Facebook,Video,Millennials,4370,130,9,220.82,855.18
22-05-2024,Campaign 1,Facebook,Video,Gen X,1508,66,6,43.43,402.09
22-05-2024,Campaign 1,Facebook,Image,Gen Z,545,9,0,16.77,0
22-05-2024,Campaign 1,Facebook,Image,Millennials,5610,78,1,250.44,82.9
22-05-2024,Campaign 1,Facebook,Image,Gen X,2227,28,1,108.5,90.12
22-05-2024,Campaign 1,Facebook,Carousel,Gen Z,1485,27,0,79.06,0
22-05-2024,Campaign 1,Facebook,Carousel,Millennials,4984,139,10,278.65,862.1
22-05-2024,Campaign 1,Facebook,Carousel,Gen X,2533,44,2,91.64,157.47
23-05-2024,Campaign 1,Instagram,Video,Gen Z,1982,57,5,81.7,342.79
23-05-2024,Campaign 1,Instagram,Video,Millennials,2508,51,6,141.72,549.1
23-05-2024,Campaign 1,Instagram,Video,Gen X,182,6,0,8.25,0
23-05-2024,Campaign 1,Instagram,Image,Gen Z,4107,76,1,112.78,71.96
23-05-2024,Campaign 1,Instagram,Image,Millennials,3996,31,1,221.64,91.7
23-05-2024,Campaign 1,Instagram,Image,Gen X,238,3,0,11.16,0
23-05-2024,Campaign 1,Instagram,Carousel,Gen Z,2932,54,1,98.34,64.24
23-05-2024,Campaign 1,Instagram,Carousel,Millennials,3419,77,2,121.17,189.82
23-05-2024,Campaign 1,Instagram,Carousel,Gen X,181,2,0,5.19,0
23-05-2024,Campaign 1,TikTok,Video,Gen Z,5221,174,19,194.76,1683.79
23-05-2024,Campaign 1,TikTok,Video,Millennials,337,8,0,9.57,0
23-05-2024,Campaign 1,TikTok,Video,Gen X,410,13,0,22.56,0
23-05-2024,Campaign 1,TikTok,Image,Gen Z,4066,69,3,243.38,296.09
23-05-2024,Campaign 1,TikTok,Image,Millennials,339,4,0,14.99,0
23-05-2024,Campaign 1,TikTok,Image,Gen X,430,3,0,14.4,0
23-05-2024,Campaign 1,TikTok,Carousel,Gen Z,6540,101,6,200.68,571.49
23-05-2024,Campaign 1,TikTok,Carousel,Millennials,429,7,0,14.35,0
23-05-2024,Campaign 1,TikTok,Carousel,Gen X,325,3,0,13.76,0
23-05-2024,Campaign 1,Facebook,Video,Gen Z,528,17,2,29.25,186.08
23-05-2024,Campaign 1,Facebook,Video,Millennials,2360,87,13,146.14,654.99
23-05-2024,Campaign 1,Facebook,Video,Gen X,2029,69,5,79.11,460.57
23-05-2024,Campaign 1,Facebook,Image,Gen Z,1500,12,0,89.45,0
23-05-2024,Campaign 1,Facebook,Image,Millennials,5083,101,3,278.06,211.01
23-05-2024,Campaign 1,Facebook,Image,Gen X,2113,40,1,130.37,99.91
23-05-2024,Campaign 1,Facebook,Carousel,Gen Z,857,22,0,22.69,0
23-05-2024,Campaign 1,Facebook,Carousel,Millennials,4833,87,5,197.22,369.15
23-05-2024,Campaign 1,Facebook,Carousel,Gen X,2604,40,2,128,123.75
24-05-2024,Campaign 1,Instagram,Video,Gen Z,3136,64,4,183.14,352.43
24-05-2024,Campaign 1,Instagram,Video,Millennials,1474,50,5,46.3,383.38
24-05-2024,Campaign 1,Instagram,Video,Gen X,148,7,0,5.56,0
24-05-2024,Campaign 1,Instagram,Image,Gen Z,4167,64,3,213.76,172.26
24-05-2024,Campaign 1,Instagram,Image,Millennials,1304,24,0,67.35,0
24-05-2024,Campaign 1,Instagram,Image,Gen X,331,1,0,21.14,0
24-05-2024,Campaign 1,Instagram,Carousel,Gen Z,2860,47,2,183.73,195.6
24-05-2024,Campaign 1,Instagram,Carousel,Millennials,1128,21,0,26.66,0
24-05-2024,Campaign 1,Instagram,Carousel,Gen X,445,4,0,24.2,0
24-05-2024,Campaign 1,TikTok,Video,Gen Z,6281,176,24,158.85,2329.15
24-05-2024,Campaign 1,TikTok,Video,Millennials,646,25,2,37.73,116.66
24-05-2024,Campaign 1,TikTok,Video,Gen X,93,2,0,2.69,0
24-05-2024,Campaign 1,TikTok,Image,Gen Z,6786,92,1,414.58,89.35
24-05-2024,Campaign 1,TikTok,Image,Millennials,454,7,0,25.61,0
24-05-2024,Campaign 1,TikTok,Image,Gen X,378,3,0,18.55,0
24-05-2024,Campaign 1,TikTok,Carousel,Gen Z,4154,75,4,175.67,252.71
24-05-2024,Campaign 1,TikTok,Carousel,Millennials,432,8,0,17.09,0
24-05-2024,Campaign 1,TikTok,Carousel,Gen X,362,5,0,10.16,0
24-05-2024,Campaign 1,Facebook,Video,Gen Z,704,19,0,29.94,0
24-05-2024,Campaign 1,Facebook,Video,Millennials,5665,192,11,196.67,1074.33
24-05-2024,Campaign 1,Facebook,Video,Gen X,2581,63,3,134.2,159.67
24-05-2024,Campaign 1,Facebook,Image,Gen Z,807,8,0,24.15,0
24-05-2024,Campaign 1,Facebook,Image,Millennials,5089,58,2,223.06,114.87
24-05-2024,Campaign 1,Facebook,Image,Gen X,1787,12,0,53.13,0
24-05-2024,Campaign 1,Facebook,Carousel,Gen Z,1155,31,1,28.07,64.81
24-05-2024,Campaign 1,Facebook,Carousel,Millennials,3031,52,3,171.47,254.49
24-05-2024,Campaign 1,Facebook,Carousel,Gen X,1731,43,2,94.01,182.15
25-05-2024,Campaign 1,Instagram,Video,Gen Z,3279,105,10,181.82,938.15
25-05-2024,Campaign 1,Instagram,Video,Millennials,1195,58,4,34.86,279.68
25-05-2024,Campaign 1,Instagram,Video,Gen X,157,6,0,9.48,0
25-05-2024,Campaign 1,Instagram,Image,Gen Z,2997,26,0,203.1,0
25-05-2024,Campaign 1,Instagram,Image,Millennials,3181,18,0,111.6,0
25-05-2024,Campaign 1,Instagram,Image,Gen X,480,9,0,31.31,0
25-05-2024,Campaign 1,Instagram,Carousel,Gen Z,2502,67,4,114.88,325.17
25-05-2024,Campaign 1,Instagram,Carousel,Millennials,2684,48,2,65.53,148.28
25-05-2024,Campaign 1,Instagram,Carousel,Gen X,101,2,0,5.33,0
25-05-2024,Campaign 1,TikTok,Video,Gen Z,6121,298,44,394.94,2386.73
25-05-2024,Campaign 1,TikTok,Video,Millennials,987,23,1,64.52,57.39
25-05-2024,Campaign 1,TikTok,Video,Gen X,54,1,0,3.28,0
25-05-2024,Campaign 1,TikTok,Image,Gen Z,3714,68,1,154.61,72.14
25-05-2024,Campaign 1,TikTok,Image,Millennials,927,8,0,30.39,0
25-05-2024,Campaign 1,TikTok,Image,Gen X,92,1,0,3.6,0
25-05-2024,Campaign 1,TikTok,Carousel,Gen Z,4132,109,8,257.73,747.48
25-05-2024,Campaign 1,TikTok,Carousel,Millennials,771,9,0,49.85,0
25-05-2024,Campaign 1,TikTok,Carousel,Gen X,392,9,0,17.27,0
25-05-2024,Campaign 1,Facebook,Video,Gen Z,1334,32,2,85.81,134.91
25-05-2024,Campaign 1,Facebook,Video,Millennials,5549,172,10,371.97,786.96
25-05-2024,Campaign 1,Facebook,Video,Gen X,1283,58,8,86.76,573.51
25-05-2024,Campaign 1,Facebook,Image,Gen Z,1422,27,0,33.45,0
25-05-2024,Campaign 1,Facebook,Image,Millennials,2921,45,1,186.1,90.53
25-05-2024,Campaign 1,Facebook,Image,Gen X,1962,13,0,82.07,0
25-05-2024,Campaign 1,Facebook,Carousel,Gen Z,1410,38,1,89.27,95.68
25-05-2024,Campaign 1,Facebook,Carousel,Millennials,4912,58,2,316.75,172.42
25-05-2024,Campaign 1,Facebook,Carousel,Gen X,1564,18,0,81.25,0
26-05-2024,Campaign 1,Instagram,Video,Gen Z,3207,99,6,173.43,598.48
26-05-2024,Campaign 1,Instagram,Video,Millennials,3249,143,15,190.7,1298.33
26-05-2024,Campaign 1,Instagram,Video,Gen X,104,3,0,5.92,0
26-05-2024,Campaign 1,Instagram,Image,Gen Z,2193,41,2,59.47,133.52
26-05-2024,Campaign 1,Instagram,Image,Millennials,2586,41,0,65.16,0
26-05-2024,Campaign 1,Instagram,Image,Gen X,77,1,0,2.23,0
26-05-2024,Campaign 1,Instagram,Carousel,Gen Z,3271,91,4,99.34,263.79
26-05-2024,Campaign 1,Instagram,Carousel,Millennials,1443,17,0,90.68,0
26-05-2024,Campaign 1,Instagram,Carousel,Gen X,132,3,0,7.88,0
26-05-2024,Campaign 1,TikTok,Video,Gen Z,4332,169,24,289.5,1653.36
26-05-2024,Campaign 1,TikTok,Video,Millennials,395,11,1,25.65,58.94
26-05-2024,Campaign 1,TikTok,Video,Gen X,173,6,0,10.39,0
26-05-2024,Campaign 1,TikTok,Image,Gen Z,4279,63,1,268.53,55.38
26-05-2024,Campaign 1,TikTok,Image,Millennials,761,8,0,38.14,0
26-05-2024,Campaign 1,TikTok,Image,Gen X,96,1,0,6.2,0
26-05-2024,Campaign 1,TikTok,Carousel,Gen Z,4883,64,4,327.91,293.92
26-05-2024,Campaign 1,TikTok,Carousel,Millennials,776,19,1,41.38,72.46
26-05-2024,Campaign 1,TikTok,Carousel,Gen X,323,3,0,17.04,0
26-05-2024,Campaign 1,Facebook,Video,Gen Z,968,28,3,53.86,232.55
26-05-2024,Campaign 1,Facebook,Video,Millennials,5066,133,13,269.72,1169.71
26-05-2024,Campaign 1,Facebook,Video,Gen X,1163,47,3,59.01,157.82
26-05-2024,Campaign 1,Facebook,Image,Gen Z,753,7,0,37.05,0
26-05-2024,Campaign 1,Facebook,Image,Millennials,4741,84,1,213.08,86.7
26-05-2024,Campaign 1,Facebook,Image,Gen X,1979,14,0,65.34,0
26-05-2024,Campaign 1,Facebook,Carousel,Gen Z,741,18,0,20.41,0
26-05-2024,Campaign 1,Facebook,Carousel,Millennials,2897,38,1,107.59,79.63
26-05-2024,Campaign 1,Facebook,Carousel,Gen X,2039,21,0,73.46,0
27-05-2024,Campaign 1,Instagram,Video,Gen Z,2613,78,4,83.48,289.36
27-05-2024,Campaign 1,Instagram,Video,Millennials,1493,32,3,65.53,274.66
27-05-2024,Campaign 1,Instagram,Video,Gen X,170,7,0,7.2,0
27-05-2024,Campaign 1,Instagram,Image,Gen Z,1599,31,0,49.26,0
27-05-2024,Campaign 1,Instagram,Image,Millennials,1630,27,0,75.32,0
27-05-2024,Campaign 1,Instagram,Image,Gen X,338,2,0,17.41,0
27-05-2024,Campaign 1,Instagram,Carousel,Gen Z,4529,106,3,174.62,156.44
27-05-2024,Campaign 1,Instagram,Carousel,Millennials,1403,40,1,64.62,52.84
27-05-2024,Campaign 1,Instagram,Carousel,Gen X,82,2,0,2.05,0
27-05-2024,Campaign 1,TikTok,Video,Gen Z,7438,198,10,357.03,566.4
27-05-2024,Campaign 1,TikTok,Video,Millennials,613,20,2,32.4,105.92
27-05-2024,Campaign 1,TikTok,Video,Gen X,495,10,1,23.74,90.59
27-05-2024,Campaign 1,TikTok,Image,Gen Z,3549,26,1,148.74,82.73
27-05-2024,Campaign 1,TikTok,Image,Millennials,766,14,0,43.24,0
27-05-2024,Campaign 1,TikTok,Image,Gen X,74,1,0,2.42,0
27-05-2024,Campaign 1,TikTok,Carousel,Gen Z,2751,49,2,157.76,132.27
27-05-2024,Campaign 1,TikTok,Carousel,Millennials,520,7,0,30.3,0
27-05-2024,Campaign 1,TikTok,Carousel,Gen X,298,7,0,9.93,0
27-05-2024,Campaign 1,Facebook,Video,Gen Z,541,21,2,24.7,136.38
27-05-2024,Campaign 1,Facebook,Video,Millennials,5323,171,25,193.53,2472.81
27-05-2024,Campaign 1,Facebook,Video,Gen X,1064,33,3,53.95,220.23
27-05-2024,Campaign 1,Facebook,Image,Gen Z,1219,12,0,34.4,0
27-05-2024,Campaign 1,Facebook,Image,Millennials,2150,35,1,75.1,63.38
27-05-2024,Campaign 1,Facebook,Image,Gen X,1012,5,0,44.29,0
27-05-2024,Campaign 1,Facebook,Carousel,Gen Z,897,11,0,26.79,0
27-05-2024,Campaign 1,Facebook,Carousel,Millennials,4942,115,5,318.16,402.17
27-05-2024,Campaign 1,Facebook,Carousel,Gen X,1412,18,1,52.77,66.7
28-05-2024,Campaign 1,Instagram,Video,Gen Z,3448,75,8,178.45,454.12
28-05-2024,Campaign 1,Instagram,Video,Millennials,1212,35,5,39.74,433.32
28-05-2024,Campaign 1,Instagram,Video,Gen X,119,4,0,3.87,0
28-05-2024,Campaign 1,Instagram,Image,Gen Z,2328,24,0,108.68,0
28-05-2024,Campaign 1,Instagram,Image,Millennials,3194,39,0,206.88,0
28-05-2024,Campaign 1,Instagram,Image,Gen X,233,2,0,11.71,0
28-05-2024,Campaign 1,Instagram,Carousel,Gen Z,3989,94,5,158.99,413.53
28-05-2024,Campaign 1,Instagram,Carousel,Millennials,3287,97,5,83.21,262.66
28-05-2024,Campaign 1,Instagram,Carousel,Gen X,99,1,0,2.64,0
28-05-2024,Campaign 1,TikTok,Video,Gen Z,6148,301,43,415.72,4012.86
28-05-2024,Campaign 1,TikTok,Video,Millennials,904,18,1,29.3,88.2
28-05-2024,Campaign 1,TikTok,Video,Gen X,142,3,0,7.66,0
28-05-2024,Campaign 1,TikTok,Image,Gen Z,6259,116,3,169.51,258.98
28-05-2024,Campaign 1,TikTok,Image,Millennials,900,17,0,20.55,0
28-05-2024,Campaign 1,TikTok,Image,Gen X,106,0,0,2.83,0
28-05-2024,Campaign 1,TikTok,Carousel,Gen Z,5548,141,6,165.32,592.92
28-05-2024,Campaign 1,TikTok,Carousel,Millennials,911,25,0,58.15,0
28-05-2024,Campaign 1,TikTok,Carousel,Gen X,72,0,0,2.14,0
28-05-2024,Campaign 1,Facebook,Video,Gen Z,1078,47,5,28.48,487.56
28-05-2024,Campaign 1,Facebook,Video,Millennials,5171,206,19,235.5,1071.75
28-05-2024,Campaign 1,Facebook,Video,Gen X,1501,47,6,52.31,394.68
28-05-2024,Campaign 1,Facebook,Image,Gen Z,1438,19,0,57.19,0
28-05-2024,Campaign 1,Facebook,Image,Millennials,3407,60,1,144.91,95.27
28-05-2024,Campaign 1,Facebook,Image,Gen X,1391,27,0,71.5,0
28-05-2024,Campaign 1,Facebook,Carousel,Gen Z,1189,21,1,74.87,87.48
28-05-2024,Campaign 1,Facebook,Carousel,Millennials,5457,57,3,198.91,169.01
28-05-2024,Campaign 1,Facebook,Carousel,Gen X,1827,34,2,53.95,150.83
29-05-2024,Campaign 1,Instagram,Video,Gen Z,2919,76,7,75.14,489.77
29-05-2024,Campaign 1,Instagram,Video,Millennials,3957,94,11,157.35,953.32
29-05-2024,Campaign 1,Instagram,Video,Gen X,357,16,1,14.72,99.08
29-05-2024,Campaign 1,Instagram,Image,Gen Z,4338,27,0,206.74,0
29-05-2024,Campaign 1,Instagram,Image,Millennials,1798,22,0,75.92,0
29-05-2024,Campaign 1,Instagram,Image,Gen X,104,1,0,4.01,0
29-05-2024,Campaign 1,Instagram,Carousel,Gen Z,4118,79,6,152.65,570.74
29-05-2024,Campaign 1,Instagram,Carousel,Millennials,3647,95,5,83.85,260.32
29-05-2024,Campaign 1,Instagram,Carousel,Gen X,198,2,0,7.52,0
29-05-2024,Campaign 1,TikTok,Video,Gen Z,3945,175,26,140.53,1709.92
29-05-2024,Campaign 1,TikTok,Video,Millennials,661,32,3,33.63,200.23
29-05-2024,Campaign 1,TikTok,Video,Gen X,106,5,0,2.64,0
29-05-2024,Campaign 1,TikTok,Image,Gen Z,4496,81,3,206.2,223.53
29-05-2024,Campaign 1,TikTok,Image,Millennials,283,5,0,9.89,0
29-05-2024,Campaign 1,TikTok,Image,Gen X,103,1,0,5.38,0
29-05-2024,Campaign 1,TikTok,Carousel,Gen Z,3373,43,3,192.07,263.63
29-05-2024,Campaign 1,TikTok,Carousel,Millennials,301,8,0,18.73,0
29-05-2024,Campaign 1,TikTok,Carousel,Gen X,368,9,0,20.14,0
29-05-2024,Campaign 1,Facebook,Video,Gen Z,816,31,3,42.97,277.29
29-05-2024,Campaign 1,Facebook,Video,Millennials,4280,100,13,245.93,771.1
29-05-2024,Campaign 1,Facebook,Video,Gen X,2049,64,5,52.31,366.66
29-05-2024,Campaign 1,Facebook,Image,Gen Z,1317,11,0,77.65,0
29-05-2024,Campaign 1,Facebook,Image,Millennials,2677,16,0,156.39,0
29-05-2024,Campaign 1,Facebook,Image,Gen X,1251,12,0,34.36,0
29-05-2024,Campaign 1,Facebook,Carousel,Gen Z,1131,22,1,26.25,69.78
29-05-2024,Campaign 1,Facebook,Carousel,Millennials,4984,102,7,160.72,561.6
29-05-2024,Campaign 1,Facebook,Carousel,Gen X,1696,25,1,95.28,54.69
30-05-2024,Campaign 1,Instagram,Video,Gen Z,2519,78,5,127.18,406.01
30-05-2024,Campaign 1,Instagram,Video,Millennials,1174,40,3,35.41,275.61
30-05-2024,Campaign 1,Instagram,Video,Gen X,193,5,0,10.8,0
30-05-2024,Campaign 1,Instagram,Image,Gen Z,4974,80,3,180.13,232.62
30-05-2024,Campaign 1,Instagram,Image,Millennials,1865,30,0,98.38,0
30-05-2024,Campaign 1,Instagram,Image,Gen X,470,8,0,18.87,0
30-05-2024,Campaign 1,Instagram,Carousel,Gen Z,4545,48,2,149.92,181.52
30-05-2024,Campaign 1,Instagram,Carousel,Millennials,3047,43,2,171.02,117.71
30-05-2024,Campaign 1,Instagram,Carousel,Gen X,316,7,0,18.14,0
30-05-2024,Campaign 1,TikTok,Video,Gen Z,6323,286,29,154.43,1493
30-05-2024,Campaign 1,TikTok,Video,Millennials,378,13,1,25.79,98.76
30-05-2024,Campaign 1,TikTok,Video,Gen X,59,2,0,2.14,0
30-05-2024,Campaign 1,TikTok,Image,Gen Z,4866,40,1,325.08,97.35
30-05-2024,Campaign 1,TikTok,Image,Millennials,573,9,0,31.9,0
30-05-2024,Campaign 1,TikTok,Image,Gen X,457,8,0,31.03,0
30-05-2024,Campaign 1,TikTok,Carousel,Gen Z,4196,104,7,101.12,350
30-05-2024,Campaign 1,TikTok,Carousel,Millennials,880,23,1,33.68,50.1
30-05-2024,Campaign 1,TikTok,Carousel,Gen X,309,4,0,12.12,0
30-05-2024,Campaign 1,Facebook,Video,Gen Z,990,45,4,37.73,353.91
30-05-2024,Campaign 1,Facebook,Video,Millennials,3997,177,25,175.03,2281.05
30-05-2024,Campaign 1,Facebook,Video,Gen X,1156,25,2,76.74,198.35
30-05-2024,Campaign 1,Facebook,Image,Gen Z,1073,13,0,36.73,0
30-05-2024,Campaign 1,Facebook,Image,Millennials,5551,64,2,315.88,157.83
30-05-2024,Campaign 1,Facebook,Image,Gen X,2600,24,0,70.4,0
30-05-2024,Campaign 1,Facebook,Carousel,Gen Z,1346,13,0,68.85,0
30-05-2024,Campaign 1,Facebook,Carousel,Millennials,5864,117,8,254.95,510.89
30-05-2024,Campaign 1,Facebook,Carousel,Gen X,2211,56,2,126.45,192.69
31-05-2024,Campaign 1,Instagram,Video,Gen Z,1796,89,4,114.56,200.79
31-05-2024,Campaign 1,Instagram,Video,Millennials,2250,91,8,63.7,423.44
31-05-2024,Campaign 1,Instagram,Video,Gen X,298,8,0,17.27,0
31-05-2024,Campaign 1,Instagram,Image,Gen Z,2436,40,0,156.16,0
31-05-2024,Campaign 1,Instagram,Image,Millennials,1886,16,0,71.5,0
31-05-2024,Campaign 1,Instagram,Image,Gen X,500,3,0,12.35,0
31-05-2024,Campaign 1,Instagram,Carousel,Gen Z,3660,80,5,208.34,392.93
31-05-2024,Campaign 1,Instagram,Carousel,Millennials,1510,37,1,88.04,90.23
31-05-2024,Campaign 1,Instagram,Carousel,Gen X,329,8,0,12.49,0
31-05-2024,Campaign 1,TikTok,Video,Gen Z,7217,336,38,211.85,3676.3
31-05-2024,Campaign 1,TikTok,Video,Millennials,523,12,1,32.95,54.57
31-05-2024,Campaign 1,TikTok,Video,Gen X,251,12,0,12.35,0
31-05-2024,Campaign 1,TikTok,Image,Gen Z,2562,46,2,118.16,183.08
31-05-2024,Campaign 1,TikTok,Image,Millennials,960,5,0,60.01,0
31-05-2024,Campaign 1,TikTok,Image,Gen X,247,2,0,14.81,0
31-05-2024,Campaign 1,TikTok,Carousel,Gen Z,4814,103,7,303.17,498.64
31-05-2024,Campaign 1,TikTok,Carousel,Millennials,555,8,0,18.32,0
31-05-2024,Campaign 1,TikTok,Carousel,Gen X,425,12,0,18.55,0
31-05-2024,Campaign 1,Facebook,Video,Gen Z,1071,41,4,64.84,375.53
31-05-2024,Campaign 1,Facebook,Video,Millennials,3096,110,8,170.43,689.41
31-05-2024,Campaign 1,Facebook,Video,Gen X,1906,69,9,46.94,628.88
31-05-2024,Campaign 1,Facebook,Image,Gen Z,695,5,0,40.33,0
31-05-2024,Campaign 1,Facebook,Image,Millennials,2427,32,1,151.47,88.79
31-05-2024,Campaign 1,Facebook,Image,Gen X,1581,29,0,55.59,0
31-05-2024,Campaign 1,Facebook,Carousel,Gen Z,1479,18,0,59.65,0
31-05-2024,Campaign 1,Facebook,Carousel,Millennials,2018,49,1,133.15,76.91
31-05-2024,Campaign 1,Facebook,Carousel,Gen X,2946,63,1,87.22,87.29
01-06-2024,Campaign 3,Instagram,Video,Gen Z,3151,117,12,33.09,707.3
01-06-2024,Campaign 3,Instagram,Video,Millennials,2231,46,3,53.68,163.52
01-06-2024,Campaign 3,Instagram,Video,Gen X,583,17,1,13,83.31
01-06-2024,Campaign 3,Instagram,Image,Gen Z,9437,59,0,172.05,0
01-06-2024,Campaign 3,Instagram,Image,Millennials,6881,56,2,93.47,125.37
01-06-2024,Campaign 3,Instagram,Image,Gen X,281,5,0,4.56,0
01-06-2024,Campaign 3,Instagram,Carousel,Gen Z,5024,101,5,87.83,417.46
01-06-2024,Campaign 3,Instagram,Carousel,Millennials,7563,92,4,129.95,298.21
01-06-2024,Campaign 3,Instagram,Carousel,Gen X,178,3,0,2.21,0
01-06-2024,Campaign 3,TikTok,Video,Gen Z,9286,403,40,139.7,2930.18
01-06-2024,Campaign 3,TikTok,Video,Millennials,1001,24,2,23.9,154.31
01-06-2024,Campaign 3,TikTok,Video,Gen X,790,24,3,15.77,299.2
01-06-2024,Campaign 3,TikTok,Image,Gen Z,11806,218,7,294.39,550.86
01-06-2024,Campaign 3,TikTok,Image,Millennials,512,5,0,10.21,0
01-06-2024,Campaign 3,TikTok,Image,Gen X,908,12,0,18.58,0
01-06-2024,Campaign 3,TikTok,Carousel,Gen Z,6002,152,11,152.06,1015.72
01-06-2024,Campaign 3,TikTok,Carousel,Millennials,1270,29,0,23.2,0
01-06-2024,Campaign 3,TikTok,Carousel,Gen X,895,25,0,20.47,0
01-06-2024,Campaign 3,Facebook,Video,Gen Z,2405,84,12,30.38,1137.6
01-06-2024,Campaign 3,Facebook,Video,Millennials,4446,153,15,56.61,1137.94
01-06-2024,Campaign 3,Facebook,Video,Gen X,4649,147,19,106.03,1083.99
01-06-2024,Campaign 3,Facebook,Image,Gen Z,1830,30,0,26.73,0
01-06-2024,Campaign 3,Facebook,Image,Millennials,6701,54,1,131.98,75.07
01-06-2024,Campaign 3,Facebook,Image,Gen X,4134,25,0,63.95,0
01-06-2024,Campaign 3,Facebook,Carousel,Gen Z,2877,65,4,44.87,200.12
01-06-2024,Campaign 3,Facebook,Carousel,Millennials,4411,90,3,72.68,187.05
01-06-2024,Campaign 3,Facebook,Carousel,Gen X,5331,122,8,68.49,571.98
02-06-2024,Campaign 3,Instagram,Video,Gen Z,7895,271,15,82.79,1442.01
02-06-2024,Campaign 3,Instagram,Video,Millennials,2175,98,5,31.74,314.84
02-06-2024,Campaign 3,Instagram,Video,Gen X,791,35,3,16.72,266.45
02-06-2024,Campaign 3,Instagram,Image,Gen Z,7780,48,1,147.51,86.31
02-06-2024,Campaign 3,Instagram,Image,Millennials,4684,32,0,117.99,0
02-06-2024,Campaign 3,Instagram,Image,Gen X,999,6,0,15.79,0
02-06-2024,Campaign 3,Instagram,Carousel,Gen Z,5583,109,3,74.35,260.56
02-06-2024,Campaign 3,Instagram,Carousel,Millennials,3741,107,4,88.37,240.94
02-06-2024,Campaign 3,Instagram,Carousel,Gen X,375,7,0,8.75,0
02-06-2024,Campaign 3,TikTok,Video,Gen Z,12262,365,32,296.74,2505.29
02-06-2024,Campaign 3,TikTok,Video,Millennials,1492,30,3,24.86,177.04
02-06-2024,Campaign 3,TikTok,Video,Gen X,515,23,2,15.31,194.63
02-06-2024,Campaign 3,TikTok,Image,Gen Z,12501,240,2,311.33,127.19
02-06-2024,Campaign 3,TikTok,Image,Millennials,1093,21,0,23.4,0
02-06-2024,Campaign 3,TikTok,Image,Gen X,870,5,0,19.73,0
02-06-2024,Campaign 3,TikTok,Carousel,Gen Z,10103,107,8,234.37,606.19
02-06-2024,Campaign 3,TikTok,Carousel,Millennials,879,16,0,11.76,0
02-06-2024,Campaign 3,TikTok,Carousel,Gen X,498,5,0,9.87,0
02-06-2024,Campaign 3,Facebook,Video,Gen Z,1713,39,2,46.49,150.64
02-06-2024,Campaign 3,Facebook,Video,Millennials,11839,588,56,212.56,5374.92
02-06-2024,Campaign 3,Facebook,Video,Gen X,4547,105,14,117.93,1225.61
02-06-2024,Campaign 3,Facebook,Image,Gen Z,2228,13,0,31.3,0
02-06-2024,Campaign 3,Facebook,Image,Millennials,5164,46,1,114.82,55.41
02-06-2024,Campaign 3,Facebook,Image,Gen X,2591,28,1,48.48,96.3
02-06-2024,Campaign 3,Facebook,Carousel,Gen Z,2523,48,1,43.24,51.45
02-06-2024,Campaign 3,Facebook,Carousel,Millennials,10539,142,11,264.97,774.76
02-06-2024,Campaign 3,Facebook,Carousel,Gen X,5162,90,3,99.85,191.4
03-06-2024,Campaign 3,Instagram,Video,Gen Z,3030,106,5,35.08,447.19
03-06-2024,Campaign 3,Instagram,Video,Millennials,5569,224,29,136.27,2750.56
03-06-2024,Campaign 3,Instagram,Video,Gen X,167,5,0,2.67,0
03-06-2024,Campaign 3,Instagram,Image,Gen Z,3127,58,1,90.46,75.84
03-06-2024,Campaign 3,Instagram,Image,Millennials,7515,68,0,212.94,0
03-06-2024,Campaign 3,Instagram,Image,Gen X,661,12,0,11.06,0
03-06-2024,Campaign 3,Instagram,Carousel,Gen Z,7278,100,3,203.03,175.95
03-06-2024,Campaign 3,Instagram,Carousel,Millennials,4702,113,4,113.13,305.36
03-06-2024,Campaign 3,Instagram,Carousel,Gen X,442,12,0,7.06,0
03-06-2024,Campaign 3,TikTok,Video,Gen Z,6489,261,14,142.63,854.01
03-06-2024,Campaign 3,TikTok,Video,Millennials,702,30,3,7.34,207.53
03-06-2024,Campaign 3,TikTok,Video,Gen X,908,44,2,23.56,169.91
03-06-2024,Campaign 3,TikTok,Image,Gen Z,10766,127,2,188.22,152.22
03-06-2024,Campaign 3,TikTok,Image,Millennials,1984,31,0,52.91,0
03-06-2024,Campaign 3,TikTok,Image,Gen X,441,4,0,11.1,0
03-06-2024,Campaign 3,TikTok,Carousel,Gen Z,6940,149,4,163.92,342.55
03-06-2024,Campaign 3,TikTok,Carousel,Millennials,1350,33,2,31.04,156.39
03-06-2024,Campaign 3,TikTok,Carousel,Gen X,130,1,0,2.51,0
03-06-2024,Campaign 3,Facebook,Video,Gen Z,2091,62,8,22.8,571.57
03-06-2024,Campaign 3,Facebook,Video,Millennials,9917,204,20,110.3,1550.87
03-06-2024,Campaign 3,Facebook,Video,Gen X,4770,100,12,109.38,749.71
03-06-2024,Campaign 3,Facebook,Image,Gen Z,1026,13,0,17.14,0
03-06-2024,Campaign 3,Facebook,Image,Millennials,5128,37,0,153.53,0
03-06-2024,Campaign 3,Facebook,Image,Gen X,4511,74,1,82.65,59.83
03-06-2024,Campaign 3,Facebook,Carousel,Gen Z,2451,33,2,42.38,118.64
03-06-2024,Campaign 3,Facebook,Carousel,Millennials,11425,331,7,338.21,654.69
03-06-2024,Campaign 3,Facebook,Carousel,Gen X,3907,49,3,112.01,252.51
04-06-2024,Campaign 3,Instagram,Video,Gen Z,4367,157,17,130.97,1696.66
04-06-2024,Campaign 3,Instagram,Video,Millennials,4283,151,18,71.01,1463.75
04-06-2024,Campaign 3,Instagram,Video,Gen X,187,6,0,3.61,0
04-06-2024,Campaign 3,Instagram,Image,Gen Z,7014,128,2,76.35,164.99
04-06-2024,Campaign 3,Instagram,Image,Millennials,5400,59,2,72.96,114.55
04-06-2024,Campaign 3,Instagram,Image,Gen X,956,17,0,24.02,0
04-06-2024,Campaign 3,Instagram,Carousel,Gen Z,5415,74,5,85.46,307.74
04-06-2024,Campaign 3,Instagram,Carousel,Millennials,7623,136,6,217.42,468
04-06-2024,Campaign 3,Instagram,Carousel,Gen X,339,5,0,9.39,0
04-06-2024,Campaign 3,TikTok,Video,Gen Z,11704,457,55,298.28,4496.39
04-06-2024,Campaign 3,TikTok,Video,Millennials,1730,81,10,25.5,989.99
04-06-2024,Campaign 3,TikTok,Video,Gen X,769,33,4,22.39,230.23
04-06-2024,Campaign 3,TikTok,Image,Gen Z,9022,130,5,137.91,423.28
04-06-2024,Campaign 3,TikTok,Image,Millennials,881,13,0,13.42,0
04-06-2024,Campaign 3,TikTok,Image,Gen X,922,8,0,25.83,0
04-06-2024,Campaign 3,TikTok,Carousel,Gen Z,12476,234,14,369.88,1248.4
04-06-2024,Campaign 3,TikTok,Carousel,Millennials,846,24,0,25.22,0
04-06-2024,Campaign 3,TikTok,Carousel,Gen X,349,9,0,4.39,0
04-06-2024,Campaign 3,Facebook,Video,Gen Z,2820,75,10,29.08,773
04-06-2024,Campaign 3,Facebook,Video,Millennials,4044,140,7,62.93,586.87
04-06-2024,Campaign 3,Facebook,Video,Gen X,3907,183,21,115.32,1585.37
04-06-2024,Campaign 3,Facebook,Image,Gen Z,1359,9,0,30.02,0
04-06-2024,Campaign 3,Facebook,Image,Millennials,10215,173,7,141.65,577.56
04-06-2024,Campaign 3,Facebook,Image,Gen X,2481,32,0,35.58,0
04-06-2024,Campaign 3,Facebook,Carousel,Gen Z,1323,35,1,33.61,61.49
04-06-2024,Campaign 3,Facebook,Carousel,Millennials,5486,135,9,90.58,489.67
04-06-2024,Campaign 3,Facebook,Carousel,Gen X,5574,88,4,154.01,223.77
05-06-2024,Campaign 3,Instagram,Video,Gen Z,9263,290,42,104.81,3724.84
05-06-2024,Campaign 3,Instagram,Video,Millennials,2292,61,3,29.64,219.59
05-06-2024,Campaign 3,Instagram,Video,Gen X,534,22,2,13.69,158.1
05-06-2024,Campaign 3,Instagram,Image,Gen Z,5160,37,1,109.9,91.6
05-06-2024,Campaign 3,Instagram,Image,Millennials,2877,37,1,79.82,72.25
05-06-2024,Campaign 3,Instagram,Image,Gen X,472,4,0,12.9,0
05-06-2024,Campaign 3,Instagram,Carousel,Gen Z,4415,55,3,132.52,239.33
05-06-2024,Campaign 3,Instagram,Carousel,Millennials,2542,29,1,45.97,78.37
05-06-2024,Campaign 3,Instagram,Carousel,Gen X,928,18,0,22.59,0
05-06-2024,Campaign 3,TikTok,Video,Gen Z,12261,310,42,252.39,3920.25
05-06-2024,Campaign 3,TikTok,Video,Millennials,1015,37,2,20.57,136.8
05-06-2024,Campaign 3,TikTok,Video,Gen X,295,9,0,8.31,0
05-06-2024,Campaign 3,TikTok,Image,Gen Z,14744,278,8,407.22,449.94
05-06-2024,Campaign 3,TikTok,Image,Millennials,705,12,0,18.88,0
05-06-2024,Campaign 3,TikTok,Image,Gen X,679,10,0,7.99,0
05-06-2024,Campaign 3,TikTok,Carousel,Gen Z,6898,104,4,190.07,234.13
05-06-2024,Campaign 3,TikTok,Carousel,Millennials,1904,52,2,41.3,116.29
05-06-2024,Campaign 3,TikTok,Carousel,Gen X,267,4,0,3.87,0
05-06-2024,Campaign 3,Facebook,Video,Gen Z,2338,60,4,41.48,324.65
05-06-2024,Campaign 3,Facebook,Video,Millennials,4832,102,8,114.62,629.47
05-06-2024,Campaign 3,Facebook,Video,Gen X,5720,118,8,67.9,534.54
05-06-2024,Campaign 3,Facebook,Image,Gen Z,1249,19,0,25.14,0
05-06-2024,Campaign 3,Facebook,Image,Millennials,8800,160,4,159.08,281.07
05-06-2024,Campaign 3,Facebook,Image,Gen X,3622,70,1,38.69,72.29
05-06-2024,Campaign 3,Facebook,Carousel,Gen Z,2988,34,0,32.67,0
05-06-2024,Campaign 3,Facebook,Carousel,Millennials,10778,172,10,253.52,999.01
05-06-2024,Campaign 3,Facebook,Carousel,Gen X,3011,44,1,88.93,58.94
06-06-2024,Campaign 3,Instagram,Video,Gen Z,6291,249,32,117.75,2497.1
06-06-2024,Campaign 3,Instagram,Video,Millennials,3920,115,10,58.39,945.38
06-06-2024,Campaign 3,Instagram,Video,Gen X,561,13,1,16.88,82.63
06-06-2024,Campaign 3,Instagram,Image,Gen Z,8690,125,3,149.55,150.15
06-06-2024,Campaign 3,Instagram,Image,Millennials,5373,55,2,87.81,111.94
06-06-2024,Campaign 3,Instagram,Image,Gen X,793,7,0,17.34,0
06-06-2024,Campaign 3,Instagram,Carousel,Gen Z,5959,134,7,82.27,680.28
06-06-2024,Campaign 3,Instagram,Carousel,Millennials,2889,80,4,52.95,272.31
06-06-2024,Campaign 3,Instagram,Carousel,Gen X,416,4,0,8.51,0
06-06-2024,Campaign 3,TikTok,Video,Gen Z,5247,256,14,56.75,1391.04
06-06-2024,Campaign 3,TikTok,Video,Millennials,562,12,1,11.08,87.56
06-06-2024,Campaign 3,TikTok,Video,Gen X,278,9,0,5.28,0
06-06-2024,Campaign 3,TikTok,Image,Gen Z,9690,76,3,135.25,241.57
06-06-2024,Campaign 3,TikTok,Image,Millennials,1405,11,0,34.25,0
06-06-2024,Campaign 3,TikTok,Image,Gen X,682,12,0,19.58,0
06-06-2024,Campaign 3,TikTok,Carousel,Gen Z,10605,120,7,178.33,472.98
06-06-2024,Campaign 3,TikTok,Carousel,Millennials,1173,32,2,23.06,126.12
06-06-2024,Campaign 3,TikTok,Carousel,Gen X,978,16,1,11.44,79.55
06-06-2024,Campaign 3,Facebook,Video,Gen Z,1324,34,4,20.97,336.69
06-06-2024,Campaign 3,Facebook,Video,Millennials,10675,275,29,123.09,1954.73
06-06-2024,Campaign 3,Facebook,Video,Gen X,4699,214,11,55.5,681.37
06-06-2024,Campaign 3,Facebook,Image,Gen Z,1903,11,0,50.91,0
06-06-2024,Campaign 3,Facebook,Image,Millennials,8206,82,3,123.77,284.51
06-06-2024,Campaign 3,Facebook,Image,Gen X,3220,19,0,62.91,0
06-06-2024,Campaign 3,Facebook,Carousel,Gen Z,2133,27,0,41.44,0
06-06-2024,Campaign 3,Facebook,Carousel,Millennials,5963,124,7,179.27,475.51
06-06-2024,Campaign 3,Facebook,Carousel,Gen X,3484,103,5,46.29,275.84
07-06-2024,Campaign 3,Instagram,Video,Gen Z,9450,211,10,165.12,872.9
07-06-2024,Campaign 3,Instagram,Video,Millennials,6752,232,32,124.51,1957.17
07-06-2024,Campaign 3,Instagram,Video,Gen X,759,32,3,11.94,271.42
07-06-2024,Campaign 3,Instagram,Image,Gen Z,5398,75,2,74.93,192.17
07-06-2024,Campaign 3,Instagram,Image,Millennials,4036,59,1,48.6,95.56
07-06-2024,Campaign 3,Instagram,Image,Gen X,126,1,0,2.19,0
07-06-2024,Campaign 3,Instagram,Carousel,Gen Z,7961,144,4,118.89,378.5
07-06-2024,Campaign 3,Instagram,Carousel,Millennials,7444,205,8,160.23,760.15
07-06-2024,Campaign 3,Instagram,Carousel,Gen X,279,7,0,3.61,0
07-06-2024,Campaign 3,TikTok,Video,Gen Z,7478,237,35,166.91,2392.93
07-06-2024,Campaign 3,TikTok,Video,Millennials,1802,60,8,49.52,588.28
07-06-2024,Campaign 3,TikTok,Video,Gen X,303,9,0,7.79,0
07-06-2024,Campaign 3,TikTok,Image,Gen Z,5760,79,1,123.47,50.2
07-06-2024,Campaign 3,TikTok,Image,Millennials,1670,13,0,21.31,0
07-06-2024,Campaign 3,TikTok,Image,Gen X,907,10,0,18.88,0
07-06-2024,Campaign 3,TikTok,Carousel,Gen Z,8200,101,2,219.74,168.33
07-06-2024,Campaign 3,TikTok,Carousel,Millennials,611,7,0,11.72,0
07-06-2024,Campaign 3,TikTok,Carousel,Gen X,770,17,1,22.31,58.5
07-06-2024,Campaign 3,Facebook,Video,Gen Z,1964,63,7,27.73,576.26
07-06-2024,Campaign 3,Facebook,Video,Millennials,5964,237,18,75.33,1419.78
07-06-2024,Campaign 3,Facebook,Video,Gen X,4389,132,14,130.15,998.79
07-06-2024,Campaign 3,Facebook,Image,Gen Z,1077,15,0,23.78,0
07-06-2024,Campaign 3,Facebook,Image,Millennials,5563,37,1,56.19,70.09
07-06-2024,Campaign 3,Facebook,Image,Gen X,3900,44,1,78.24,82.97
07-06-2024,Campaign 3,Facebook,Carousel,Gen Z,1505,31,1,30,71.83
07-06-2024,Campaign 3,Facebook,Carousel,Millennials,5966,98,7,80.51,434.59
07-06-2024,Campaign 3,Facebook,Carousel,Gen X,3879,90,4,75.33,299.48
08-06-2024,Campaign 3,Instagram,Video,Gen Z,6925,258,20,128.16,1486.59
08-06-2024,Campaign 3,Instagram,Video,Millennials,2384,98,8,43.7,549.48
08-06-2024,Campaign 3,Instagram,Video,Gen X,259,9,1,3.21,55.64
08-06-2024,Campaign 3,Instagram,Image,Gen Z,4865,76,3,110.87,294.53
08-06-2024,Campaign 3,Instagram,Image,Millennials,6704,66,0,146.04,0
08-06-2024,Campaign 3,Instagram,Image,Gen X,884,7,0,20.39,0
08-06-2024,Campaign 3,Instagram,Carousel,Gen Z,6265,184,13,99.51,862.37
08-06-2024,Campaign 3,Instagram,Carousel,Millennials,6991,70,3,106.03,158.42
08-06-2024,Campaign 3,Instagram,Carousel,Gen X,362,9,0,3.81,0
08-06-2024,Campaign 3,TikTok,Video,Gen Z,8255,375,27,180.39,2275.67
08-06-2024,Campaign 3,TikTok,Video,Millennials,982,22,2,15.27,101.76
08-06-2024,Campaign 3,TikTok,Video,Gen X,116,2,0,2.67,0
08-06-2024,Campaign 3,TikTok,Image,Gen Z,14210,201,2,288.25,149.73
08-06-2024,Campaign 3,TikTok,Image,Millennials,965,13,0,24.18,0
08-06-2024,Campaign 3,TikTok,Image,Gen X,126,0,0,1.42,0
08-06-2024,Campaign 3,TikTok,Carousel,Gen Z,7704,169,5,196.55,406.72
08-06-2024,Campaign 3,TikTok,Carousel,Millennials,1001,20,0,29.84,0
08-06-2024,Campaign 3,TikTok,Carousel,Gen X,320,8,0,6.68,0
08-06-2024,Campaign 3,Facebook,Video,Gen Z,1930,88,6,33.37,489.79
08-06-2024,Campaign 3,Facebook,Video,Millennials,9376,299,43,190.11,3154.93
08-06-2024,Campaign 3,Facebook,Video,Gen X,4355,173,24,60.1,1838.17
08-06-2024,Campaign 3,Facebook,Image,Gen Z,1774,30,0,37.16,0
08-06-2024,Campaign 3,Facebook,Image,Millennials,9156,77,0,145.32,0
08-06-2024,Campaign 3,Facebook,Image,Gen X,4310,78,3,92.42,266.2
08-06-2024,Campaign 3,Facebook,Carousel,Gen Z,1091,15,0,23.84,0
08-06-2024,Campaign 3,Facebook,Carousel,Millennials,5709,58,2,102.22,124.1
08-06-2024,Campaign 3,Facebook,Carousel,Gen X,5638,65,2,72.76,132.94
09-06-2024,Campaign 3,Instagram,Video,Gen Z,9721,370,40,120.48,3200.45
09-06-2024,Campaign 3,Instagram,Video,Millennials,5099,133,19,130.29,1640.24
09-06-2024,Campaign 3,Instagram,Video,Gen X,789,18,1,21.23,71.35
09-06-2024,Campaign 3,Instagram,Image,Gen Z,9758,60,1,182.88,63.03
09-06-2024,Campaign 3,Instagram,Image,Millennials,5343,27,1,105.67,97.5
09-06-2024,Campaign 3,Instagram,Image,Gen X,867,16,0,21.41,0
09-06-2024,Campaign 3,Instagram,Carousel,Gen Z,7081,105,7,115.42,444.46
09-06-2024,Campaign 3,Instagram,Carousel,Millennials,5281,142,4,54.6,338.05
09-06-2024,Campaign 3,Instagram,Carousel,Gen X,232,6,0,3.19,0
09-06-2024,Campaign 3,TikTok,Video,Gen Z,9002,238,14,113.88,743.56
09-06-2024,Campaign 3,TikTok,Video,Millennials,1290,63,5,21.69,298.07
09-06-2024,Campaign 3,TikTok,Video,Gen X,131,5,0,1.59,0
09-06-2024,Campaign 3,TikTok,Image,Gen Z,11138,70,1,132.4,75.42
09-06-2024,Campaign 3,TikTok,Image,Millennials,1395,25,1,23.48,67.74
09-06-2024,Campaign 3,TikTok,Image,Gen X,381,2,0,6.92,0
09-06-2024,Campaign 3,TikTok,Carousel,Gen Z,12043,183,13,350.44,824.95
09-06-2024,Campaign 3,TikTok,Carousel,Millennials,1226,18,1,31.93,62.36
09-06-2024,Campaign 3,TikTok,Carousel,Gen X,601,14,0,12.34,0
09-06-2024,Campaign 3,Facebook,Video,Gen Z,2434,90,13,64.61,933.3
09-06-2024,Campaign 3,Facebook,Video,Millennials,11363,356,42,166.77,3716.04
09-06-2024,Campaign 3,Facebook,Video,Gen X,4113,146,21,91.1,1686.06
09-06-2024,Campaign 3,Facebook,Image,Gen Z,1784,30,1,36.2,91.91
09-06-2024,Campaign 3,Facebook,Image,Millennials,4522,56,1,62.99,84.47
09-06-2024,Campaign 3,Facebook,Image,Gen X,4949,45,2,104.48,126.83
09-06-2024,Campaign 3,Facebook,Carousel,Gen Z,1391,31,1,22.94,90.76
09-06-2024,Campaign 3,Facebook,Carousel,Millennials,9094,200,6,168.15,578.47
09-06-2024,Campaign 3,Facebook,Carousel,Gen X,3817,56,1,72.16,94.5
10-06-2024,Campaign 3,Instagram,Video,Gen Z,9123,387,30,230.3,2503.07
10-06-2024,Campaign 3,Instagram,Video,Millennials,3357,110,14,49.62,1364.16
10-06-2024,Campaign 3,Instagram,Video,Gen X,948,41,2,25.62,105.79
10-06-2024,Campaign 3,Instagram,Image,Gen Z,4360,79,0,70.31,0
10-06-2024,Campaign 3,Instagram,Image,Millennials,5045,100,3,135.45,181.94
10-06-2024,Campaign 3,Instagram,Image,Gen X,377,4,0,8.61,0
10-06-2024,Campaign 3,Instagram,Carousel,Gen Z,6207,90,4,66.36,227.18
10-06-2024,Campaign 3,Instagram,Carousel,Millennials,5254,73,4,147.17,256.56
10-06-2024,Campaign 3,Instagram,Carousel,Gen X,745,16,0,12.38,0
10-06-2024,Campaign 3,TikTok,Video,Gen Z,13653,626,52,167.85,3897.55
10-06-2024,Campaign 3,TikTok,Video,Millennials,1756,36,2,21.41,178.54
10-06-2024,Campaign 3,TikTok,Video,Gen X,763,22,2,9.57,175.57
10-06-2024,Campaign 3,TikTok,Image,Gen Z,12634,178,5,142.17,319.54
10-06-2024,Campaign 3,TikTok,Image,Millennials,809,12,0,9.13,0
10-06-2024,Campaign 3,TikTok,Image,Gen X,377,3,0,6.08,0
10-06-2024,Campaign 3,TikTok,Carousel,Gen Z,14926,377,20,277.17,1744.08
10-06-2024,Campaign 3,TikTok,Carousel,Millennials,1776,49,3,52.49,266.47
10-06-2024,Campaign 3,TikTok,Carousel,Gen X,610,11,0,15.25,0
10-06-2024,Campaign 3,Facebook,Video,Gen Z,2873,139,11,69.95,864.23
10-06-2024,Campaign 3,Facebook,Video,Millennials,11739,444,40,153.83,2938.85
10-06-2024,Campaign 3,Facebook,Video,Gen X,5474,158,18,58.69,1083.2
10-06-2024,Campaign 3,Facebook,Image,Gen Z,1099,18,0,26.39,0
10-06-2024,Campaign 3,Facebook,Image,Millennials,7188,121,2,140.26,120.07
10-06-2024,Campaign 3,Facebook,Image,Gen X,4588,27,0,92.02,0
10-06-2024,Campaign 3,Facebook,Carousel,Gen Z,1809,52,1,40.45,52.12
10-06-2024,Campaign 3,Facebook,Carousel,Millennials,5058,93,5,146.88,298.22
10-06-2024,Campaign 3,Facebook,Carousel,Gen X,5601,143,8,111.87,641.05
11-06-2024,Campaign 3,Instagram,Video,Gen Z,6027,144,19,160.67,1569.46
11-06-2024,Campaign 3,Instagram,Video,Millennials,7402,214,13,182.9,1286.09
11-06-2024,Campaign 3,Instagram,Video,Gen X,215,8,0,4.15,0
11-06-2024,Campaign 3,Instagram,Image,Gen Z,8162,101,2,230.56,113.34
11-06-2024,Campaign 3,Instagram,Image,Millennials,5172,69,2,115.82,194.21
11-06-2024,Campaign 3,Instagram,Image,Gen X,128,2,0,2.15,0
11-06-2024,Campaign 3,Instagram,Carousel,Gen Z,5520,63,2,75.11,177.43
11-06-2024,Campaign 3,Instagram,Carousel,Millennials,2694,74,5,72.96,414.23
11-06-2024,Campaign 3,Instagram,Carousel,Gen X,983,11,0,14.13,0
11-06-2024,Campaign 3,TikTok,Video,Gen Z,10601,415,30,188.64,2959.91
11-06-2024,Campaign 3,TikTok,Video,Millennials,688,14,2,12,169.54
11-06-2024,Campaign 3,TikTok,Video,Gen X,289,8,0,8.39,0
11-06-2024,Campaign 3,TikTok,Image,Gen Z,13428,141,2,257.13,180.71
11-06-2024,Campaign 3,TikTok,Image,Millennials,1950,15,0,49.26,0
11-06-2024,Campaign 3,TikTok,Image,Gen X,642,4,0,8.13,0
11-06-2024,Campaign 3,TikTok,Carousel,Gen Z,7718,216,11,145.02,778.52
11-06-2024,Campaign 3,TikTok,Carousel,Millennials,1031,30,1,15.19,59.69
11-06-2024,Campaign 3,TikTok,Carousel,Gen X,603,7,0,14.95,0
11-06-2024,Campaign 3,Facebook,Video,Gen Z,1895,65,4,34.73,371.29
11-06-2024,Campaign 3,Facebook,Video,Millennials,10391,240,31,302.98,1643.06
11-06-2024,Campaign 3,Facebook,Video,Gen X,4543,163,22,103.58,1690.36
11-06-2024,Campaign 3,Facebook,Image,Gen Z,1664,27,0,36.66,0
11-06-2024,Campaign 3,Facebook,Image,Millennials,5722,36,0,106.41,0
11-06-2024,Campaign 3,Facebook,Image,Gen X,3279,34,1,61.8,89.24
11-06-2024,Campaign 3,Facebook,Carousel,Gen Z,2946,36,0,83.8,0
11-06-2024,Campaign 3,Facebook,Carousel,Millennials,11014,253,11,160.91,588.52
11-06-2024,Campaign 3,Facebook,Carousel,Gen X,4898,66,2,72.54,183.75
12-06-2024,Campaign 3,Instagram,Video,Gen Z,4353,187,14,44.93,782.71
12-06-2024,Campaign 3,Instagram,Video,Millennials,2885,111,15,51.13,863.91
12-06-2024,Campaign 3,Instagram,Video,Gen X,365,17,2,8.11,124.27
12-06-2024,Campaign 3,Instagram,Image,Gen Z,5631,72,1,56.89,95.86
12-06-2024,Campaign 3,Instagram,Image,Millennials,2539,27,1,42.46,72.01
12-06-2024,Campaign 3,Instagram,Image,Gen X,652,5,0,13.22,0
12-06-2024,Campaign 3,Instagram,Carousel,Gen Z,8309,222,15,170.44,1445.45
12-06-2024,Campaign 3,Instagram,Carousel,Millennials,3901,107,5,64.95,383.07
12-06-2024,Campaign 3,Instagram,Carousel,Gen X,424,7,0,11.26,0
12-06-2024,Campaign 3,TikTok,Video,Gen Z,5829,254,19,89.39,1269.1
12-06-2024,Campaign 3,TikTok,Video,Millennials,1131,43,4,17.66,280.79
12-06-2024,Campaign 3,TikTok,Video,Gen X,373,9,0,10.19,0
12-06-2024,Campaign 3,TikTok,Image,Gen Z,8752,56,2,234.83,168.13
12-06-2024,Campaign 3,TikTok,Image,Millennials,1406,17,0,23.3,0
12-06-2024,Campaign 3,TikTok,Image,Gen X,994,11,0,15.37,0
12-06-2024,Campaign 3,TikTok,Carousel,Gen Z,12092,359,24,339.08,1945.4
12-06-2024,Campaign 3,TikTok,Carousel,Millennials,1122,19,0,23.36,0
12-06-2024,Campaign 3,TikTok,Carousel,Gen X,245,3,0,7.12,0
12-06-2024,Campaign 3,Facebook,Video,Gen Z,2295,107,13,35.82,889.14
12-06-2024,Campaign 3,Facebook,Video,Millennials,11429,437,43,202.33,4082.15
12-06-2024,Campaign 3,Facebook,Video,Gen X,3042,78,7,52.25,451.76
12-06-2024,Campaign 3,Facebook,Image,Gen Z,2072,29,0,47.86,0
12-06-2024,Campaign 3,Facebook,Image,Millennials,9420,113,1,158.88,90.66
12-06-2024,Campaign 3,Facebook,Image,Gen X,4859,64,3,144.42,192.26
12-06-2024,Campaign 3,Facebook,Carousel,Gen Z,2640,29,2,56.61,138.51
12-06-2024,Campaign 3,Facebook,Carousel,Millennials,6048,78,1,174.86,91.46
12-06-2024,Campaign 3,Facebook,Carousel,Gen X,2052,31,1,58.87,92.83
13-06-2024,Campaign 3,Instagram,Video,Gen Z,4380,102,11,79.2,654.94
13-06-2024,Campaign 3,Instagram,Video,Millennials,3831,111,9,114.52,510.27
13-06-2024,Campaign 3,Instagram,Video,Gen X,842,40,3,14.09,168.95
13-06-2024,Campaign 3,Instagram,Image,Gen Z,5309,80,1,54,66.93
13-06-2024,Campaign 3,Instagram,Image,Millennials,7782,103,3,211.8,196.25
13-06-2024,Campaign 3,Instagram,Image,Gen X,194,1,0,3.35,0
13-06-2024,Campaign 3,Instagram,Carousel,Gen Z,7009,157,5,199.76,393.73
13-06-2024,Campaign 3,Instagram,Carousel,Millennials,3904,63,3,96.38,209.77
13-06-2024,Campaign 3,Instagram,Carousel,Gen X,881,23,0,16.55,0
13-06-2024,Campaign 3,TikTok,Video,Gen Z,9555,255,32,189.02,2815.95
13-06-2024,Campaign 3,TikTok,Video,Millennials,1540,74,9,21.55,701.3
13-06-2024,Campaign 3,TikTok,Video,Gen X,865,32,3,15.91,183.55
13-06-2024,Campaign 3,TikTok,Image,Gen Z,12661,178,5,285.56,302.07
13-06-2024,Campaign 3,TikTok,Image,Millennials,801,8,0,14.85,0
13-06-2024,Campaign 3,TikTok,Image,Gen X,497,8,0,10.45,0
13-06-2024,Campaign 3,TikTok,Carousel,Gen Z,8415,170,3,96.16,151.11
13-06-2024,Campaign 3,TikTok,Carousel,Millennials,1240,22,1,33.47,80.46
13-06-2024,Campaign 3,TikTok,Carousel,Gen X,669,11,0,15.01,0
13-06-2024,Campaign 3,Facebook,Video,Gen Z,1786,50,3,41.96,182.67
13-06-2024,Campaign 3,Facebook,Video,Millennials,10784,300,22,299.61,1951.54
13-06-2024,Campaign 3,Facebook,Video,Gen X,2016,92,13,46.53,1089.28
13-06-2024,Campaign 3,Facebook,Image,Gen Z,1478,26,1,28.39,66.07
13-06-2024,Campaign 3,Facebook,Image,Millennials,11401,132,4,143.75,271.9
13-06-2024,Campaign 3,Facebook,Image,Gen X,4804,89,3,118.81,155.89
13-06-2024,Campaign 3,Facebook,Carousel,Gen Z,1345,26,0,23.86,0
13-06-2024,Campaign 3,Facebook,Carousel,Millennials,10939,161,11,255.84,869.38
13-06-2024,Campaign 3,Facebook,Carousel,Gen X,4698,103,3,79.56,276.79
14-06-2024,Campaign 3,Instagram,Video,Gen Z,4659,213,20,125.01,1318.01
14-06-2024,Campaign 3,Instagram,Video,Millennials,4415,102,13,122.38,1252.63
14-06-2024,Campaign 3,Instagram,Video,Gen X,985,22,1,21.65,86.14
14-06-2024,Campaign 3,Instagram,Image,Gen Z,3565,24,0,68.14,0
14-06-2024,Campaign 3,Instagram,Image,Millennials,4131,47,1,46.79,74.3
14-06-2024,Campaign 3,Instagram,Image,Gen X,419,2,0,9.67,0
14-06-2024,Campaign 3,Instagram,Carousel,Gen Z,9827,147,4,228.19,398.89
14-06-2024,Campaign 3,Instagram,Carousel,Millennials,6713,184,11,182.94,638.99
14-06-2024,Campaign 3,Instagram,Carousel,Gen X,355,10,0,5.64,0
14-06-2024,Campaign 3,TikTok,Video,Gen Z,10950,494,32,256.22,3060.19
14-06-2024,Campaign 3,TikTok,Video,Millennials,955,45,4,14.31,316.4
14-06-2024,Campaign 3,TikTok,Video,Gen X,277,11,0,3.37,0
14-06-2024,Campaign 3,TikTok,Image,Gen Z,9814,98,1,246.07,82.03
14-06-2024,Campaign 3,TikTok,Image,Millennials,1129,11,0,24.46,0
14-06-2024,Campaign 3,TikTok,Image,Gen X,414,2,0,11.78,0
14-06-2024,Campaign 3,TikTok,Carousel,Gen Z,8561,198,15,128.46,934.44
14-06-2024,Campaign 3,TikTok,Carousel,Millennials,999,18,1,12.06,56.65
14-06-2024,Campaign 3,TikTok,Carousel,Gen X,129,2,0,2.83,0
14-06-2024,Campaign 3,Facebook,Video,Gen Z,1363,50,5,22.96,340.49
14-06-2024,Campaign 3,Facebook,Video,Millennials,4339,159,8,96.38,612.07
14-06-2024,Campaign 3,Facebook,Video,Gen X,4908,236,26,126.36,2174.63
14-06-2024,Campaign 3,Facebook,Image,Gen Z,1552,18,0,19.91,0
14-06-2024,Campaign 3,Facebook,Image,Millennials,10152,84,2,282.15,134.52
14-06-2024,Campaign 3,Facebook,Image,Gen X,2684,48,1,55.76,93.04
14-06-2024,Campaign 3,Facebook,Carousel,Gen Z,1275,17,1,24.78,84.23
14-06-2024,Campaign 3,Facebook,Carousel,Millennials,5624,111,8,165.97,740.48
14-06-2024,Campaign 3,Facebook,Carousel,Gen X,3488,78,5,82.19,298.92
15-06-2024,Campaign 3,Instagram,Video,Gen Z,8335,170,10,222.39,822.79
15-06-2024,Campaign 3,Instagram,Video,Millennials,4821,168,23,109.46,1607.87
15-06-2024,Campaign 3,Instagram,Video,Gen X,676,25,2,10.27,160.71
15-06-2024,Campaign 3,Instagram,Image,Gen Z,4342,54,2,96.18,169.37
15-06-2024,Campaign 3,Instagram,Image,Millennials,4380,27,0,124.33,0
15-06-2024,Campaign 3,Instagram,Image,Gen X,818,14,0,22.07,0
15-06-2024,Campaign 3,Instagram,Carousel,Gen Z,6098,96,3,98.24,233.35
15-06-2024,Campaign 3,Instagram,Carousel,Millennials,6947,82,3,118.63,157.74
15-06-2024,Campaign 3,Instagram,Carousel,Gen X,940,17,1,10.98,52.02
15-06-2024,Campaign 3,TikTok,Video,Gen Z,11910,241,28,267.74,2302.98
15-06-2024,Campaign 3,TikTok,Video,Millennials,1744,74,9,33.59,458.75
15-06-2024,Campaign 3,TikTok,Video,Gen X,928,32,2,12.44,173.43
15-06-2024,Campaign 3,TikTok,Image,Gen Z,13527,111,2,398.09,184.87
15-06-2024,Campaign 3,TikTok,Image,Millennials,650,8,0,15.31,0
15-06-2024,Campaign 3,TikTok,Image,Gen X,211,2,0,3.33,0
15-06-2024,Campaign 3,TikTok,Carousel,Gen Z,5003,56,2,89.43,124.49
15-06-2024,Campaign 3,TikTok,Carousel,Millennials,563,8,0,11.06,0
15-06-2024,Campaign 3,TikTok,Carousel,Gen X,494,11,0,13.36,0
15-06-2024,Campaign 3,Facebook,Video,Gen Z,1305,47,3,37.9,276.77
15-06-2024,Campaign 3,Facebook,Video,Millennials,7323,298,26,114.74,2162.31
15-06-2024,Campaign 3,Facebook,Video,Gen X,4988,142,9,85.12,806.51
15-06-2024,Campaign 3,Facebook,Image,Gen Z,1964,36,1,58.37,88.74
15-06-2024,Campaign 3,Facebook,Image,Millennials,7310,57,0,136.01,0
15-06-2024,Campaign 3,Facebook,Image,Gen X,5916,68,2,70.83,174.38
15-06-2024,Campaign 3,Facebook,Carousel,Gen Z,2670,52,2,26.87,161.59
15-06-2024,Campaign 3,Facebook,Carousel,Millennials,8012,134,10,114.06,519.13
15-06-2024,Campaign 3,Facebook,Carousel,Gen X,4203,79,4,88.05,235.39
16-06-2024,Campaign 3,Instagram,Video,Gen Z,3374,163,16,65.8,1159.31
16-06-2024,Campaign 3,Instagram,Video,Millennials,2723,113,9,55.86,581.18
16-06-2024,Campaign 3,Instagram,Video,Gen X,405,10,1,8.93,88.18
16-06-2024,Campaign 3,Instagram,Image,Gen Z,6342,115,5,134.44,421.21
16-06-2024,Campaign 3,Instagram,Image,Millennials,4710,52,1,131.87,78
16-06-2024,Campaign 3,Instagram,Image,Gen X,164,2,0,2.19,0
16-06-2024,Campaign 3,Instagram,Carousel,Gen Z,4792,51,1,76.43,93.29
16-06-2024,Campaign 3,Instagram,Carousel,Millennials,3625,70,4,62.57,247.09
16-06-2024,Campaign 3,Instagram,Carousel,Gen X,795,21,1,15.57,82.46
16-06-2024,Campaign 3,TikTok,Video,Gen Z,11511,247,22,342.77,1300.58
16-06-2024,Campaign 3,TikTok,Video,Millennials,932,28,2,22.65,193.72
16-06-2024,Campaign 3,TikTok,Video,Gen X,171,8,0,2.43,0
16-06-2024,Campaign 3,TikTok,Image,Gen Z,14324,100,3,368.13,182.82
16-06-2024,Campaign 3,TikTok,Image,Millennials,1737,32,0,23.38,0
16-06-2024,Campaign 3,TikTok,Image,Gen X,958,15,0,27.57,0
16-06-2024,Campaign 3,TikTok,Carousel,Gen Z,7807,183,9,136.97,510.69
16-06-2024,Campaign 3,TikTok,Carousel,Millennials,1666,26,1,22.67,95.39
16-06-2024,Campaign 3,TikTok,Carousel,Gen X,916,15,1,11.02,60.25
16-06-2024,Campaign 3,Facebook,Video,Gen Z,1525,30,2,19.54,168.97
16-06-2024,Campaign 3,Facebook,Video,Millennials,4713,106,13,111.17,833.12
16-06-2024,Campaign 3,Facebook,Video,Gen X,5291,114,15,107.37,1214.21
16-06-2024,Campaign 3,Facebook,Image,Gen Z,1021,19,0,22.31,0
16-06-2024,Campaign 3,Facebook,Image,Millennials,5808,32,1,98.1,66.47
16-06-2024,Campaign 3,Facebook,Image,Gen X,2048,22,0,34.69,0
16-06-2024,Campaign 3,Facebook,Carousel,Gen Z,1328,30,0,37.64,0
16-06-2024,Campaign 3,Facebook,Carousel,Millennials,10833,315,24,285,1464.74
16-06-2024,Campaign 3,Facebook,Carousel,Gen X,5727,144,11,134.06,776.22
17-06-2024,Campaign 3,Instagram,Video,Gen Z,9242,453,64,163.34,4849.35
17-06-2024,Campaign 3,Instagram,Video,Millennials,4023,186,22,62.81,1591.53
17-06-2024,Campaign 3,Instagram,Video,Gen X,823,32,3,9.95,221.13
17-06-2024,Campaign 3,Instagram,Image,Gen Z,4790,88,3,97.18,248.96
17-06-2024,Campaign 3,Instagram,Image,Millennials,5995,55,1,75.21,95.67
17-06-2024,Campaign 3,Instagram,Image,Gen X,648,12,0,18.72,0
17-06-2024,Campaign 3,Instagram,Carousel,Gen Z,4704,68,3,129.45,160.29
17-06-2024,Campaign 3,Instagram,Carousel,Millennials,6665,194,4,185.99,274.97
17-06-2024,Campaign 3,Instagram,Carousel,Gen X,367,3,0,4.96,0
17-06-2024,Campaign 3,TikTok,Video,Gen Z,5448,148,19,66.24,1160.93
17-06-2024,Campaign 3,TikTok,Video,Millennials,1376,50,7,13.97,396.91
17-06-2024,Campaign 3,TikTok,Video,Gen X,346,15,2,8.91,165.28
17-06-2024,Campaign 3,TikTok,Image,Gen Z,12051,80,3,360.97,260.51
17-06-2024,Campaign 3,TikTok,Image,Millennials,1967,10,0,40.83,0
17-06-2024,Campaign 3,TikTok,Image,Gen X,929,12,0,26.89,0
17-06-2024,Campaign 3,TikTok,Carousel,Gen Z,8179,187,3,136.61,209.03
17-06-2024,Campaign 3,TikTok,Carousel,Millennials,1556,16,0,24.48,0
17-06-2024,Campaign 3,TikTok,Carousel,Gen X,1000,23,1,26.61,91.8
17-06-2024,Campaign 3,Facebook,Video,Gen Z,2615,80,5,30.18,410.24
17-06-2024,Campaign 3,Facebook,Video,Millennials,5058,186,27,128.95,2048.46
17-06-2024,Campaign 3,Facebook,Video,Gen X,2877,80,11,39.43,667.97
17-06-2024,Campaign 3,Facebook,Image,Gen Z,2162,42,2,56.19,162.91
17-06-2024,Campaign 3,Facebook,Image,Millennials,8663,76,2,112.05,139.71
17-06-2024,Campaign 3,Facebook,Image,Gen X,5541,55,2,72.26,194.59
17-06-2024,Campaign 3,Facebook,Carousel,Gen Z,2758,77,6,78.02,436.49
17-06-2024,Campaign 3,Facebook,Carousel,Millennials,8151,183,9,239.95,761.45
17-06-2024,Campaign 3,Facebook,Carousel,Gen X,2131,62,3,39.33,171.21
18-06-2024,Campaign 3,Instagram,Video,Gen Z,6367,299,23,96.96,2208.3
18-06-2024,Campaign 3,Instagram,Video,Millennials,2572,75,6,26.25,302.87
18-06-2024,Campaign 3,Instagram,Video,Gen X,929,41,4,21.79,298.57
18-06-2024,Campaign 3,Instagram,Image,Gen Z,9413,138,4,192.92,273.95
18-06-2024,Campaign 3,Instagram,Image,Millennials,3508,25,1,57.27,72.7
18-06-2024,Campaign 3,Instagram,Image,Gen X,650,10,0,16.82,0
18-06-2024,Campaign 3,Instagram,Carousel,Gen Z,6428,73,5,85.6,334.29
18-06-2024,Campaign 3,Instagram,Carousel,Millennials,6620,86,5,119.41,456.39
18-06-2024,Campaign 3,Instagram,Carousel,Gen X,625,8,0,12.3,0
18-06-2024,Campaign 3,TikTok,Video,Gen Z,7407,353,42,218.92,2205.98
18-06-2024,Campaign 3,TikTok,Video,Millennials,1800,48,6,47.62,418.82
18-06-2024,Campaign 3,TikTok,Video,Gen X,248,11,0,3.81,0
18-06-2024,Campaign 3,TikTok,Image,Gen Z,8268,140,5,139.8,415.34
18-06-2024,Campaign 3,TikTok,Image,Millennials,1196,9,0,17.8,0
18-06-2024,Campaign 3,TikTok,Image,Gen X,430,8,0,11.82,0
18-06-2024,Campaign 3,TikTok,Carousel,Gen Z,8748,237,17,91.28,897.37
18-06-2024,Campaign 3,TikTok,Carousel,Millennials,604,8,0,11.72,0
18-06-2024,Campaign 3,TikTok,Carousel,Gen X,159,3,0,4.7,0
18-06-2024,Campaign 3,Facebook,Video,Gen Z,2263,75,7,35.36,482.93
18-06-2024,Campaign 3,Facebook,Video,Millennials,5855,240,21,172.43,1341.26
18-06-2024,Campaign 3,Facebook,Video,Gen X,2842,108,6,42.94,312.64
18-06-2024,Campaign 3,Facebook,Image,Gen Z,2119,18,0,31.7,0
18-06-2024,Campaign 3,Facebook,Image,Millennials,9800,83,2,255.08,193.92
18-06-2024,Campaign 3,Facebook,Image,Gen X,5863,110,2,67.36,199.41
18-06-2024,Campaign 3,Facebook,Carousel,Gen Z,1966,55,2,22.47,157.97
18-06-2024,Campaign 3,Facebook,Carousel,Millennials,5559,77,3,157.46,151.5
18-06-2024,Campaign 3,Facebook,Carousel,Gen X,4586,101,3,114.02,211.21
19-06-2024,Campaign 3,Instagram,Video,Gen Z,4997,162,17,56.77,964.83
19-06-2024,Campaign 3,Instagram,Video,Millennials,3642,134,14,54.14,1215.85
19-06-2024,Campaign 3,Instagram,Video,Gen X,721,14,1,8.31,50.32
19-06-2024,Campaign 3,Instagram,Image,Gen Z,5804,44,0,130.19,0
19-06-2024,Campaign 3,Instagram,Image,Millennials,6014,102,3,97.7,158.77
19-06-2024,Campaign 3,Instagram,Image,Gen X,127,2,0,3.29,0
19-06-2024,Campaign 3,Instagram,Carousel,Gen Z,6454,114,8,99.23,534.39
19-06-2024,Campaign 3,Instagram,Carousel,Millennials,7301,175,5,215.67,403.82
19-06-2024,Campaign 3,Instagram,Carousel,Gen X,571,7,0,7.85,0
19-06-2024,Campaign 3,TikTok,Video,Gen Z,8984,231,23,171.24,1973.26
19-06-2024,Campaign 3,TikTok,Video,Millennials,850,41,3,20.53,289.27
19-06-2024,Campaign 3,TikTok,Video,Gen X,426,8,0,11.22,0
19-06-2024,Campaign 3,TikTok,Image,Gen Z,11561,179,8,123.79,426.09
19-06-2024,Campaign 3,TikTok,Image,Millennials,810,6,0,17.62,0
19-06-2024,Campaign 3,TikTok,Image,Gen X,165,1,0,4.51,0
19-06-2024,Campaign 3,TikTok,Carousel,Gen Z,14704,202,5,250.1,353.04
19-06-2024,Campaign 3,TikTok,Carousel,Millennials,1999,48,1,48.28,70.61
19-06-2024,Campaign 3,TikTok,Carousel,Gen X,481,11,0,9.83,0
19-06-2024,Campaign 3,Facebook,Video,Gen Z,2023,59,3,40.93,151.76
19-06-2024,Campaign 3,Facebook,Video,Millennials,10945,501,63,169.96,6217.28
19-06-2024,Campaign 3,Facebook,Video,Gen X,5530,203,26,76.59,2433.27
19-06-2024,Campaign 3,Facebook,Image,Gen Z,1307,17,0,30.52,0
19-06-2024,Campaign 3,Facebook,Image,Millennials,5664,101,3,81.07,163.58
19-06-2024,Campaign 3,Facebook,Image,Gen X,2214,24,0,61.04,0
19-06-2024,Campaign 3,Facebook,Carousel,Gen Z,1409,30,1,37.04,80.53
19-06-2024,Campaign 3,Facebook,Carousel,Millennials,7069,122,3,207.1,218.47
19-06-2024,Campaign 3,Facebook,Carousel,Gen X,4065,65,4,110.2,335.67
20-06-2024,Campaign 3,Instagram,Video,Gen Z,7264,295,32,93.91,1865.45
20-06-2024,Campaign 3,Instagram,Video,Millennials,2520,99,9,30.06,783.16
20-06-2024,Campaign 3,Instagram,Video,Gen X,842,39,5,16.31,383.49
20-06-2024,Campaign 3,Instagram,Image,Gen Z,7097,67,1,190.15,69.52
20-06-2024,Campaign 3,Instagram,Image,Millennials,5559,66,2,159.08,132.83
20-06-2024,Campaign 3,Instagram,Image,Gen X,121,0,0,1.61,0
20-06-2024,Campaign 3,Instagram,Carousel,Gen Z,5325,114,6,108.46,346.96
20-06-2024,Campaign 3,Instagram,Carousel,Millennials,7922,106,6,205.28,343.55
20-06-2024,Campaign 3,Instagram,Carousel,Gen X,575,10,0,15.89,0
20-06-2024,Campaign 3,TikTok,Video,Gen Z,11630,282,35,252.45,1957.69
20-06-2024,Campaign 3,TikTok,Video,Millennials,1759,61,4,40.01,318.09
20-06-2024,Campaign 3,TikTok,Video,Gen X,568,12,1,16.03,50.11
20-06-2024,Campaign 3,TikTok,Image,Gen Z,8402,142,1,86,80.54
20-06-2024,Campaign 3,TikTok,Image,Millennials,1227,20,0,34.05,0
20-06-2024,Campaign 3,TikTok,Image,Gen X,577,11,0,9.61,0
20-06-2024,Campaign 3,TikTok,Carousel,Gen Z,5719,116,4,143.37,342.96
20-06-2024,Campaign 3,TikTok,Carousel,Millennials,854,15,0,22.53,0
20-06-2024,Campaign 3,TikTok,Carousel,Gen X,899,10,0,11.2,0
20-06-2024,Campaign 3,Facebook,Video,Gen Z,1621,64,3,41.84,286.91
20-06-2024,Campaign 3,Facebook,Video,Millennials,4250,162,18,106.97,1108.93
20-06-2024,Campaign 3,Facebook,Video,Gen X,2511,65,6,73.58,403.06
20-06-2024,Campaign 3,Facebook,Image,Gen Z,2933,30,1,70.51,76.54
20-06-2024,Campaign 3,Facebook,Image,Millennials,8590,93,1,208.37,97.81
20-06-2024,Campaign 3,Facebook,Image,Gen X,2007,16,0,46.81,0
20-06-2024,Campaign 3,Facebook,Carousel,Gen Z,1160,24,0,18.22,0
20-06-2024,Campaign 3,Facebook,Carousel,Millennials,6575,90,5,138.82,396.44
20-06-2024,Campaign 3,Facebook,Carousel,Gen X,3844,107,6,43.32,311.78
21-06-2024,Campaign 3,Instagram,Video,Gen Z,3633,133,9,86.12,871.94
21-06-2024,Campaign 3,Instagram,Video,Millennials,2672,101,10,34.81,587.98
21-06-2024,Campaign 3,Instagram,Video,Gen X,733,16,2,15.55,133.11
21-06-2024,Campaign 3,Instagram,Image,Gen Z,4185,53,1,116.52,83.51
21-06-2024,Campaign 3,Instagram,Image,Millennials,3683,61,2,58.71,152.87
21-06-2024,Campaign 3,Instagram,Image,Gen X,614,6,0,9.65,0
21-06-2024,Campaign 3,Instagram,Carousel,Gen Z,5504,126,4,72.46,373.89
21-06-2024,Campaign 3,Instagram,Carousel,Millennials,6174,157,8,168.64,687.13
21-06-2024,Campaign 3,Instagram,Carousel,Gen X,993,26,0,20.33,0
21-06-2024,Campaign 3,TikTok,Video,Gen Z,10860,231,30,291.6,2749.3
21-06-2024,Campaign 3,TikTok,Video,Millennials,1303,26,2,21.09,143.18
21-06-2024,Campaign 3,TikTok,Video,Gen X,321,15,1,9.33,84.44
21-06-2024,Campaign 3,TikTok,Image,Gen Z,12348,241,10,305.57,966.87
21-06-2024,Campaign 3,TikTok,Image,Millennials,769,7,0,16.53,0
21-06-2024,Campaign 3,TikTok,Image,Gen X,596,3,0,6.22,0
21-06-2024,Campaign 3,TikTok,Carousel,Gen Z,7408,183,5,107.47,356.14
21-06-2024,Campaign 3,TikTok,Carousel,Millennials,1992,44,1,51.11,64.97
21-06-2024,Campaign 3,TikTok,Carousel,Gen X,240,5,0,6.84,0
21-06-2024,Campaign 3,Facebook,Video,Gen Z,2653,122,13,75.47,1030.54
21-06-2024,Campaign 3,Facebook,Video,Millennials,6602,291,23,91.42,1696.81
21-06-2024,Campaign 3,Facebook,Video,Gen X,5416,201,28,140.52,2747.57
21-06-2024,Campaign 3,Facebook,Image,Gen Z,2610,48,0,71.74,0
21-06-2024,Campaign 3,Facebook,Image,Millennials,6796,88,1,103.18,56.24
21-06-2024,Campaign 3,Facebook,Image,Gen X,4579,25,0,104.34,0
21-06-2024,Campaign 3,Facebook,Carousel,Gen Z,2105,59,2,58.57,149.76
21-06-2024,Campaign 3,Facebook,Carousel,Millennials,9788,148,11,101.78,751.61
21-06-2024,Campaign 3,Facebook,Carousel,Gen X,5659,141,5,141.75,476.91
22-06-2024,Campaign 3,Instagram,Video,Gen Z,5039,246,25,101.8,1647.91
22-06-2024,Campaign 3,Instagram,Video,Millennials,3497,72,5,66.6,299.49
22-06-2024,Campaign 3,Instagram,Video,Gen X,120,4,0,3.45,0
22-06-2024,Campaign 3,Instagram,Image,Gen Z,5297,30,1,64.85,83.49
22-06-2024,Campaign 3,Instagram,Image,Millennials,3269,53,1,80.63,61.64
22-06-2024,Campaign 3,Instagram,Image,Gen X,267,2,0,3.63,0
22-06-2024,Campaign 3,Instagram,Carousel,Gen Z,4822,67,4,115.78,222.53
22-06-2024,Campaign 3,Instagram,Carousel,Millennials,3559,54,3,85.08,249.93
22-06-2024,Campaign 3,Instagram,Carousel,Gen X,393,9,0,6.42,0
22-06-2024,Campaign 3,TikTok,Video,Gen Z,8752,332,32,122.7,1824.99
22-06-2024,Campaign 3,TikTok,Video,Millennials,831,32,1,24.54,57.36
22-06-2024,Campaign 3,TikTok,Video,Gen X,363,7,0,7.63,0
22-06-2024,Campaign 3,TikTok,Image,Gen Z,7930,113,4,218.94,302.02
22-06-2024,Campaign 3,TikTok,Image,Millennials,1608,30,0,44.11,0
22-06-2024,Campaign 3,TikTok,Image,Gen X,602,8,0,13.14,0
22-06-2024,Campaign 3,TikTok,Carousel,Gen Z,5223,142,3,147.77,276.97
22-06-2024,Campaign 3,TikTok,Carousel,Millennials,822,13,0,21.11,0
22-06-2024,Campaign 3,TikTok,Carousel,Gen X,636,10,0,9.67,0
22-06-2024,Campaign 3,Facebook,Video,Gen Z,2468,67,9,29.44,769.41
22-06-2024,Campaign 3,Facebook,Video,Millennials,7824,332,22,145.14,1226.34
22-06-2024,Campaign 3,Facebook,Video,Gen X,4946,125,7,83.29,568.47
22-06-2024,Campaign 3,Facebook,Image,Gen Z,2316,41,0,24.12,0
22-06-2024,Campaign 3,Facebook,Image,Millennials,7810,149,3,146.4,260.73
22-06-2024,Campaign 3,Facebook,Image,Gen X,5228,71,0,150.01,0
22-06-2024,Campaign 3,Facebook,Carousel,Gen Z,2784,80,5,53.3,467.73
22-06-2024,Campaign 3,Facebook,Carousel,Millennials,10417,239,13,142.87,1042.23
22-06-2024,Campaign 3,Facebook,Carousel,Gen X,2072,24,1,44.83,82.81
23-06-2024,Campaign 3,Instagram,Video,Gen Z,7495,345,36,138.54,2761.71
23-06-2024,Campaign 3,Instagram,Video,Millennials,6982,321,39,80.61,2045.65
23-06-2024,Campaign 3,Instagram,Video,Gen X,317,15,1,5.66,66.85
23-06-2024,Campaign 3,Instagram,Image,Gen Z,6478,100,4,76.41,372.3
23-06-2024,Campaign 3,Instagram,Image,Millennials,2460,19,0,68.95,0
23-06-2024,Campaign 3,Instagram,Image,Gen X,545,6,0,7.59,0
23-06-2024,Campaign 3,Instagram,Carousel,Gen Z,5739,91,2,153.31,167.43
23-06-2024,Campaign 3,Instagram,Carousel,Millennials,7052,144,10,190.31,865.66
23-06-2024,Campaign 3,Instagram,Carousel,Gen X,649,14,0,14.85,0
23-06-2024,Campaign 3,TikTok,Video,Gen Z,12320,304,41,182.9,4038.82
23-06-2024,Campaign 3,TikTok,Video,Millennials,525,24,1,15.41,65.97
23-06-2024,Campaign 3,TikTok,Video,Gen X,152,6,0,4.41,0
23-06-2024,Campaign 3,TikTok,Image,Gen Z,13213,198,7,190.57,615.46
23-06-2024,Campaign 3,TikTok,Image,Millennials,1745,21,0,51.43,0
23-06-2024,Campaign 3,TikTok,Image,Gen X,999,16,0,21.09,0
23-06-2024,Campaign 3,TikTok,Carousel,Gen Z,14184,398,30,194.9,2762.54
23-06-2024,Campaign 3,TikTok,Carousel,Millennials,708,13,0,16.59,0
23-06-2024,Campaign 3,TikTok,Carousel,Gen X,503,7,0,6.1,0
23-06-2024,Campaign 3,Facebook,Video,Gen Z,2686,58,6,71.13,498.25
23-06-2024,Campaign 3,Facebook,Video,Millennials,9400,269,27,126,2213.43
23-06-2024,Campaign 3,Facebook,Video,Gen X,2620,103,8,75.17,696.24
23-06-2024,Campaign 3,Facebook,Image,Gen Z,2195,22,0,33.43,0
23-06-2024,Campaign 3,Facebook,Image,Millennials,8759,161,3,239.19,158.08
23-06-2024,Campaign 3,Facebook,Image,Gen X,3406,22,0,37.64,0
23-06-2024,Campaign 3,Facebook,Carousel,Gen Z,2215,62,2,42.92,186.5
23-06-2024,Campaign 3,Facebook,Carousel,Millennials,11083,199,4,172.07,293.24
23-06-2024,Campaign 3,Facebook,Carousel,Gen X,2636,37,1,52.53,72.49
24-06-2024,Campaign 3,Instagram,Video,Gen Z,8416,170,20,162.01,1680.24
24-06-2024,Campaign 3,Instagram,Video,Millennials,3560,113,11,81.77,1050.3
24-06-2024,Campaign 3,Instagram,Video,Gen X,780,25,3,19.83,197.37
24-06-2024,Campaign 3,Instagram,Image,Gen Z,7757,44,0,189.65,0
24-06-2024,Campaign 3,Instagram,Image,Millennials,2727,41,1,28.79,72.05
24-06-2024,Campaign 3,Instagram,Image,Gen X,185,2,0,5.52,0
24-06-2024,Campaign 3,Instagram,Carousel,Gen Z,3837,95,3,75.19,298.78
24-06-2024,Campaign 3,Instagram,Carousel,Millennials,7928,198,6,138.08,304.98
24-06-2024,Campaign 3,Instagram,Carousel,Gen X,820,23,0,13.34,0
24-06-2024,Campaign 3,TikTok,Video,Gen Z,5362,170,17,92.02,1356.71
24-06-2024,Campaign 3,TikTok,Video,Millennials,1819,62,7,25.4,693.52
24-06-2024,Campaign 3,TikTok,Video,Gen X,879,26,3,21.31,217.34
24-06-2024,Campaign 3,TikTok,Image,Gen Z,14916,150,5,391.49,313.23
24-06-2024,Campaign 3,TikTok,Image,Millennials,1804,18,0,54.18,0
24-06-2024,Campaign 3,TikTok,Image,Gen X,302,2,0,6.24,0
24-06-2024,Campaign 3,TikTok,Carousel,Gen Z,12529,230,13,156.28,822.7
24-06-2024,Campaign 3,TikTok,Carousel,Millennials,1396,27,0,14.53,0
24-06-2024,Campaign 3,TikTok,Carousel,Gen X,233,5,0,5.14,0
24-06-2024,Campaign 3,Facebook,Video,Gen Z,1187,50,4,27.11,365.63
24-06-2024,Campaign 3,Facebook,Video,Millennials,9017,265,17,130.27,859.55
24-06-2024,Campaign 3,Facebook,Video,Gen X,4707,146,16,108.32,1123.99
24-06-2024,Campaign 3,Facebook,Image,Gen Z,2627,16,0,79,0
24-06-2024,Campaign 3,Facebook,Image,Millennials,7032,104,4,181.36,262.08
24-06-2024,Campaign 3,Facebook,Image,Gen X,3631,35,1,84.6,87.45
24-06-2024,Campaign 3,Facebook,Carousel,Gen Z,1099,25,1,12.16,65.05
24-06-2024,Campaign 3,Facebook,Carousel,Millennials,7709,197,15,184.57,1054.7
24-06-2024,Campaign 3,Facebook,Carousel,Gen X,3619,96,3,50.47,269
25-06-2024,Campaign 3,Instagram,Video,Gen Z,4125,119,15,112.11,1065.32
25-06-2024,Campaign 3,Instagram,Video,Millennials,2166,60,8,42.92,444.42
25-06-2024,Campaign 3,Instagram,Video,Gen X,894,34,2,22.29,189.61
25-06-2024,Campaign 3,Instagram,Image,Gen Z,3962,57,1,54.12,51.1
25-06-2024,Campaign 3,Instagram,Image,Millennials,5351,75,2,153.16,152.11
25-06-2024,Campaign 3,Instagram,Image,Gen X,625,6,0,10.86,0
25-06-2024,Campaign 3,Instagram,Carousel,Gen Z,3407,81,3,40.85,220.3
25-06-2024,Campaign 3,Instagram,Carousel,Millennials,5821,132,10,108.02,996.15
25-06-2024,Campaign 3,Instagram,Carousel,Gen X,756,15,0,21.57,0
25-06-2024,Campaign 3,TikTok,Video,Gen Z,12898,273,22,376.74,1568.72
25-06-2024,Campaign 3,TikTok,Video,Millennials,1424,36,5,15.97,495.94
25-06-2024,Campaign 3,TikTok,Video,Gen X,887,38,2,24.52,195.54
25-06-2024,Campaign 3,TikTok,Image,Gen Z,12004,158,2,327.64,144.57
25-06-2024,Campaign 3,TikTok,Image,Millennials,861,16,0,11.74,0
25-06-2024,Campaign 3,TikTok,Image,Gen X,455,7,0,6.88,0
25-06-2024,Campaign 3,TikTok,Carousel,Gen Z,5854,140,6,144.64,578.24
25-06-2024,Campaign 3,TikTok,Carousel,Millennials,1543,32,2,45.09,194.32
25-06-2024,Campaign 3,TikTok,Carousel,Gen X,274,3,0,4.35,0
25-06-2024,Campaign 3,Facebook,Video,Gen Z,1205,30,4,17.26,233.81
25-06-2024,Campaign 3,Facebook,Video,Millennials,8991,179,21,228.59,1270.42
25-06-2024,Campaign 3,Facebook,Video,Gen X,5272,141,14,118.01,974.05
25-06-2024,Campaign 3,Facebook,Image,Gen Z,2173,37,1,36.92,84.51
25-06-2024,Campaign 3,Facebook,Image,Millennials,5891,36,0,103.12,0
25-06-2024,Campaign 3,Facebook,Image,Gen X,2159,28,1,48.08,95.39
25-06-2024,Campaign 3,Facebook,Carousel,Gen Z,2893,45,2,65.64,117.22
25-06-2024,Campaign 3,Facebook,Carousel,Millennials,9540,283,6,177.77,371.73
25-06-2024,Campaign 3,Facebook,Carousel,Gen X,2230,56,1,62.18,81.66
26-06-2024,Campaign 3,Instagram,Video,Gen Z,3432,163,19,51.15,1527.46
26-06-2024,Campaign 3,Instagram,Video,Millennials,3817,90,6,45.79,487.62
26-06-2024,Campaign 3,Instagram,Video,Gen X,556,15,2,7.08,119.11
26-06-2024,Campaign 3,Instagram,Image,Gen Z,7774,95,3,118.11,227.04
26-06-2024,Campaign 3,Instagram,Image,Millennials,3066,57,1,57.49,85.12
26-06-2024,Campaign 3,Instagram,Image,Gen X,450,8,0,7,0
26-06-2024,Campaign 3,Instagram,Carousel,Gen Z,6669,90,5,125.65,367
26-06-2024,Campaign 3,Instagram,Carousel,Millennials,7330,185,3,143.71,269.09
26-06-2024,Campaign 3,Instagram,Carousel,Gen X,165,4,0,3.31,0
26-06-2024,Campaign 3,TikTok,Video,Gen Z,8172,359,53,197.69,4169.31
26-06-2024,Campaign 3,TikTok,Video,Millennials,610,19,2,15.87,143.81
26-06-2024,Campaign 3,TikTok,Video,Gen X,378,13,1,5.96,88.08
26-06-2024,Campaign 3,TikTok,Image,Gen Z,7341,125,2,87.91,152.03
26-06-2024,Campaign 3,TikTok,Image,Millennials,1881,19,0,50.55,0
26-06-2024,Campaign 3,TikTok,Image,Gen X,915,13,0,26.49,0
26-06-2024,Campaign 3,TikTok,Carousel,Gen Z,13638,373,16,156.34,1260.62
26-06-2024,Campaign 3,TikTok,Carousel,Millennials,1030,25,1,25.36,57.19
26-06-2024,Campaign 3,TikTok,Carousel,Gen X,523,9,0,10.37,0
26-06-2024,Campaign 3,Facebook,Video,Gen Z,2859,77,7,81.23,555.08
26-06-2024,Campaign 3,Facebook,Video,Millennials,5497,185,17,121.84,983.67
26-06-2024,Campaign 3,Facebook,Video,Gen X,4501,152,13,65.32,1096.02
26-06-2024,Campaign 3,Facebook,Image,Gen Z,2409,45,1,59.07,54.03
26-06-2024,Campaign 3,Facebook,Image,Millennials,10063,74,1,274.69,59.93
26-06-2024,Campaign 3,Facebook,Image,Gen X,5856,92,1,103.26,54.29
26-06-2024,Campaign 3,Facebook,Carousel,Gen Z,2870,77,3,80.18,242.54
26-06-2024,Campaign 3,Facebook,Carousel,Millennials,4841,58,2,64.29,132.88
26-06-2024,Campaign 3,Facebook,Carousel,Gen X,3932,110,5,79.82,354.18
27-06-2024,Campaign 3,Instagram,Video,Gen Z,3969,109,15,60.64,1060.15
27-06-2024,Campaign 3,Instagram,Video,Millennials,7816,340,46,203.93,2840.64
27-06-2024,Campaign 3,Instagram,Video,Gen X,697,30,1,17.1,54.12
27-06-2024,Campaign 3,Instagram,Image,Gen Z,6256,111,5,139.36,374.57
27-06-2024,Campaign 3,Instagram,Image,Millennials,4409,46,2,83.37,180.25
27-06-2024,Campaign 3,Instagram,Image,Gen X,773,14,0,15.43,0
27-06-2024,Campaign 3,Instagram,Carousel,Gen Z,8584,225,15,88.73,1465.68
27-06-2024,Campaign 3,Instagram,Carousel,Millennials,5012,52,2,66.48,118.71
27-06-2024,Campaign 3,Instagram,Carousel,Gen X,562,11,0,15.11,0
27-06-2024,Campaign 3,TikTok,Video,Gen Z,12234,356,48,223.42,2697.7
27-06-2024,Campaign 3,TikTok,Video,Millennials,610,21,1,8.07,91.51
27-06-2024,Campaign 3,TikTok,Video,Gen X,118,4,0,1.36,0
27-06-2024,Campaign 3,TikTok,Image,Gen Z,9433,111,3,230.28,294.09
27-06-2024,Campaign 3,TikTok,Image,Millennials,1236,16,0,19.5,0
27-06-2024,Campaign 3,TikTok,Image,Gen X,208,2,0,3.73,0
27-06-2024,Campaign 3,TikTok,Carousel,Gen Z,12675,156,6,205.42,383.78
27-06-2024,Campaign 3,TikTok,Carousel,Millennials,1053,19,0,21.89,0
27-06-2024,Campaign 3,TikTok,Carousel,Gen X,832,8,0,16.63,0
27-06-2024,Campaign 3,Facebook,Video,Gen Z,2729,82,4,74.79,233.96
27-06-2024,Campaign 3,Facebook,Video,Millennials,11996,560,47,323.83,4020.32
27-06-2024,Campaign 3,Facebook,Video,Gen X,2744,85,7,51.39,672.81
27-06-2024,Campaign 3,Facebook,Image,Gen Z,2969,34,0,34.51,0
27-06-2024,Campaign 3,Facebook,Image,Millennials,11049,93,3,136.55,208.1
27-06-2024,Campaign 3,Facebook,Image,Gen X,2720,31,1,60.66,51.02
27-06-2024,Campaign 3,Facebook,Carousel,Gen Z,1023,27,1,11.6,69.55
27-06-2024,Campaign 3,Facebook,Carousel,Millennials,11046,321,15,277.03,977.18
27-06-2024,Campaign 3,Facebook,Carousel,Gen X,3028,38,2,83.84,194.42
28-06-2024,Campaign 3,Instagram,Video,Gen Z,4840,104,7,117.11,552.15
28-06-2024,Campaign 3,Instagram,Video,Millennials,6624,189,16,126.32,1454.42
28-06-2024,Campaign 3,Instagram,Video,Gen X,416,19,1,8.57,55.87
28-06-2024,Campaign 3,Instagram,Image,Gen Z,5606,83,0,136.77,0
28-06-2024,Campaign 3,Instagram,Image,Millennials,5092,74,3,144.28,268.99
28-06-2024,Campaign 3,Instagram,Image,Gen X,563,9,0,14.31,0
28-06-2024,Campaign 3,Instagram,Carousel,Gen Z,7936,203,5,172.43,455.29
28-06-2024,Campaign 3,Instagram,Carousel,Millennials,5946,132,5,110.22,329.56
28-06-2024,Campaign 3,Instagram,Carousel,Gen X,188,4,0,3.85,0
28-06-2024,Campaign 3,TikTok,Video,Gen Z,11614,269,33,314.42,2619.19
28-06-2024,Campaign 3,TikTok,Video,Millennials,697,15,1,18.42,61.89
28-06-2024,Campaign 3,TikTok,Video,Gen X,931,41,3,11.66,291
28-06-2024,Campaign 3,TikTok,Image,Gen Z,8178,149,5,141.73,447.97
28-06-2024,Campaign 3,TikTok,Image,Millennials,1692,16,0,40.09,0
28-06-2024,Campaign 3,TikTok,Image,Gen X,849,13,0,13.83,0
28-06-2024,Campaign 3,TikTok,Carousel,Gen Z,7850,206,10,197.53,933.87
28-06-2024,Campaign 3,TikTok,Carousel,Millennials,1297,15,1,25.99,56.37
28-06-2024,Campaign 3,TikTok,Carousel,Gen X,893,22,0,21.53,0
28-06-2024,Campaign 3,Facebook,Video,Gen Z,2392,108,8,62.06,595.52
28-06-2024,Campaign 3,Facebook,Video,Millennials,5605,127,14,83.07,1262.32
28-06-2024,Campaign 3,Facebook,Video,Gen X,4880,240,27,91.32,2197.87
28-06-2024,Campaign 3,Facebook,Image,Gen Z,1839,35,1,18.66,70.78
28-06-2024,Campaign 3,Facebook,Image,Millennials,6804,78,2,96.24,147.05
28-06-2024,Campaign 3,Facebook,Image,Gen X,4878,45,1,111.07,54.07
28-06-2024,Campaign 3,Facebook,Carousel,Gen Z,2060,45,2,21.37,190.01
28-06-2024,Campaign 3,Facebook,Carousel,Millennials,4626,76,3,130.99,225.21
28-06-2024,Campaign 3,Facebook,Carousel,Gen X,5060,146,10,66.84,957.24
29-06-2024,Campaign 3,Instagram,Video,Gen Z,4049,128,14,63.65,1114.23
29-06-2024,Campaign 3,Instagram,Video,Millennials,2475,68,3,31.84,216.02
29-06-2024,Campaign 3,Instagram,Video,Gen X,633,15,2,17.4,109.3
29-06-2024,Campaign 3,Instagram,Image,Gen Z,6504,121,4,79.22,287.63
29-06-2024,Campaign 3,Instagram,Image,Millennials,4129,48,1,84.94,73.07
29-06-2024,Campaign 3,Instagram,Image,Gen X,880,16,0,20.75,0
29-06-2024,Campaign 3,Instagram,Carousel,Gen Z,3222,63,3,52.37,289.57
29-06-2024,Campaign 3,Instagram,Carousel,Millennials,3065,87,4,84.18,371.38
29-06-2024,Campaign 3,Instagram,Carousel,Gen X,251,5,0,6.62,0
29-06-2024,Campaign 3,TikTok,Video,Gen Z,5046,248,12,147.91,1097.29
29-06-2024,Campaign 3,TikTok,Video,Millennials,1336,34,3,19.91,290.82
29-06-2024,Campaign 3,TikTok,Video,Gen X,356,8,1,5.06,74.58
29-06-2024,Campaign 3,TikTok,Image,Gen Z,10517,83,1,118.77,57.33
29-06-2024,Campaign 3,TikTok,Image,Millennials,1593,12,0,42.04,0
29-06-2024,Campaign 3,TikTok,Image,Gen X,488,4,0,11.26,0
29-06-2024,Campaign 3,TikTok,Carousel,Gen Z,13627,399,8,342.01,602.32
29-06-2024,Campaign 3,TikTok,Carousel,Millennials,1273,27,2,16.55,199.36
29-06-2024,Campaign 3,TikTok,Carousel,Gen X,380,5,0,7.12,0
29-06-2024,Campaign 3,Facebook,Video,Gen Z,1283,50,2,13.4,105.08
29-06-2024,Campaign 3,Facebook,Video,Millennials,11249,501,72,261.58,5313.94
29-06-2024,Campaign 3,Facebook,Video,Gen X,5689,201,10,89.31,526.59
29-06-2024,Campaign 3,Facebook,Image,Gen Z,1679,23,0,49.52,0
29-06-2024,Campaign 3,Facebook,Image,Millennials,6501,91,2,94.25,173.84
29-06-2024,Campaign 3,Facebook,Image,Gen X,3203,21,0,49.7,0
29-06-2024,Campaign 3,Facebook,Carousel,Gen Z,1929,48,1,35.62,69.22
29-06-2024,Campaign 3,Facebook,Carousel,Millennials,5570,96,4,134.28,218.07
29-06-2024,Campaign 3,Facebook,Carousel,Gen X,2638,60,4,57.17,364.24
30-06-2024,Campaign 3,Instagram,Video,Gen Z,6214,244,12,84.82,1157.96
30-06-2024,Campaign 3,Instagram,Video,Millennials,6141,131,14,89.07,1372.12
30-06-2024,Campaign 3,Instagram,Video,Gen X,189,7,0,3.09,0
30-06-2024,Campaign 3,Instagram,Image,Gen Z,3450,52,0,81.71,0
30-06-2024,Campaign 3,Instagram,Image,Millennials,6645,104,3,199.06,244.32
30-06-2024,Campaign 3,Instagram,Image,Gen X,895,14,0,25.22,0
30-06-2024,Campaign 3,Instagram,Carousel,Gen Z,3549,82,2,85.36,188.68
30-06-2024,Campaign 3,Instagram,Carousel,Millennials,5588,152,11,162.86,728.93
30-06-2024,Campaign 3,Instagram,Carousel,Gen X,757,10,0,19.48,0
30-06-2024,Campaign 3,TikTok,Video,Gen Z,14252,550,64,366.59,3784.96
30-06-2024,Campaign 3,TikTok,Video,Millennials,1486,47,2,24.46,119.37
30-06-2024,Campaign 3,TikTok,Video,Gen X,387,13,1,6.58,89.29
30-06-2024,Campaign 3,TikTok,Image,Gen Z,8534,117,2,208.03,162.51
30-06-2024,Campaign 3,TikTok,Image,Millennials,1011,11,0,11.62,0
30-06-2024,Campaign 3,TikTok,Image,Gen X,452,6,0,6.16,0
30-06-2024,Campaign 3,TikTok,Carousel,Gen Z,13221,272,21,273.74,1652.25
30-06-2024,Campaign 3,TikTok,Carousel,Millennials,887,21,1,9.09,93.51
30-06-2024,Campaign 3,TikTok,Carousel,Gen X,865,21,1,14.05,90.94
30-06-2024,Campaign 3,Facebook,Video,Gen Z,2532,122,11,58.75,764.76
30-06-2024,Campaign 3,Facebook,Video,Millennials,8626,429,39,180.27,3525.53
30-06-2024,Campaign 3,Facebook,Video,Gen X,4658,197,10,105.65,718.29
30-06-2024,Campaign 3,Facebook,Image,Gen Z,1805,21,1,44.45,50.59
30-06-2024,Campaign 3,Facebook,Image,Millennials,4880,64,2,52.71,102.71
30-06-2024,Campaign 3,Facebook,Image,Gen X,2443,22,0,54.08,0
30-06-2024,Campaign 3,Facebook,Carousel,Gen Z,2878,66,2,47.46,133.55
30-06-2024,Campaign 3,Facebook,Carousel,Millennials,10082,265,20,235.76,1234.65
30-06-2024,Campaign 3,Facebook,Carousel,Gen X,4081,48,3,87.07,250.36
01-07-2024,Campaign 3,Instagram,Video,Gen Z,6753,272,16,82.01,1347.02
01-07-2024,Campaign 3,Instagram,Video,Millennials,2411,120,11,34.81,829.1
01-07-2024,Campaign 3,Instagram,Video,Gen X,987,40,2,29.1,122.34
01-07-2024,Campaign 3,Instagram,Image,Gen Z,7679,105,5,119.88,444.92
01-07-2024,Campaign 3,Instagram,Image,Millennials,6464,62,1,128.86,50.82
01-07-2024,Campaign 3,Instagram,Image,Gen X,955,7,0,23.22,0
01-07-2024,Campaign 3,Instagram,Carousel,Gen Z,6108,130,5,167.99,364.94
01-07-2024,Campaign 3,Instagram,Carousel,Millennials,7367,171,6,126.62,582.17
01-07-2024,Campaign 3,Instagram,Carousel,Gen X,651,7,0,7.26,0
01-07-2024,Campaign 3,TikTok,Video,Gen Z,10124,301,35,113.98,3250.34
01-07-2024,Campaign 3,TikTok,Video,Millennials,1622,64,6,42.22,318.37
01-07-2024,Campaign 3,TikTok,Video,Gen X,797,33,2,13.02,111.85
01-07-2024,Campaign 3,TikTok,Image,Gen Z,5450,72,1,57.59,85.97
01-07-2024,Campaign 3,TikTok,Image,Millennials,1784,34,0,41.66,0
01-07-2024,Campaign 3,TikTok,Image,Gen X,417,8,0,6.32,0
01-07-2024,Campaign 3,TikTok,Carousel,Gen Z,14554,168,5,237.1,279.1
01-07-2024,Campaign 3,TikTok,Carousel,Millennials,1731,51,2,43.14,168.29
01-07-2024,Campaign 3,TikTok,Carousel,Gen X,675,9,0,18.7,0
01-07-2024,Campaign 3,Facebook,Video,Gen Z,2986,60,7,74.14,523.89
01-07-2024,Campaign 3,Facebook,Video,Millennials,4244,136,13,72.82,831.57
01-07-2024,Campaign 3,Facebook,Video,Gen X,3370,103,11,59.82,717.07
01-07-2024,Campaign 3,Facebook,Image,Gen Z,2540,22,0,71.44,0
01-07-2024,Campaign 3,Facebook,Image,Millennials,4362,74,2,91.12,195.44
01-07-2024,Campaign 3,Facebook,Image,Gen X,3706,62,2,92.79,189.54
01-07-2024,Campaign 3,Facebook,Carousel,Gen Z,1342,14,0,22.03,0
01-07-2024,Campaign 3,Facebook,Carousel,Millennials,7680,186,11,230.68,972.87
01-07-2024,Campaign 3,Facebook,Carousel,Gen X,4490,97,5,55.58,304.61
02-07-2024,Campaign 3,Instagram,Video,Gen Z,7671,204,21,216.45,2008.36
02-07-2024,Campaign 3,Instagram,Video,Millennials,4679,104,7,70.89,383.21
02-07-2024,Campaign 3,Instagram,Video,Gen X,455,9,1,13.5,57.31
02-07-2024,Campaign 3,Instagram,Image,Gen Z,5742,89,3,97.5,162.83
02-07-2024,Campaign 3,Instagram,Image,Millennials,5244,29,1,108.32,86.25
02-07-2024,Campaign 3,Instagram,Image,Gen X,889,7,0,9.41,0
02-07-2024,Campaign 3,Instagram,Carousel,Gen Z,8479,115,7,254.78,689.24
02-07-2024,Campaign 3,Instagram,Carousel,Millennials,5429,126,7,106.03,496.74
02-07-2024,Campaign 3,Instagram,Carousel,Gen X,360,4,0,10.05,0
02-07-2024,Campaign 3,TikTok,Video,Gen Z,5822,276,37,151.6,3675.56
02-07-2024,Campaign 3,TikTok,Video,Millennials,690,27,2,20.11,133.32
02-07-2024,Campaign 3,TikTok,Video,Gen X,354,14,1,9.83,92.1
02-07-2024,Campaign 3,TikTok,Image,Gen Z,13297,202,7,268.67,447.13
02-07-2024,Campaign 3,TikTok,Image,Millennials,1134,13,0,20.49,0
02-07-2024,Campaign 3,TikTok,Image,Gen X,763,9,0,12.46,0
02-07-2024,Campaign 3,TikTok,Carousel,Gen Z,14289,360,22,237.56,1212.8
02-07-2024,Campaign 3,TikTok,Carousel,Millennials,561,7,0,8.57,0
02-07-2024,Campaign 3,TikTok,Carousel,Gen X,627,10,0,8.85,0
02-07-2024,Campaign 3,Facebook,Video,Gen Z,1368,44,3,36.96,285.81
02-07-2024,Campaign 3,Facebook,Video,Millennials,8656,334,31,103.5,1692.27
02-07-2024,Campaign 3,Facebook,Video,Gen X,5859,258,26,139.34,2489.1
02-07-2024,Campaign 3,Facebook,Image,Gen Z,2596,49,0,54.34,0
02-07-2024,Campaign 3,Facebook,Image,Millennials,4782,56,0,57.05,0
02-07-2024,Campaign 3,Facebook,Image,Gen X,4764,87,2,104.93,103.21
02-07-2024,Campaign 3,Facebook,Carousel,Gen Z,2098,59,1,50.09,79.69
02-07-2024,Campaign 3,Facebook,Carousel,Millennials,8222,156,8,246.19,439.67
02-07-2024,Campaign 3,Facebook,Carousel,Gen X,5382,80,5,138.36,349.36
03-07-2024,Campaign 3,Instagram,Video,Gen Z,4551,105,7,120.88,386.44
03-07-2024,Campaign 3,Instagram,Video,Millennials,5496,141,16,65.98,1577.47
03-07-2024,Campaign 3,Instagram,Video,Gen X,819,22,1,21.39,76.99
03-07-2024,Campaign 3,Instagram,Image,Gen Z,6978,123,2,127.88,155.83
03-07-2024,Campaign 3,Instagram,Image,Millennials,5812,38,0,98.63,0
03-07-2024,Campaign 3,Instagram,Image,Gen X,292,4,0,4.29,0
03-07-2024,Campaign 3,Instagram,Carousel,Gen Z,9486,148,5,130.61,328.91
03-07-2024,Campaign 3,Instagram,Carousel,Millennials,6491,78,4,164.58,315.09
03-07-2024,Campaign 3,Instagram,Carousel,Gen X,281,6,0,7.59,0
03-07-2024,Campaign 3,TikTok,Video,Gen Z,10099,412,50,233.33,2735.57
03-07-2024,Campaign 3,TikTok,Video,Millennials,1908,56,5,42.12,483.64
03-07-2024,Campaign 3,TikTok,Video,Gen X,905,32,4,27.19,355.81
03-07-2024,Campaign 3,TikTok,Image,Gen Z,9906,66,1,121.14,94.16
03-07-2024,Campaign 3,TikTok,Image,Millennials,1345,9,0,21.47,0
03-07-2024,Campaign 3,TikTok,Image,Gen X,539,10,0,6.7,0
03-07-2024,Campaign 3,TikTok,Carousel,Gen Z,6572,80,4,188,393.85
03-07-2024,Campaign 3,TikTok,Carousel,Millennials,1679,42,2,35.34,146.58
03-07-2024,Campaign 3,TikTok,Carousel,Gen X,175,2,0,2.95,0
03-07-2024,Campaign 3,Facebook,Video,Gen Z,2002,94,7,31.02,429.14
03-07-2024,Campaign 3,Facebook,Video,Millennials,8324,273,33,222.05,3133.16
03-07-2024,Campaign 3,Facebook,Video,Gen X,5933,133,8,123.35,604.61
03-07-2024,Campaign 3,Facebook,Image,Gen Z,2212,27,0,44.27,0
03-07-2024,Campaign 3,Facebook,Image,Millennials,8501,153,4,153.29,315.91
03-07-2024,Campaign 3,Facebook,Image,Gen X,2866,19,0,35.6,0
03-07-2024,Campaign 3,Facebook,Carousel,Gen Z,2399,71,2,66.38,139.74
03-07-2024,Campaign 3,Facebook,Carousel,Millennials,8897,242,14,127.7,935.29
03-07-2024,Campaign 3,Facebook,Carousel,Gen X,2849,39,3,42.58,187.12
04-07-2024,Campaign 3,Instagram,Video,Gen Z,5758,165,16,82.59,1027.37
04-07-2024,Campaign 3,Instagram,Video,Millennials,2037,45,5,51.97,323.67
04-07-2024,Campaign 3,Instagram,Video,Gen X,414,18,0,5.04,0
04-07-2024,Campaign 3,Instagram,Image,Gen Z,7460,128,2,176.58,108.36
04-07-2024,Campaign 3,Instagram,Image,Millennials,5952,35,1,145.36,98.89
04-07-2024,Campaign 3,Instagram,Image,Gen X,856,15,0,12.68,0
04-07-2024,Campaign 3,Instagram,Carousel,Gen Z,5489,144,10,65.92,552.38
04-07-2024,Campaign 3,Instagram,Carousel,Millennials,2607,39,0,47.16,0
04-07-2024,Campaign 3,Instagram,Carousel,Gen X,261,7,0,6.56,0
04-07-2024,Campaign 3,TikTok,Video,Gen Z,6364,288,39,160.33,2422.84
04-07-2024,Campaign 3,TikTok,Video,Millennials,1830,70,6,36.88,585.46
04-07-2024,Campaign 3,TikTok,Video,Gen X,393,8,0,11.26,0
04-07-2024,Campaign 3,TikTok,Image,Gen Z,5844,74,1,92.59,77.87
04-07-2024,Campaign 3,TikTok,Image,Millennials,1684,12,0,43.42,0
04-07-2024,Campaign 3,TikTok,Image,Gen X,499,2,0,7,0
04-07-2024,Campaign 3,TikTok,Carousel,Gen Z,13318,192,8,337.65,685.48
04-07-2024,Campaign 3,TikTok,Carousel,Millennials,1179,35,2,25.36,170.84
04-07-2024,Campaign 3,TikTok,Carousel,Gen X,542,13,0,8.81,0
04-07-2024,Campaign 3,Facebook,Video,Gen Z,2539,94,5,70.81,491.41
04-07-2024,Campaign 3,Facebook,Video,Millennials,10462,302,33,130.21,1767.48
04-07-2024,Campaign 3,Facebook,Video,Gen X,3580,122,12,64.69,1157.91
04-07-2024,Campaign 3,Facebook,Image,Gen Z,2975,17,0,47.54,0
04-07-2024,Campaign 3,Facebook,Image,Millennials,4018,41,1,86.04,60.85
04-07-2024,Campaign 3,Facebook,Image,Gen X,2795,40,0,50.65,0
04-07-2024,Campaign 3,Facebook,Carousel,Gen Z,2324,26,0,48.8,0
04-07-2024,Campaign 3,Facebook,Carousel,Millennials,11335,116,8,194.16,453.08
04-07-2024,Campaign 3,Facebook,Carousel,Gen X,2023,51,2,49.76,150.52
05-07-2024,Campaign 3,Instagram,Video,Gen Z,4271,193,9,100.23,587.09
05-07-2024,Campaign 3,Instagram,Video,Millennials,3599,112,12,42.34,815.28
05-07-2024,Campaign 3,Instagram,Video,Gen X,829,39,1,21.39,82.07
05-07-2024,Campaign 3,Instagram,Image,Gen Z,4208,77,1,44.89,71.67
05-07-2024,Campaign 3,Instagram,Image,Millennials,3233,40,0,43.38,0
05-07-2024,Campaign 3,Instagram,Image,Gen X,660,10,0,11.86,0
05-07-2024,Campaign 3,Instagram,Carousel,Gen Z,5363,138,8,92.44,448.92
05-07-2024,Campaign 3,Instagram,Carousel,Millennials,6764,74,4,155.05,336.31
05-07-2024,Campaign 3,Instagram,Carousel,Gen X,555,11,0,13.48,0
05-07-2024,Campaign 3,TikTok,Video,Gen Z,14627,450,30,206.8,1517.97
05-07-2024,Campaign 3,TikTok,Video,Millennials,931,39,2,26.61,126.4
05-07-2024,Campaign 3,TikTok,Video,Gen X,154,6,0,1.97,0
05-07-2024,Campaign 3,TikTok,Image,Gen Z,10330,103,2,254.14,170.68
05-07-2024,Campaign 3,TikTok,Image,Millennials,1712,31,0,30.68,0
05-07-2024,Campaign 3,TikTok,Image,Gen X,183,1,0,4.05,0
05-07-2024,Campaign 3,TikTok,Carousel,Gen Z,10813,193,6,116.89,395.65
05-07-2024,Campaign 3,TikTok,Carousel,Millennials,1516,36,2,30.64,148.09
05-07-2024,Campaign 3,TikTok,Carousel,Gen X,1000,19,1,17.92,85.4
05-07-2024,Campaign 3,Facebook,Video,Gen Z,1180,48,6,34.01,487.01
05-07-2024,Campaign 3,Facebook,Video,Millennials,8825,426,49,98.1,2830.26
05-07-2024,Campaign 3,Facebook,Video,Gen X,3351,141,18,89.52,1181.59
05-07-2024,Campaign 3,Facebook,Image,Gen Z,2274,42,1,55.22,72.98
05-07-2024,Campaign 3,Facebook,Image,Millennials,5547,62,1,75.47,53.88
05-07-2024,Campaign 3,Facebook,Image,Gen X,2735,46,1,53.76,73.71
05-07-2024,Campaign 3,Facebook,Carousel,Gen Z,2097,51,1,32.47,61.6
05-07-2024,Campaign 3,Facebook,Carousel,Millennials,10240,291,9,211.66,604.63
05-07-2024,Campaign 3,Facebook,Carousel,Gen X,2675,31,1,52.45,96.73
06-07-2024,Campaign 3,Instagram,Video,Gen Z,9425,228,11,123.55,867.5
06-07-2024,Campaign 3,Instagram,Video,Millennials,3143,109,12,40.73,754.68
06-07-2024,Campaign 3,Instagram,Video,Gen X,523,21,1,7.65,56
06-07-2024,Campaign 3,Instagram,Image,Gen Z,6511,80,0,150.22,0
06-07-2024,Campaign 3,Instagram,Image,Millennials,4771,89,1,65.86,78.27
06-07-2024,Campaign 3,Instagram,Image,Gen X,232,2,0,2.97,0
06-07-2024,Campaign 3,Instagram,Carousel,Gen Z,4261,97,5,107.35,324.35
06-07-2024,Campaign 3,Instagram,Carousel,Millennials,6203,101,4,152.02,286.67
06-07-2024,Campaign 3,Instagram,Carousel,Gen X,203,2,0,5.92,0
06-07-2024,Campaign 3,TikTok,Video,Gen Z,12923,599,34,180.64,3363.75
06-07-2024,Campaign 3,TikTok,Video,Millennials,1394,41,6,16.7,570.8
06-07-2024,Campaign 3,TikTok,Video,Gen X,762,16,2,11.5,102.23
06-07-2024,Campaign 3,TikTok,Image,Gen Z,5300,38,0,104.69,0
06-07-2024,Campaign 3,TikTok,Image,Millennials,1309,10,0,16.23,0
06-07-2024,Campaign 3,TikTok,Image,Gen X,420,6,0,12.26,0
06-07-2024,Campaign 3,TikTok,Carousel,Gen Z,5463,81,4,114.38,397.89
06-07-2024,Campaign 3,TikTok,Carousel,Millennials,1364,17,0,19.81,0
06-07-2024,Campaign 3,TikTok,Carousel,Gen X,978,28,0,27.51,0
06-07-2024,Campaign 3,Facebook,Video,Gen Z,1881,70,8,46.85,640.38
06-07-2024,Campaign 3,Facebook,Video,Millennials,10219,282,30,275.57,2881.03
06-07-2024,Campaign 3,Facebook,Video,Gen X,4958,180,21,87.83,1061.65
06-07-2024,Campaign 3,Facebook,Image,Gen Z,2047,13,0,33.73,0
06-07-2024,Campaign 3,Facebook,Image,Millennials,5674,67,3,154.25,281.71
06-07-2024,Campaign 3,Facebook,Image,Gen X,4306,63,0,105.15,0
06-07-2024,Campaign 3,Facebook,Carousel,Gen Z,1664,41,2,19.91,155.73
06-07-2024,Campaign 3,Facebook,Carousel,Millennials,11605,244,9,261.02,634.57
06-07-2024,Campaign 3,Facebook,Carousel,Gen X,5620,87,4,75.43,349.13
07-07-2024,Campaign 3,Instagram,Video,Gen Z,3698,147,16,68.14,1117.02
07-07-2024,Campaign 3,Instagram,Video,Millennials,5297,126,7,139.98,628.86
07-07-2024,Campaign 3,Instagram,Video,Gen X,534,17,2,11.18,151.18
07-07-2024,Campaign 3,Instagram,Image,Gen Z,9364,127,5,240.53,446.58
07-07-2024,Campaign 3,Instagram,Image,Millennials,3440,35,0,56.33,0
07-07-2024,Campaign 3,Instagram,Image,Gen X,297,4,0,4.58,0
07-07-2024,Campaign 3,Instagram,Carousel,Gen Z,6375,177,3,64.17,274.02
07-07-2024,Campaign 3,Instagram,Carousel,Millennials,2104,48,2,56.69,118.33
07-07-2024,Campaign 3,Instagram,Carousel,Gen X,920,24,1,13.6,50.72
07-07-2024,Campaign 3,TikTok,Video,Gen Z,14633,561,29,438.57,1715.91
07-07-2024,Campaign 3,TikTok,Video,Millennials,1267,39,3,35.28,298.36
07-07-2024,Campaign 3,TikTok,Video,Gen X,393,14,0,10.64,0
07-07-2024,Campaign 3,TikTok,Image,Gen Z,10209,150,2,275.11,196.67
07-07-2024,Campaign 3,TikTok,Image,Millennials,1456,17,0,37.1,0
07-07-2024,Campaign 3,TikTok,Image,Gen X,779,8,0,18.04,0
07-07-2024,Campaign 3,TikTok,Carousel,Gen Z,5298,96,4,70.95,290.49
07-07-2024,Campaign 3,TikTok,Carousel,Millennials,1665,32,1,46.73,50.1
07-07-2024,Campaign 3,TikTok,Carousel,Gen X,231,5,0,3.79,0
07-07-2024,Campaign 3,Facebook,Video,Gen Z,1617,79,9,18.4,525.39
07-07-2024,Campaign 3,Facebook,Video,Millennials,11834,486,65,346.36,4842.13
07-07-2024,Campaign 3,Facebook,Video,Gen X,5438,185,22,59.88,1608.85
07-07-2024,Campaign 3,Facebook,Image,Gen Z,2161,36,1,23.92,76.36
07-07-2024,Campaign 3,Facebook,Image,Millennials,7012,108,4,162.88,399.34
07-07-2024,Campaign 3,Facebook,Image,Gen X,3530,21,0,83.17,0
07-07-2024,Campaign 3,Facebook,Carousel,Gen Z,2264,44,2,23.58,192.58
07-07-2024,Campaign 3,Facebook,Carousel,Millennials,6140,181,12,166.97,946.31
07-07-2024,Campaign 3,Facebook,Carousel,Gen X,5830,147,8,70.35,504.94
08-07-2024,Campaign 3,Instagram,Video,Gen Z,5856,283,14,173.53,1210.2
08-07-2024,Campaign 3,Instagram,Video,Millennials,2321,91,12,41.22,1015.14
08-07-2024,Campaign 3,Instagram,Video,Gen X,289,12,0,3.15,0
08-07-2024,Campaign 3,Instagram,Image,Gen Z,7143,49,1,169.08,52.89
08-07-2024,Campaign 3,Instagram,Image,Millennials,4294,37,1,98.14,93.87
08-07-2024,Campaign 3,Instagram,Image,Gen X,506,4,0,14.97,0
08-07-2024,Campaign 3,Instagram,Carousel,Gen Z,6264,118,7,66.72,555.06
08-07-2024,Campaign 3,Instagram,Carousel,Millennials,5005,147,10,141.53,854.18
08-07-2024,Campaign 3,Instagram,Carousel,Gen X,360,6,0,8.25,0
08-07-2024,Campaign 3,TikTok,Video,Gen Z,5579,124,13,61.78,898.56
08-07-2024,Campaign 3,TikTok,Video,Millennials,1122,46,4,29.66,295.35
08-07-2024,Campaign 3,TikTok,Video,Gen X,690,33,4,17.68,213.44
08-07-2024,Campaign 3,TikTok,Image,Gen Z,11909,195,5,293.33,372.83
08-07-2024,Campaign 3,TikTok,Image,Millennials,1470,26,1,24.28,95.7
08-07-2024,Campaign 3,TikTok,Image,Gen X,598,7,0,8.87,0
08-07-2024,Campaign 3,TikTok,Carousel,Gen Z,13674,312,16,281.13,1315.76
08-07-2024,Campaign 3,TikTok,Carousel,Millennials,727,14,0,13.5,0
08-07-2024,Campaign 3,TikTok,Carousel,Gen X,276,7,0,4.39,0
08-07-2024,Campaign 3,Facebook,Video,Gen Z,1490,34,2,21.97,199.62
08-07-2024,Campaign 3,Facebook,Video,Millennials,4088,179,12,121.58,862.47
08-07-2024,Campaign 3,Facebook,Video,Gen X,5470,266,37,102.52,2910.66
08-07-2024,Campaign 3,Facebook,Image,Gen Z,2633,20,0,30.04,0
08-07-2024,Campaign 3,Facebook,Image,Millennials,7801,82,1,111.01,82.84
08-07-2024,Campaign 3,Facebook,Image,Gen X,3430,31,0,54.88,0
08-07-2024,Campaign 3,Facebook,Carousel,Gen Z,2571,69,2,72.94,134.26
08-07-2024,Campaign 3,Facebook,Carousel,Millennials,10117,215,8,184.93,527.1
08-07-2024,Campaign 3,Facebook,Carousel,Gen X,4596,70,3,136.43,217.97
09-07-2024,Campaign 3,Instagram,Video,Gen Z,9632,436,32,150.82,3016.26
09-07-2024,Campaign 3,Instagram,Video,Millennials,5008,177,10,150.09,876.33
09-07-2024,Campaign 3,Instagram,Video,Gen X,992,30,2,21.25,163.29
09-07-2024,Campaign 3,Instagram,Image,Gen Z,9214,169,3,190.69,254.61
09-07-2024,Campaign 3,Instagram,Image,Millennials,5842,34,1,129.15,50.29
09-07-2024,Campaign 3,Instagram,Image,Gen X,264,3,0,3.63,0
09-07-2024,Campaign 3,Instagram,Carousel,Gen Z,8717,238,6,174.11,585.85
09-07-2024,Campaign 3,Instagram,Carousel,Millennials,6995,170,7,72.98,576.15
09-07-2024,Campaign 3,Instagram,Carousel,Gen X,662,10,0,16.41,0
09-07-2024,Campaign 3,TikTok,Video,Gen Z,14234,481,46,374.37,4196.52
09-07-2024,Campaign 3,TikTok,Video,Millennials,1280,42,6,23.32,353.3
09-07-2024,Campaign 3,TikTok,Video,Gen X,518,21,3,9.91,244.87
09-07-2024,Campaign 3,TikTok,Image,Gen Z,9223,109,3,268.48,204.98
09-07-2024,Campaign 3,TikTok,Image,Millennials,1897,33,1,40.49,93.19
09-07-2024,Campaign 3,TikTok,Image,Gen X,664,3,0,19.83,0
09-07-2024,Campaign 3,TikTok,Carousel,Gen Z,11083,322,9,276.67,594.35
09-07-2024,Campaign 3,TikTok,Carousel,Millennials,771,10,0,16.84,0
09-07-2024,Campaign 3,TikTok,Carousel,Gen X,899,9,0,16.39,0
09-07-2024,Campaign 3,Facebook,Video,Gen Z,1798,57,3,45.23,295.83
09-07-2024,Campaign 3,Facebook,Video,Millennials,4303,101,10,121.74,899.99
09-07-2024,Campaign 3,Facebook,Video,Gen X,2921,115,11,75.15,932.08
09-07-2024,Campaign 3,Facebook,Image,Gen Z,1577,13,0,38.89,0
09-07-2024,Campaign 3,Facebook,Image,Millennials,8739,158,1,259.15,99.67
09-07-2024,Campaign 3,Facebook,Image,Gen X,2636,20,0,66.7,0
09-07-2024,Campaign 3,Facebook,Carousel,Gen Z,1932,37,0,47.24,0
09-07-2024,Campaign 3,Facebook,Carousel,Millennials,8395,140,8,225.22,424.6
09-07-2024,Campaign 3,Facebook,Carousel,Gen X,3970,101,6,110.87,361.4
10-07-2024,Campaign 3,Instagram,Video,Gen Z,4683,222,21,60.44,1797.19
10-07-2024,Campaign 3,Instagram,Video,Millennials,5064,168,12,56.91,1039.87
10-07-2024,Campaign 3,Instagram,Video,Gen X,372,18,1,7.85,84.72
10-07-2024,Campaign 3,Instagram,Image,Gen Z,8670,99,1,121.06,65.92
10-07-2024,Campaign 3,Instagram,Image,Millennials,7269,49,1,117.83,50.2
10-07-2024,Campaign 3,Instagram,Image,Gen X,482,6,0,5.56,0
10-07-2024,Campaign 3,Instagram,Carousel,Gen Z,5174,60,4,112.19,291.73
10-07-2024,Campaign 3,Instagram,Carousel,Millennials,4440,111,7,129.53,628.45
10-07-2024,Campaign 3,Instagram,Carousel,Gen X,807,23,1,14.75,73.92
10-07-2024,Campaign 3,TikTok,Video,Gen Z,13549,329,22,153.1,2077.3
10-07-2024,Campaign 3,TikTok,Video,Millennials,1917,92,11,31.72,670.47
10-07-2024,Campaign 3,TikTok,Video,Gen X,728,16,1,11.82,52.18
10-07-2024,Campaign 3,TikTok,Image,Gen Z,11615,142,4,329.63,205.87
10-07-2024,Campaign 3,TikTok,Image,Millennials,857,7,0,20.41,0
10-07-2024,Campaign 3,TikTok,Image,Gen X,181,1,0,2.63,0
10-07-2024,Campaign 3,TikTok,Carousel,Gen Z,6932,76,4,146.98,283.55
10-07-2024,Campaign 3,TikTok,Carousel,Millennials,527,8,0,11.18,0
10-07-2024,Campaign 3,TikTok,Carousel,Gen X,911,15,0,24.6,0
10-07-2024,Campaign 3,Facebook,Video,Gen Z,1464,58,5,19.32,383.31
10-07-2024,Campaign 3,Facebook,Video,Millennials,4162,103,8,59.07,544.58
10-07-2024,Campaign 3,Facebook,Video,Gen X,5380,240,19,101.92,1683.72
10-07-2024,Campaign 3,Facebook,Image,Gen Z,2866,57,2,33.33,142.6
10-07-2024,Campaign 3,Facebook,Image,Millennials,9699,96,3,210.15,171.86
10-07-2024,Campaign 3,Facebook,Image,Gen X,2930,17,0,64.49,0
10-07-2024,Campaign 3,Facebook,Carousel,Gen Z,1685,42,1,48.9,67.14
10-07-2024,Campaign 3,Facebook,Carousel,Millennials,11116,126,2,282.85,138.54
10-07-2024,Campaign 3,Facebook,Carousel,Gen X,2254,62,4,24.16,365.47
11-07-2024,Campaign 3,Instagram,Video,Gen Z,3601,139,8,59.18,549.63
11-07-2024,Campaign 3,Instagram,Video,Millennials,5359,117,11,58.75,711.84
11-07-2024,Campaign 3,Instagram,Video,Gen X,384,10,0,9.15,0
11-07-2024,Campaign 3,Instagram,Image,Gen Z,9138,169,2,245.73,182.86
11-07-2024,Campaign 3,Instagram,Image,Millennials,6403,50,1,89.25,79.22
11-07-2024,Campaign 3,Instagram,Image,Gen X,105,1,0,1.34,0
11-07-2024,Campaign 3,Instagram,Carousel,Gen Z,3873,53,2,91.16,107.54
11-07-2024,Campaign 3,Instagram,Carousel,Millennials,6648,94,1,163.38,82.2
11-07-2024,Campaign 3,Instagram,Carousel,Gen X,686,14,0,7.73,0
11-07-2024,Campaign 3,TikTok,Video,Gen Z,8608,195,14,150.5,1296.3
11-07-2024,Campaign 3,TikTok,Video,Millennials,854,26,2,8.87,119.6
11-07-2024,Campaign 3,TikTok,Video,Gen X,122,5,0,2.75,0
11-07-2024,Campaign 3,TikTok,Image,Gen Z,7547,81,3,100.29,282.58
11-07-2024,Campaign 3,TikTok,Image,Millennials,613,5,0,15.07,0
11-07-2024,Campaign 3,TikTok,Image,Gen X,954,10,0,15.47,0
11-07-2024,Campaign 3,TikTok,Carousel,Gen Z,6712,148,8,145.22,795.22
11-07-2024,Campaign 3,TikTok,Carousel,Millennials,842,19,0,16.47,0
11-07-2024,Campaign 3,TikTok,Carousel,Gen X,287,3,0,5.86,0
11-07-2024,Campaign 3,Facebook,Video,Gen Z,1295,26,2,17.18,196.55
11-07-2024,Campaign 3,Facebook,Video,Millennials,10199,282,19,213.8,1475.6
11-07-2024,Campaign 3,Facebook,Video,Gen X,3920,137,13,43.52,806.04
11-07-2024,Campaign 3,Facebook,Image,Gen Z,2575,47,1,43.8,62.68
11-07-2024,Campaign 3,Facebook,Image,Millennials,10986,180,7,161.43,373.23
11-07-2024,Campaign 3,Facebook,Image,Gen X,4580,26,1,49.56,65.42
11-07-2024,Campaign 3,Facebook,Carousel,Gen Z,2479,48,1,41.1,53.58
11-07-2024,Campaign 3,Facebook,Carousel,Millennials,4335,127,5,46.89,259.14
11-07-2024,Campaign 3,Facebook,Carousel,Gen X,5957,137,6,78.42,302.32
12-07-2024,Campaign 3,Instagram,Video,Gen Z,6982,325,41,136.63,2681.66
12-07-2024,Campaign 3,Instagram,Video,Millennials,2496,83,7,56.39,606.95
12-07-2024,Campaign 3,Instagram,Video,Gen X,676,22,2,10.03,143.44
12-07-2024,Campaign 3,Instagram,Image,Gen Z,8653,156,4,125.87,208.24
12-07-2024,Campaign 3,Instagram,Image,Millennials,7519,70,3,154.25,232.88
12-07-2024,Campaign 3,Instagram,Image,Gen X,468,6,0,12.4,0
12-07-2024,Campaign 3,Instagram,Carousel,Gen Z,6505,109,3,183.91,283.51
12-07-2024,Campaign 3,Instagram,Carousel,Millennials,2775,68,4,38.67,271.24
12-07-2024,Campaign 3,Instagram,Carousel,Gen X,863,19,1,24.22,59.5
12-07-2024,Campaign 3,TikTok,Video,Gen Z,5092,233,22,57.19,1221.86
12-07-2024,Campaign 3,TikTok,Video,Millennials,933,39,5,11.58,440.1
12-07-2024,Campaign 3,TikTok,Video,Gen X,983,33,1,27.97,99.02
12-07-2024,Campaign 3,TikTok,Image,Gen Z,12286,219,5,255.4,357.84
12-07-2024,Campaign 3,TikTok,Image,Millennials,1407,16,0,14.59,0
12-07-2024,Campaign 3,TikTok,Image,Gen X,358,2,0,9.13,0
12-07-2024,Campaign 3,TikTok,Carousel,Gen Z,13579,191,8,224.08,688.19
12-07-2024,Campaign 3,TikTok,Carousel,Millennials,723,21,0,10.27,0
12-07-2024,Campaign 3,TikTok,Carousel,Gen X,568,7,0,14.21,0
12-07-2024,Campaign 3,Facebook,Video,Gen Z,2447,97,5,27.39,371.3
12-07-2024,Campaign 3,Facebook,Video,Millennials,4328,113,15,59.94,1497.79
12-07-2024,Campaign 3,Facebook,Video,Gen X,3137,98,8,43.74,604.89
12-07-2024,Campaign 3,Facebook,Image,Gen Z,2421,41,1,57.17,90.89
12-07-2024,Campaign 3,Facebook,Image,Millennials,9346,54,0,271.49,0
12-07-2024,Campaign 3,Facebook,Image,Gen X,3696,39,0,96.86,0
12-07-2024,Campaign 3,Facebook,Carousel,Gen Z,2573,59,3,30.36,259.02
12-07-2024,Campaign 3,Facebook,Carousel,Millennials,4361,106,5,44.43,269.58
12-07-2024,Campaign 3,Facebook,Carousel,Gen X,4783,56,2,53.98,163.02
13-07-2024,Campaign 3,Instagram,Video,Gen Z,4118,193,10,54.12,812.19
13-07-2024,Campaign 3,Instagram,Video,Millennials,2220,87,12,61.42,954.55
13-07-2024,Campaign 3,Instagram,Video,Gen X,991,23,2,18.46,133.64
13-07-2024,Campaign 3,Instagram,Image,Gen Z,7852,62,1,120.58,72.58
13-07-2024,Campaign 3,Instagram,Image,Millennials,5098,54,2,114.26,160.34
13-07-2024,Campaign 3,Instagram,Image,Gen X,556,4,0,12.5,0
13-07-2024,Campaign 3,Instagram,Carousel,Gen Z,7605,180,7,161.63,447.72
13-07-2024,Campaign 3,Instagram,Carousel,Millennials,5851,58,3,146.62,187.35
13-07-2024,Campaign 3,Instagram,Carousel,Gen X,705,15,0,10.72,0
13-07-2024,Campaign 3,TikTok,Video,Gen Z,5373,197,28,119.53,1824.65
13-07-2024,Campaign 3,TikTok,Video,Millennials,1336,51,5,17.68,408.64
13-07-2024,Campaign 3,TikTok,Video,Gen X,590,20,2,7.34,192.92
13-07-2024,Campaign 3,TikTok,Image,Gen Z,14487,282,3,358.28,167.15
13-07-2024,Campaign 3,TikTok,Image,Millennials,866,4,0,21.37,0
13-07-2024,Campaign 3,TikTok,Image,Gen X,640,12,0,17.36,0
13-07-2024,Campaign 3,TikTok,Carousel,Gen Z,5650,101,6,61.5,338.72
13-07-2024,Campaign 3,TikTok,Carousel,Millennials,621,12,0,13.79,0
13-07-2024,Campaign 3,TikTok,Carousel,Gen X,125,3,0,2.71,0
13-07-2024,Campaign 3,Facebook,Video,Gen Z,2507,76,8,65.64,495.51
13-07-2024,Campaign 3,Facebook,Video,Millennials,8781,180,18,103.4,1705.62
13-07-2024,Campaign 3,Facebook,Video,Gen X,4544,196,13,111.77,936.83
13-07-2024,Campaign 3,Facebook,Image,Gen Z,2784,30,0,63.43,0
13-07-2024,Campaign 3,Facebook,Image,Millennials,4095,22,0,78.8,0
13-07-2024,Campaign 3,Facebook,Image,Gen X,4114,60,1,48,68.89
13-07-2024,Campaign 3,Facebook,Carousel,Gen Z,1760,47,3,20.77,272.09
13-07-2024,Campaign 3,Facebook,Carousel,Millennials,11209,239,14,209.03,763.95
13-07-2024,Campaign 3,Facebook,Carousel,Gen X,5798,99,2,133.6,170.2
14-07-2024,Campaign 3,Instagram,Video,Gen Z,7538,366,47,98.18,4656.87
14-07-2024,Campaign 3,Instagram,Video,Millennials,6463,310,40,189.16,3908.52
14-07-2024,Campaign 3,Instagram,Video,Gen X,462,10,1,9.75,93.72
14-07-2024,Campaign 3,Instagram,Image,Gen Z,7948,69,3,171.16,240.96
14-07-2024,Campaign 3,Instagram,Image,Millennials,5321,41,1,74.37,90.22
14-07-2024,Campaign 3,Instagram,Image,Gen X,865,15,0,11.52,0
14-07-2024,Campaign 3,Instagram,Carousel,Gen Z,3411,62,2,68.87,106.15
14-07-2024,Campaign 3,Instagram,Carousel,Millennials,7054,94,2,126.18,196.18
14-07-2024,Campaign 3,Instagram,Carousel,Gen X,745,11,0,8.75,0
14-07-2024,Campaign 3,TikTok,Video,Gen Z,5006,170,15,73.62,1039.97
14-07-2024,Campaign 3,TikTok,Video,Millennials,1417,50,6,24.42,515.04
14-07-2024,Campaign 3,TikTok,Video,Gen X,774,37,3,21.77,273.1
14-07-2024,Campaign 3,TikTok,Image,Gen Z,10161,150,2,295.69,110.69
14-07-2024,Campaign 3,TikTok,Image,Millennials,1310,13,0,29.18,0
14-07-2024,Campaign 3,TikTok,Image,Gen X,720,11,0,15.07,0
14-07-2024,Campaign 3,TikTok,Carousel,Gen Z,11010,267,6,216.59,344.47
14-07-2024,Campaign 3,TikTok,Carousel,Millennials,1150,33,1,30.12,74.33
14-07-2024,Campaign 3,TikTok,Carousel,Gen X,766,13,0,16.67,0
14-07-2024,Campaign 3,Facebook,Video,Gen Z,1090,36,3,11.96,157.96
14-07-2024,Campaign 3,Facebook,Video,Millennials,10252,311,28,266.92,1626.95
14-07-2024,Campaign 3,Facebook,Video,Gen X,5315,229,31,59.7,2534.88
14-07-2024,Campaign 3,Facebook,Image,Gen Z,1652,20,0,43.16,0
14-07-2024,Campaign 3,Facebook,Image,Millennials,10934,146,2,143.95,198.22
14-07-2024,Campaign 3,Facebook,Image,Gen X,3889,24,0,97.3,0
14-07-2024,Campaign 3,Facebook,Carousel,Gen Z,1363,23,1,37.46,90.81
14-07-2024,Campaign 3,Facebook,Carousel,Millennials,8684,147,8,107.35,437.05
14-07-2024,Campaign 3,Facebook,Carousel,Gen X,5204,107,6,111.75,478.5
15-07-2024,Campaign 3,Instagram,Video,Gen Z,8440,368,51,203.67,2702.78
15-07-2024,Campaign 3,Instagram,Video,Millennials,5627,211,30,135.49,1914.53
15-07-2024,Campaign 3,Instagram,Video,Gen X,916,36,2,17.36,163.33
15-07-2024,Campaign 3,Instagram,Image,Gen Z,8012,45,2,97.86,105.05
15-07-2024,Campaign 3,Instagram,Image,Millennials,2387,35,0,69.39,0
15-07-2024,Campaign 3,Instagram,Image,Gen X,657,7,0,18.08,0
15-07-2024,Campaign 3,Instagram,Carousel,Gen Z,8048,105,3,238.75,257.59
15-07-2024,Campaign 3,Instagram,Carousel,Millennials,3986,101,6,75.85,396.73
15-07-2024,Campaign 3,Instagram,Carousel,Gen X,442,11,0,10.11,0
15-07-2024,Campaign 3,TikTok,Video,Gen Z,11028,335,23,264.31,1458.81
15-07-2024,Campaign 3,TikTok,Video,Millennials,1865,58,3,45.43,289.45
15-07-2024,Campaign 3,TikTok,Video,Gen X,955,42,5,27.23,331.46
15-07-2024,Campaign 3,TikTok,Image,Gen Z,12825,108,4,248.7,306.13
15-07-2024,Campaign 3,TikTok,Image,Millennials,1596,8,0,38.87,0
15-07-2024,Campaign 3,TikTok,Image,Gen X,857,16,0,20.73,0
15-07-2024,Campaign 3,TikTok,Carousel,Gen Z,12973,136,4,244.31,317.52
15-07-2024,Campaign 3,TikTok,Carousel,Millennials,1354,38,2,16.49,113.84
15-07-2024,Campaign 3,TikTok,Carousel,Gen X,251,6,0,7.28,0
15-07-2024,Campaign 3,Facebook,Video,Gen Z,2455,108,11,72.96,908.14
15-07-2024,Campaign 3,Facebook,Video,Millennials,5482,242,25,142.33,1594.85
15-07-2024,Campaign 3,Facebook,Video,Gen X,3040,65,3,37.08,157.87
15-07-2024,Campaign 3,Facebook,Image,Gen Z,1233,21,0,31.84,0
15-07-2024,Campaign 3,Facebook,Image,Millennials,5821,68,1,80.85,54.98
15-07-2024,Campaign 3,Facebook,Image,Gen X,2512,35,0,33.21,0
15-07-2024,Campaign 3,Facebook,Carousel,Gen Z,1640,48,2,46.11,113.54
15-07-2024,Campaign 3,Facebook,Carousel,Millennials,9792,176,6,104.26,337.7
15-07-2024,Campaign 3,Facebook,Carousel,Gen X,5597,157,4,97.1,358.64
16-07-2024,Campaign 3,Instagram,Video,Gen Z,8901,204,16,231.84,1091.57
16-07-2024,Campaign 3,Instagram,Video,Millennials,4184,135,16,88.25,1530.1
16-07-2024,Campaign 3,Instagram,Video,Gen X,990,31,1,23.32,85.62
16-07-2024,Campaign 3,Instagram,Image,Gen Z,4257,65,3,64.11,254.24
16-07-2024,Campaign 3,Instagram,Image,Millennials,2705,42,0,42.1,0
16-07-2024,Campaign 3,Instagram,Image,Gen X,956,17,0,12.94,0
16-07-2024,Campaign 3,Instagram,Carousel,Gen Z,3777,40,0,86.91,0
16-07-2024,Campaign 3,Instagram,Carousel,Millennials,6110,172,5,92.81,340.41
16-07-2024,Campaign 3,Instagram,Carousel,Gen X,873,8,0,20.69,0
16-07-2024,Campaign 3,TikTok,Video,Gen Z,6613,139,9,91.24,795.43
16-07-2024,Campaign 3,TikTok,Video,Millennials,1078,32,1,25.78,66.97
16-07-2024,Campaign 3,TikTok,Video,Gen X,186,7,0,5.44,0
16-07-2024,Campaign 3,TikTok,Image,Gen Z,9620,164,7,209.21,478.1
16-07-2024,Campaign 3,TikTok,Image,Millennials,1599,31,0,47.76,0
16-07-2024,Campaign 3,TikTok,Image,Gen X,870,10,0,23.4,0
16-07-2024,Campaign 3,TikTok,Carousel,Gen Z,9987,104,6,290.9,370.54
16-07-2024,Campaign 3,TikTok,Carousel,Millennials,1873,44,1,20.29,57.36
16-07-2024,Campaign 3,TikTok,Carousel,Gen X,417,9,0,7.38,0
16-07-2024,Campaign 3,Facebook,Video,Gen Z,1617,33,2,30.38,163.06
16-07-2024,Campaign 3,Facebook,Video,Millennials,8098,201,19,199.88,1542.46
16-07-2024,Campaign 3,Facebook,Video,Gen X,5548,224,17,144.22,1191.84
16-07-2024,Campaign 3,Facebook,Image,Gen Z,1634,31,0,38.87,0
16-07-2024,Campaign 3,Facebook,Image,Millennials,8017,117,2,159.97,104.19
16-07-2024,Campaign 3,Facebook,Image,Gen X,5452,102,4,119.94,295.93
16-07-2024,Campaign 3,Facebook,Carousel,Gen Z,2609,71,2,62.87,186.17
16-07-2024,Campaign 3,Facebook,Carousel,Millennials,7287,124,9,216.87,550.45
16-07-2024,Campaign 3,Facebook,Carousel,Gen X,4084,84,2,95.25,179.23
17-07-2024,Campaign 3,Instagram,Video,Gen Z,7189,337,27,194.74,1476.2
17-07-2024,Campaign 3,Instagram,Video,Millennials,5292,257,20,59.78,1384.83
17-07-2024,Campaign 3,Instagram,Video,Gen X,524,14,1,8.43,52.25
17-07-2024,Campaign 3,Instagram,Image,Gen Z,4587,25,0,121.88,0
17-07-2024,Campaign 3,Instagram,Image,Millennials,4548,76,1,112.55,75.09
17-07-2024,Campaign 3,Instagram,Image,Gen X,706,4,0,8.01,0
17-07-2024,Campaign 3,Instagram,Carousel,Gen Z,4242,73,3,71.44,155.07
17-07-2024,Campaign 3,Instagram,Carousel,Millennials,3274,66,3,95.29,247.41
17-07-2024,Campaign 3,Instagram,Carousel,Gen X,396,8,0,9.05,0
17-07-2024,Campaign 3,TikTok,Video,Gen Z,12645,577,58,357.58,3638.75
17-07-2024,Campaign 3,TikTok,Video,Millennials,1283,45,6,23.64,556.45
17-07-2024,Campaign 3,TikTok,Video,Gen X,102,3,0,2.95,0
17-07-2024,Campaign 3,TikTok,Image,Gen Z,5684,107,2,67.64,130.29
17-07-2024,Campaign 3,TikTok,Image,Millennials,1506,20,0,16.19,0
17-07-2024,Campaign 3,TikTok,Image,Gen X,284,1,0,4.41,0
17-07-2024,Campaign 3,TikTok,Carousel,Gen Z,14997,253,16,416.03,948.97
17-07-2024,Campaign 3,TikTok,Carousel,Millennials,1260,15,0,17.14,0
17-07-2024,Campaign 3,TikTok,Carousel,Gen X,320,8,0,7.91,0
17-07-2024,Campaign 3,Facebook,Video,Gen Z,2482,56,3,53.98,296.86
17-07-2024,Campaign 3,Facebook,Video,Millennials,4822,152,19,63.75,1616.13
17-07-2024,Campaign 3,Facebook,Video,Gen X,3195,130,11,87.45,566.1
17-07-2024,Campaign 3,Facebook,Image,Gen Z,1743,11,0,46.95,0
17-07-2024,Campaign 3,Facebook,Image,Millennials,7945,97,3,203.03,260.67
17-07-2024,Campaign 3,Facebook,Image,Gen X,5249,42,1,155.93,68.52
17-07-2024,Campaign 3,Facebook,Carousel,Gen Z,2896,47,2,78.5,177.84
17-07-2024,Campaign 3,Facebook,Carousel,Millennials,5039,117,2,144.96,159.7
17-07-2024,Campaign 3,Facebook,Carousel,Gen X,4955,117,3,116.1,247.19
18-07-2024,Campaign 3,Instagram,Video,Gen Z,7396,220,32,143.35,3129.98
18-07-2024,Campaign 3,Instagram,Video,Millennials,2997,127,14,55.44,1211.35
18-07-2024,Campaign 3,Instagram,Video,Gen X,949,34,4,24.58,302.62
18-07-2024,Campaign 3,Instagram,Image,Gen Z,4141,55,1,73.48,50.87
18-07-2024,Campaign 3,Instagram,Image,Millennials,6197,31,1,65.32,72.91
18-07-2024,Campaign 3,Instagram,Image,Gen X,466,4,0,8.47,0
18-07-2024,Campaign 3,Instagram,Carousel,Gen Z,9257,187,12,134.34,865.03
18-07-2024,Campaign 3,Instagram,Carousel,Millennials,3046,62,1,61.08,56.27
18-07-2024,Campaign 3,Instagram,Carousel,Gen X,476,14,0,9.93,0
18-07-2024,Campaign 3,TikTok,Video,Gen Z,13127,520,40,195.12,2256.5
18-07-2024,Campaign 3,TikTok,Video,Millennials,1266,42,6,22.51,438.98
18-07-2024,Campaign 3,TikTok,Video,Gen X,424,16,2,9.25,130.4
18-07-2024,Campaign 3,TikTok,Image,Gen Z,10298,159,7,118.63,442.58
18-07-2024,Campaign 3,TikTok,Image,Millennials,1950,14,0,55.24,0
18-07-2024,Campaign 3,TikTok,Image,Gen X,575,8,0,10.47,0
18-07-2024,Campaign 3,TikTok,Carousel,Gen Z,6494,88,5,111.11,495.13
18-07-2024,Campaign 3,TikTok,Carousel,Millennials,1361,13,0,17.78,0
18-07-2024,Campaign 3,TikTok,Carousel,Gen X,539,14,0,14.41,0
18-07-2024,Campaign 3,Facebook,Video,Gen Z,1750,68,7,40.93,419.87
18-07-2024,Campaign 3,Facebook,Video,Millennials,9380,198,16,248.72,1172.63
18-07-2024,Campaign 3,Facebook,Video,Gen X,4556,113,8,65.34,692.66
18-07-2024,Campaign 3,Facebook,Image,Gen Z,2373,28,0,66.68,0
18-07-2024,Campaign 3,Facebook,Image,Millennials,8015,120,5,162.11,483.66
18-07-2024,Campaign 3,Facebook,Image,Gen X,4569,73,2,90.46,132.11
18-07-2024,Campaign 3,Facebook,Carousel,Gen Z,2645,40,1,73.98,52.8
18-07-2024,Campaign 3,Facebook,Carousel,Millennials,10601,204,10,294.75,789.54
18-07-2024,Campaign 3,Facebook,Carousel,Gen X,2315,50,1,45.31,70.41
19-07-2024,Campaign 3,Instagram,Video,Gen Z,8639,291,38,246.19,1976.01
19-07-2024,Campaign 3,Instagram,Video,Millennials,7264,214,19,80.51,1892.91
19-07-2024,Campaign 3,Instagram,Video,Gen X,360,11,1,6.08,67.13
19-07-2024,Campaign 3,Instagram,Image,Gen Z,9099,141,2,211.38,176.63
19-07-2024,Campaign 3,Instagram,Image,Millennials,5662,47,0,78.44,0
19-07-2024,Campaign 3,Instagram,Image,Gen X,919,13,0,15.73,0
19-07-2024,Campaign 3,Instagram,Carousel,Gen Z,5372,137,7,156.64,475.76
19-07-2024,Campaign 3,Instagram,Carousel,Millennials,7435,184,13,217.34,654.99
19-07-2024,Campaign 3,Instagram,Carousel,Gen X,717,8,0,16.31,0
19-07-2024,Campaign 3,TikTok,Video,Gen Z,9641,359,44,142.17,2845.32
19-07-2024,Campaign 3,TikTok,Video,Millennials,1337,40,2,36.32,170.3
19-07-2024,Campaign 3,TikTok,Video,Gen X,395,17,1,6.34,52.89
19-07-2024,Campaign 3,TikTok,Image,Gen Z,7034,138,1,149.95,50.3
19-07-2024,Campaign 3,TikTok,Image,Millennials,894,9,0,11.78,0
19-07-2024,Campaign 3,TikTok,Image,Gen X,831,6,0,15.65,0
19-07-2024,Campaign 3,TikTok,Carousel,Gen Z,11071,239,8,132.24,763.29
19-07-2024,Campaign 3,TikTok,Carousel,Millennials,1806,38,2,22.43,103.44
19-07-2024,Campaign 3,TikTok,Carousel,Gen X,501,5,0,9.83,0
19-07-2024,Campaign 3,Facebook,Video,Gen Z,2544,109,16,38.49,1190.24
19-07-2024,Campaign 3,Facebook,Video,Millennials,11546,252,27,335.87,2091.26
19-07-2024,Campaign 3,Facebook,Video,Gen X,4231,172,17,94.89,1597.41
19-07-2024,Campaign 3,Facebook,Image,Gen Z,1767,14,0,28.55,0
19-07-2024,Campaign 3,Facebook,Image,Millennials,8841,175,1,186.25,65.45
19-07-2024,Campaign 3,Facebook,Image,Gen X,4854,70,0,116.95,0
19-07-2024,Campaign 3,Facebook,Carousel,Gen Z,1767,27,1,27.23,91.03
19-07-2024,Campaign 3,Facebook,Carousel,Millennials,8071,189,8,125.01,744.35
19-07-2024,Campaign 3,Facebook,Carousel,Gen X,3251,42,2,95.96,135.72
20-07-2024,Campaign 3,Instagram,Video,Gen Z,6166,157,22,87.61,1511.12
20-07-2024,Campaign 3,Instagram,Video,Millennials,5850,126,18,82.27,1172.44
20-07-2024,Campaign 3,Instagram,Video,Gen X,576,11,1,10.53,87.85
20-07-2024,Campaign 3,Instagram,Image,Gen Z,6197,98,1,140.24,72.69
20-07-2024,Campaign 3,Instagram,Image,Millennials,2490,34,1,49.68,52.08
20-07-2024,Campaign 3,Instagram,Image,Gen X,966,10,0,14.61,0
20-07-2024,Campaign 3,Instagram,Carousel,Gen Z,3490,73,3,63.71,219.5
20-07-2024,Campaign 3,Instagram,Carousel,Millennials,3904,82,4,77.66,314.9
20-07-2024,Campaign 3,Instagram,Carousel,Gen X,802,15,0,15.63,0
20-07-2024,Campaign 3,TikTok,Video,Gen Z,14652,650,54,294.97,4341.34
20-07-2024,Campaign 3,TikTok,Video,Millennials,1988,94,6,21.87,398.25
20-07-2024,Campaign 3,TikTok,Video,Gen X,968,21,1,21.41,59.83
20-07-2024,Campaign 3,TikTok,Image,Gen Z,8711,115,5,225.26,476.27
20-07-2024,Campaign 3,TikTok,Image,Millennials,719,5,0,12.08,0
20-07-2024,Campaign 3,TikTok,Image,Gen X,188,1,0,4.43,0
20-07-2024,Campaign 3,TikTok,Carousel,Gen Z,5114,144,8,98.28,774.88
20-07-2024,Campaign 3,TikTok,Carousel,Millennials,1333,18,1,25.24,64.53
20-07-2024,Campaign 3,TikTok,Carousel,Gen X,801,8,0,13.34,0
20-07-2024,Campaign 3,Facebook,Video,Gen Z,2737,98,11,62.1,1067.9
20-07-2024,Campaign 3,Facebook,Video,Millennials,5758,161,8,71.34,781.02
20-07-2024,Campaign 3,Facebook,Video,Gen X,3909,176,25,86.71,1908.65
20-07-2024,Campaign 3,Facebook,Image,Gen Z,2317,36,0,28.47,0
20-07-2024,Campaign 3,Facebook,Image,Millennials,9799,98,3,203.63,239.4
20-07-2024,Campaign 3,Facebook,Image,Gen X,5954,105,1,173.59,55.07
20-07-2024,Campaign 3,Facebook,Carousel,Gen Z,2835,45,2,34.63,107.09
20-07-2024,Campaign 3,Facebook,Carousel,Millennials,8319,116,7,157.88,699.47
20-07-2024,Campaign 3,Facebook,Carousel,Gen X,3384,60,4,92.06,303.2
21-07-2024,Campaign 3,Instagram,Video,Gen Z,3044,138,18,31.24,1379.05
21-07-2024,Campaign 3,Instagram,Video,Millennials,4515,223,19,77.15,1555.59
21-07-2024,Campaign 3,Instagram,Video,Gen X,914,24,2,12.96,193
21-07-2024,Campaign 3,Instagram,Image,Gen Z,4814,78,3,95.25,242.98
21-07-2024,Campaign 3,Instagram,Image,Millennials,7698,44,1,119.63,99.44
21-07-2024,Campaign 3,Instagram,Image,Gen X,759,8,0,15.21,0
21-07-2024,Campaign 3,Instagram,Carousel,Gen Z,4496,47,2,117.79,194.63
21-07-2024,Campaign 3,Instagram,Carousel,Millennials,5915,134,10,68.75,791.23
21-07-2024,Campaign 3,Instagram,Carousel,Gen X,688,8,0,14.59,0
21-07-2024,Campaign 3,TikTok,Video,Gen Z,5175,200,11,130.13,552.46
21-07-2024,Campaign 3,TikTok,Video,Millennials,974,34,2,15.77,183.08
21-07-2024,Campaign 3,TikTok,Video,Gen X,124,3,0,3.41,0
21-07-2024,Campaign 3,TikTok,Image,Gen Z,11379,204,4,266.18,229.28
21-07-2024,Campaign 3,TikTok,Image,Millennials,1231,6,0,28.31,0
21-07-2024,Campaign 3,TikTok,Image,Gen X,652,12,0,18.02,0
21-07-2024,Campaign 3,TikTok,Carousel,Gen Z,10859,250,7,178.47,535.39
21-07-2024,Campaign 3,TikTok,Carousel,Millennials,1952,28,2,25.6,103.7
21-07-2024,Campaign 3,TikTok,Carousel,Gen X,776,15,1,22.55,76.93
21-07-2024,Campaign 3,Facebook,Video,Gen Z,1348,35,4,15.71,290.21
21-07-2024,Campaign 3,Facebook,Video,Millennials,11150,361,42,201.66,2339.79
21-07-2024,Campaign 3,Facebook,Video,Gen X,5495,262,38,75.49,2199.77
21-07-2024,Campaign 3,Facebook,Image,Gen Z,1401,7,0,21.37,0
21-07-2024,Campaign 3,Facebook,Image,Millennials,5717,77,1,77.66,56.61
21-07-2024,Campaign 3,Facebook,Image,Gen X,5298,63,2,142.85,146.53
21-07-2024,Campaign 3,Facebook,Carousel,Gen Z,1971,39,3,50.49,295.34
21-07-2024,Campaign 3,Facebook,Carousel,Millennials,10421,255,10,224.02,954.94
21-07-2024,Campaign 3,Facebook,Carousel,Gen X,3150,48,2,91.62,128.9
22-07-2024,Campaign 3,Instagram,Video,Gen Z,7515,155,13,197.05,1168.33
22-07-2024,Campaign 3,Instagram,Video,Millennials,5976,253,30,93.85,1533.78
22-07-2024,Campaign 3,Instagram,Video,Gen X,612,12,1,10.27,83.74
22-07-2024,Campaign 3,Instagram,Image,Gen Z,3996,63,2,44.09,137.17
22-07-2024,Campaign 3,Instagram,Image,Millennials,7157,43,0,164.72,0
22-07-2024,Campaign 3,Instagram,Image,Gen X,330,2,0,8.29,0
22-07-2024,Campaign 3,Instagram,Carousel,Gen Z,3254,85,4,96.34,295.52
22-07-2024,Campaign 3,Instagram,Carousel,Millennials,6197,147,5,102.74,317.34
22-07-2024,Campaign 3,Instagram,Carousel,Gen X,611,7,0,17.7,0
22-07-2024,Campaign 3,TikTok,Video,Gen Z,11085,314,38,119.98,3416.49
22-07-2024,Campaign 3,TikTok,Video,Millennials,879,22,2,10.49,124.24
22-07-2024,Campaign 3,TikTok,Video,Gen X,341,7,0,4.01,0
22-07-2024,Campaign 3,TikTok,Image,Gen Z,10979,213,4,261.72,251.62
22-07-2024,Campaign 3,TikTok,Image,Millennials,511,7,0,5.64,0
22-07-2024,Campaign 3,TikTok,Image,Gen X,620,6,0,10.61,0
22-07-2024,Campaign 3,TikTok,Carousel,Gen Z,5656,65,2,135.19,190.25
22-07-2024,Campaign 3,TikTok,Carousel,Millennials,976,15,0,16.84,0
22-07-2024,Campaign 3,TikTok,Carousel,Gen X,312,8,0,5.1,0
22-07-2024,Campaign 3,Facebook,Video,Gen Z,1748,61,6,29.08,441.53
22-07-2024,Campaign 3,Facebook,Video,Millennials,7584,210,16,90.24,1348.99
22-07-2024,Campaign 3,Facebook,Video,Gen X,2875,81,7,31,432.97
22-07-2024,Campaign 3,Facebook,Image,Gen Z,1544,26,0,44.81,0
22-07-2024,Campaign 3,Facebook,Image,Millennials,10471,85,1,244.65,78.06
22-07-2024,Campaign 3,Facebook,Image,Gen X,3760,66,0,47.04,0
22-07-2024,Campaign 3,Facebook,Carousel,Gen Z,2394,53,3,46.01,258.64
22-07-2024,Campaign 3,Facebook,Carousel,Millennials,7176,201,12,107.43,816.57
22-07-2024,Campaign 3,Facebook,Carousel,Gen X,5960,81,2,90.86,110.35
23-07-2024,Campaign 3,Instagram,Video,Gen Z,5871,268,17,75.79,1109.56
23-07-2024,Campaign 3,Instagram,Video,Millennials,4806,177,21,52.77,1134.65
23-07-2024,Campaign 3,Instagram,Video,Gen X,925,20,2,10.84,153.75
23-07-2024,Campaign 3,Instagram,Image,Gen Z,6371,121,3,120.98,267.08
23-07-2024,Campaign 3,Instagram,Image,Millennials,2626,30,1,40.03,81.83
23-07-2024,Campaign 3,Instagram,Image,Gen X,148,1,0,2.25,0
23-07-2024,Campaign 3,Instagram,Carousel,Gen Z,7311,104,3,118.13,251.84
23-07-2024,Campaign 3,Instagram,Carousel,Millennials,6141,70,3,71.7,206.87
23-07-2024,Campaign 3,Instagram,Carousel,Gen X,432,5,0,7.18,0
23-07-2024,Campaign 3,TikTok,Video,Gen Z,12471,416,32,256.1,2207.44
23-07-2024,Campaign 3,TikTok,Video,Millennials,715,30,4,11.42,328.95
23-07-2024,Campaign 3,TikTok,Video,Gen X,329,8,1,5.48,87.4
23-07-2024,Campaign 3,TikTok,Image,Gen Z,14296,282,11,392.65,931.86
23-07-2024,Campaign 3,TikTok,Image,Millennials,896,13,0,16.01,0
23-07-2024,Campaign 3,TikTok,Image,Gen X,336,4,0,7.77,0
23-07-2024,Campaign 3,TikTok,Carousel,Gen Z,12906,386,13,312.05,1142.7
23-07-2024,Campaign 3,TikTok,Carousel,Millennials,811,23,0,14.35,0
23-07-2024,Campaign 3,TikTok,Carousel,Gen X,121,2,0,3.15,0
23-07-2024,Campaign 3,Facebook,Video,Gen Z,2669,58,6,64.65,407.76
23-07-2024,Campaign 3,Facebook,Video,Millennials,4808,171,9,78.4,524.8
23-07-2024,Campaign 3,Facebook,Video,Gen X,5873,190,25,104.6,2003.95
23-07-2024,Campaign 3,Facebook,Image,Gen Z,2043,33,0,58.39,0
23-07-2024,Campaign 3,Facebook,Image,Millennials,9891,183,8,276.95,401.31
23-07-2024,Campaign 3,Facebook,Image,Gen X,4437,66,2,107.88,126.83
23-07-2024,Campaign 3,Facebook,Carousel,Gen Z,1746,39,1,18.42,73.82
23-07-2024,Campaign 3,Facebook,Carousel,Millennials,10884,262,18,315.84,1724.27
23-07-2024,Campaign 3,Facebook,Carousel,Gen X,5974,96,5,116.46,334.22
24-07-2024,Campaign 3,Instagram,Video,Gen Z,6424,298,42,97.46,2871.35
24-07-2024,Campaign 3,Instagram,Video,Millennials,3871,159,8,115.98,702.58
24-07-2024,Campaign 3,Instagram,Video,Gen X,130,6,0,1.75,0
24-07-2024,Campaign 3,Instagram,Image,Gen Z,4022,53,2,97.9,199.3
24-07-2024,Campaign 3,Instagram,Image,Millennials,4508,34,0,83.48,0
24-07-2024,Campaign 3,Instagram,Image,Gen X,599,8,0,13.75,0
24-07-2024,Campaign 3,Instagram,Carousel,Gen Z,9768,126,6,266.1,395.56
24-07-2024,Campaign 3,Instagram,Carousel,Millennials,7650,123,9,107.35,720.06
24-07-2024,Campaign 3,Instagram,Carousel,Gen X,423,4,0,5,0
24-07-2024,Campaign 3,TikTok,Video,Gen Z,5403,142,20,110.2,1460.1
24-07-2024,Campaign 3,TikTok,Video,Millennials,1622,38,3,30.76,244.88
24-07-2024,Campaign 3,TikTok,Video,Gen X,622,20,1,12.84,82.37
24-07-2024,Campaign 3,TikTok,Image,Gen Z,9747,80,1,161.25,58.18
24-07-2024,Campaign 3,TikTok,Image,Millennials,1120,21,0,24.22,0
24-07-2024,Campaign 3,TikTok,Image,Gen X,674,10,0,15.89,0
24-07-2024,Campaign 3,TikTok,Carousel,Gen Z,5461,91,5,131.71,300.3
24-07-2024,Campaign 3,TikTok,Carousel,Millennials,1499,42,1,29.64,61.89
24-07-2024,Campaign 3,TikTok,Carousel,Gen X,137,2,0,1.95,0
24-07-2024,Campaign 3,Facebook,Video,Gen Z,1647,66,7,27.43,659.91
24-07-2024,Campaign 3,Facebook,Video,Millennials,7178,279,19,159.29,1313.95
24-07-2024,Campaign 3,Facebook,Video,Gen X,5934,123,8,135.81,535.28
24-07-2024,Campaign 3,Facebook,Image,Gen Z,1900,23,0,43.3,0
24-07-2024,Campaign 3,Facebook,Image,Millennials,4145,21,0,81.03,0
24-07-2024,Campaign 3,Facebook,Image,Gen X,2601,18,0,47.22,0
24-07-2024,Campaign 3,Facebook,Carousel,Gen Z,1545,43,3,18.94,269.58
24-07-2024,Campaign 3,Facebook,Carousel,Millennials,9333,172,10,206.84,622.23
24-07-2024,Campaign 3,Facebook,Carousel,Gen X,4305,49,1,70.77,66.49
25-07-2024,Campaign 3,Instagram,Video,Gen Z,4350,200,22,87.85,2152.99
25-07-2024,Campaign 3,Instagram,Video,Millennials,7777,296,34,110.89,2253.35
25-07-2024,Campaign 3,Instagram,Video,Gen X,442,12,1,11.66,96.98
25-07-2024,Campaign 3,Instagram,Image,Gen Z,8345,166,2,221.25,111.88
25-07-2024,Campaign 3,Instagram,Image,Millennials,3707,54,2,45.67,131.54
25-07-2024,Campaign 3,Instagram,Image,Gen X,345,3,0,8.87,0
25-07-2024,Campaign 3,Instagram,Carousel,Gen Z,3282,90,4,42.78,367.52
25-07-2024,Campaign 3,Instagram,Carousel,Millennials,2171,24,0,26.93,0
25-07-2024,Campaign 3,Instagram,Carousel,Gen X,830,12,0,21.21,0
25-07-2024,Campaign 3,TikTok,Video,Gen Z,7592,171,25,189.38,1518.11
25-07-2024,Campaign 3,TikTok,Video,Millennials,1301,26,2,25.42,110.81
25-07-2024,Campaign 3,TikTok,Video,Gen X,568,24,1,14.67,61.53
25-07-2024,Campaign 3,TikTok,Image,Gen Z,6685,81,2,92.95,114.66
25-07-2024,Campaign 3,TikTok,Image,Millennials,954,12,0,23.76,0
25-07-2024,Campaign 3,TikTok,Image,Gen X,937,11,0,17.38,0
25-07-2024,Campaign 3,TikTok,Carousel,Gen Z,5242,84,3,106.53,196
25-07-2024,Campaign 3,TikTok,Carousel,Millennials,1371,25,0,18.04,0
25-07-2024,Campaign 3,TikTok,Carousel,Gen X,382,11,0,10.37,0
25-07-2024,Campaign 3,Facebook,Video,Gen Z,2649,106,15,53.62,1153.36
25-07-2024,Campaign 3,Facebook,Video,Millennials,8931,413,61,182.44,3334.45
25-07-2024,Campaign 3,Facebook,Video,Gen X,5806,210,15,130.61,1085.69
25-07-2024,Campaign 3,Facebook,Image,Gen Z,1039,20,0,14.05,0
25-07-2024,Campaign 3,Facebook,Image,Millennials,10522,126,5,281.53,320.86
25-07-2024,Campaign 3,Facebook,Image,Gen X,4886,60,2,128.97,123.05
25-07-2024,Campaign 3,Facebook,Carousel,Gen Z,1548,41,1,46.29,57.6
25-07-2024,Campaign 3,Facebook,Carousel,Millennials,6812,89,3,113.17,213.58
25-07-2024,Campaign 3,Facebook,Carousel,Gen X,2714,81,5,47.58,289.07
26-07-2024,Campaign 3,Instagram,Video,Gen Z,9972,348,50,200.82,3189.75
26-07-2024,Campaign 3,Instagram,Video,Millennials,3723,130,19,76.11,1865.99
26-07-2024,Campaign 3,Instagram,Video,Gen X,112,4,0,2.93,0
26-07-2024,Campaign 3,Instagram,Image,Gen Z,3677,20,0,104.95,0
26-07-2024,Campaign 3,Instagram,Image,Millennials,2794,28,0,33.15,0
26-07-2024,Campaign 3,Instagram,Image,Gen X,998,11,0,27.41,0
26-07-2024,Campaign 3,Instagram,Carousel,Gen Z,9445,153,10,104.26,598.27
26-07-2024,Campaign 3,Instagram,Carousel,Millennials,2841,84,4,36.42,254.44
26-07-2024,Campaign 3,Instagram,Carousel,Gen X,998,13,0,23.14,0
26-07-2024,Campaign 3,TikTok,Video,Gen Z,6514,195,20,99.03,1308.04
26-07-2024,Campaign 3,TikTok,Video,Millennials,743,15,1,16.53,89.14
26-07-2024,Campaign 3,TikTok,Video,Gen X,216,10,0,3.67,0
26-07-2024,Campaign 3,TikTok,Image,Gen Z,8659,57,2,130.23,100.17
26-07-2024,Campaign 3,TikTok,Image,Millennials,1977,36,1,56.97,58.8
26-07-2024,Campaign 3,TikTok,Image,Gen X,581,10,0,11.28,0
26-07-2024,Campaign 3,TikTok,Carousel,Gen Z,9137,240,13,157.76,938.49
26-07-2024,Campaign 3,TikTok,Carousel,Millennials,1704,30,2,31.12,172.01
26-07-2024,Campaign 3,TikTok,Carousel,Gen X,500,8,0,14.03,0
26-07-2024,Campaign 3,Facebook,Video,Gen Z,2571,114,14,27.25,1169.45
26-07-2024,Campaign 3,Facebook,Video,Millennials,8349,331,28,200.28,1756.01
26-07-2024,Campaign 3,Facebook,Video,Gen X,5430,202,27,65.58,1756.38
26-07-2024,Campaign 3,Facebook,Image,Gen Z,2526,27,1,35.78,93.29
26-07-2024,Campaign 3,Facebook,Image,Millennials,4310,79,3,69.91,277.03
26-07-2024,Campaign 3,Facebook,Image,Gen X,5189,83,1,72.96,90.38
26-07-2024,Campaign 3,Facebook,Carousel,Gen Z,1979,33,1,29.38,61.22
26-07-2024,Campaign 3,Facebook,Carousel,Millennials,9735,178,14,126.52,1114.91
26-07-2024,Campaign 3,Facebook,Carousel,Gen X,4883,115,5,122.08,253.38
27-07-2024,Campaign 3,Instagram,Video,Gen Z,4766,217,19,115.68,1090.36
27-07-2024,Campaign 3,Instagram,Video,Millennials,4905,178,13,97.88,1103.01
27-07-2024,Campaign 3,Instagram,Video,Gen X,293,12,0,7.44,0
27-07-2024,Campaign 3,Instagram,Image,Gen Z,8577,81,1,167.15,83.81
27-07-2024,Campaign 3,Instagram,Image,Millennials,5920,64,2,166.11,120.39
27-07-2024,Campaign 3,Instagram,Image,Gen X,342,3,0,7.1,0
27-07-2024,Campaign 3,Instagram,Carousel,Gen Z,7653,198,15,189.12,1408.22
27-07-2024,Campaign 3,Instagram,Carousel,Millennials,4572,134,5,68.75,371.41
27-07-2024,Campaign 3,Instagram,Carousel,Gen X,493,13,0,6.32,0
27-07-2024,Campaign 3,TikTok,Video,Gen Z,8019,380,51,153.67,2550.5
27-07-2024,Campaign 3,TikTok,Video,Millennials,1712,37,3,45.87,213.4
27-07-2024,Campaign 3,TikTok,Video,Gen X,152,6,0,4.43,0
27-07-2024,Campaign 3,TikTok,Image,Gen Z,9552,48,2,250.39,103.67
27-07-2024,Campaign 3,TikTok,Image,Millennials,917,15,0,18.96,0
27-07-2024,Campaign 3,TikTok,Image,Gen X,758,13,0,15.01,0
27-07-2024,Campaign 3,TikTok,Carousel,Gen Z,6588,153,5,107.47,281.14
27-07-2024,Campaign 3,TikTok,Carousel,Millennials,1026,16,1,19.08,65.59
27-07-2024,Campaign 3,TikTok,Carousel,Gen X,586,6,0,10.43,0
27-07-2024,Campaign 3,Facebook,Video,Gen Z,1332,38,5,29.22,322.85
27-07-2024,Campaign 3,Facebook,Video,Millennials,11498,233,26,145.66,2370.18
27-07-2024,Campaign 3,Facebook,Video,Gen X,2989,134,13,40.95,1171.21
27-07-2024,Campaign 3,Facebook,Image,Gen Z,1211,9,0,36.24,0
27-07-2024,Campaign 3,Facebook,Image,Millennials,4578,23,0,70.21,0
27-07-2024,Campaign 3,Facebook,Image,Gen X,2610,48,0,31.3,0
27-07-2024,Campaign 3,Facebook,Carousel,Gen Z,1529,17,1,25.3,67.64
27-07-2024,Campaign 3,Facebook,Carousel,Millennials,11039,159,6,140.04,482.28
27-07-2024,Campaign 3,Facebook,Carousel,Gen X,4612,69,5,74.14,457.86
28-07-2024,Campaign 3,Instagram,Video,Gen Z,5546,139,12,104.08,1189.57
28-07-2024,Campaign 3,Instagram,Video,Millennials,5023,223,27,56.61,2605.18
28-07-2024,Campaign 3,Instagram,Video,Gen X,594,12,1,14.87,79.16
28-07-2024,Campaign 3,Instagram,Image,Gen Z,7242,98,1,164.6,95.37
28-07-2024,Campaign 3,Instagram,Image,Millennials,5406,68,3,134.72,275.29
28-07-2024,Campaign 3,Instagram,Image,Gen X,856,4,0,20.11,0
28-07-2024,Campaign 3,Instagram,Carousel,Gen Z,6849,77,4,120.68,389.76
28-07-2024,Campaign 3,Instagram,Carousel,Millennials,4465,126,6,78.96,329.67
28-07-2024,Campaign 3,Instagram,Carousel,Gen X,880,26,1,25.36,89.31
28-07-2024,Campaign 3,TikTok,Video,Gen Z,5918,126,9,129.93,466.02
28-07-2024,Campaign 3,TikTok,Video,Millennials,772,37,4,12.34,249.04
28-07-2024,Campaign 3,TikTok,Video,Gen X,894,19,2,15.35,141.89
28-07-2024,Campaign 3,TikTok,Image,Gen Z,5602,108,3,110.44,230.16
28-07-2024,Campaign 3,TikTok,Image,Millennials,755,12,0,10.66,0
28-07-2024,Campaign 3,TikTok,Image,Gen X,772,8,0,7.97,0
28-07-2024,Campaign 3,TikTok,Carousel,Gen Z,10647,119,5,286.48,286.25
28-07-2024,Campaign 3,TikTok,Carousel,Millennials,1319,24,1,18.92,92.4
28-07-2024,Campaign 3,TikTok,Carousel,Gen X,232,6,0,4.7,0
28-07-2024,Campaign 3,Facebook,Video,Gen Z,1649,37,2,21.05,125.95
28-07-2024,Campaign 3,Facebook,Video,Millennials,11942,510,74,327.76,4506.38
28-07-2024,Campaign 3,Facebook,Video,Gen X,3282,117,6,63.45,546.61
28-07-2024,Campaign 3,Facebook,Image,Gen Z,1219,17,0,14.77,0
28-07-2024,Campaign 3,Facebook,Image,Millennials,11307,79,1,268.24,69.3
28-07-2024,Campaign 3,Facebook,Image,Gen X,2675,25,1,34.31,98.16
28-07-2024,Campaign 3,Facebook,Carousel,Gen Z,2710,28,1,58.33,59.1
28-07-2024,Campaign 3,Facebook,Carousel,Millennials,8468,221,13,161.09,852.53
28-07-2024,Campaign 3,Facebook,Carousel,Gen X,4398,75,3,101.76,247.27
29-07-2024,Campaign 3,Instagram,Video,Gen Z,7438,161,16,129.45,917.53
29-07-2024,Campaign 3,Instagram,Video,Millennials,4686,180,24,105.71,2372.9
29-07-2024,Campaign 3,Instagram,Video,Gen X,913,25,3,26.21,212.41
29-07-2024,Campaign 3,Instagram,Image,Gen Z,6872,37,1,197.83,69.14
29-07-2024,Campaign 3,Instagram,Image,Millennials,4024,71,2,73.92,133.79
29-07-2024,Campaign 3,Instagram,Image,Gen X,479,2,0,12.58,0
29-07-2024,Campaign 3,Instagram,Carousel,Gen Z,7346,155,4,136.67,329.15
29-07-2024,Campaign 3,Instagram,Carousel,Millennials,4748,111,5,137.47,349.66
29-07-2024,Campaign 3,Instagram,Carousel,Gen X,309,3,0,5.56,0
29-07-2024,Campaign 3,TikTok,Video,Gen Z,13166,487,54,314.52,4743.74
29-07-2024,Campaign 3,TikTok,Video,Millennials,1020,42,5,29.2,353.03
29-07-2024,Campaign 3,TikTok,Video,Gen X,695,21,1,17.12,97.17
29-07-2024,Campaign 3,TikTok,Image,Gen Z,8761,71,1,201.81,67.93
29-07-2024,Campaign 3,TikTok,Image,Millennials,1257,14,0,14.49,0
29-07-2024,Campaign 3,TikTok,Image,Gen X,407,7,0,8.97,0
29-07-2024,Campaign 3,TikTok,Carousel,Gen Z,14671,163,6,165.55,350.34
29-07-2024,Campaign 3,TikTok,Carousel,Millennials,1481,30,0,36.62,0
29-07-2024,Campaign 3,TikTok,Carousel,Gen X,436,10,0,12.56,0
29-07-2024,Campaign 3,Facebook,Video,Gen Z,1902,43,3,39.63,296.05
29-07-2024,Campaign 3,Facebook,Video,Millennials,4283,107,12,96.18,758.87
29-07-2024,Campaign 3,Facebook,Video,Gen X,5166,221,12,155.23,913.61
29-07-2024,Campaign 3,Facebook,Image,Gen Z,2826,16,0,32.89,0
29-07-2024,Campaign 3,Facebook,Image,Millennials,10567,94,4,167.71,287.28
29-07-2024,Campaign 3,Facebook,Image,Gen X,4424,23,0,131.77,0
29-07-2024,Campaign 3,Facebook,Carousel,Gen Z,2973,53,3,72.12,178.81
29-07-2024,Campaign 3,Facebook,Carousel,Millennials,8810,100,4,250.22,295.61
29-07-2024,Campaign 3,Facebook,Carousel,Gen X,3646,40,2,56.53,157.19
30-07-2024,Campaign 3,Instagram,Video,Gen Z,7924,365,45,191.35,3860.01
30-07-2024,Campaign 3,Instagram,Video,Millennials,6473,303,37,84.26,3430.88
30-07-2024,Campaign 3,Instagram,Video,Gen X,945,31,4,21.83,211.24
30-07-2024,Campaign 3,Instagram,Image,Gen Z,6246,79,3,118.71,245.08
30-07-2024,Campaign 3,Instagram,Image,Millennials,4329,44,1,50.11,55.31
30-07-2024,Campaign 3,Instagram,Image,Gen X,594,6,0,6.12,0
30-07-2024,Campaign 3,Instagram,Carousel,Gen Z,5481,135,4,143.53,369.17
30-07-2024,Campaign 3,Instagram,Carousel,Millennials,5103,129,5,119.09,430.17
30-07-2024,Campaign 3,Instagram,Carousel,Gen X,645,14,0,10.94,0
30-07-2024,Campaign 3,TikTok,Video,Gen Z,12961,282,37,277.25,3418.59
30-07-2024,Campaign 3,TikTok,Video,Millennials,1129,54,7,11.58,660
30-07-2024,Campaign 3,TikTok,Video,Gen X,277,7,0,7.97,0
30-07-2024,Campaign 3,TikTok,Image,Gen Z,5519,91,1,100.85,90.87
30-07-2024,Campaign 3,TikTok,Image,Millennials,1612,19,0,24.36,0
30-07-2024,Campaign 3,TikTok,Image,Gen X,438,8,0,6.36,0
30-07-2024,Campaign 3,TikTok,Carousel,Gen Z,6366,143,8,113.86,548.08
30-07-2024,Campaign 3,TikTok,Carousel,Millennials,789,13,0,16.07,0
30-07-2024,Campaign 3,TikTok,Carousel,Gen X,316,4,0,4.15,0
30-07-2024,Campaign 3,Facebook,Video,Gen Z,2286,96,11,52.57,814.41
30-07-2024,Campaign 3,Facebook,Video,Millennials,4700,150,18,137.03,1578.2
30-07-2024,Campaign 3,Facebook,Video,Gen X,4303,192,17,76.85,1415.57
30-07-2024,Campaign 3,Facebook,Image,Gen Z,2289,21,0,38.23,0
30-07-2024,Campaign 3,Facebook,Image,Millennials,9982,100,1,120.72,50.06
30-07-2024,Campaign 3,Facebook,Image,Gen X,2760,42,1,60.96,78.72
30-07-2024,Campaign 3,Facebook,Carousel,Gen Z,1212,19,1,24.12,50.97
30-07-2024,Campaign 3,Facebook,Carousel,Millennials,7574,79,2,94.45,103.53
30-07-2024,Campaign 3,Facebook,Carousel,Gen X,3161,49,2,74.04,119.34
31-07-2024,Campaign 3,Instagram,Video,Gen Z,4099,155,23,65.13,2125.29
31-07-2024,Campaign 3,Instagram,Video,Millennials,7777,200,21,193.54,1512.67
31-07-2024,Campaign 3,Instagram,Video,Gen X,106,3,0,1.61,0
31-07-2024,Campaign 3,Instagram,Image,Gen Z,6378,72,1,141.23,60.97
31-07-2024,Campaign 3,Instagram,Image,Millennials,5256,104,2,134.08,137.01
31-07-2024,Campaign 3,Instagram,Image,Gen X,604,4,0,8.05,0
31-07-2024,Campaign 3,Instagram,Carousel,Gen Z,5107,138,6,146.76,570.89
31-07-2024,Campaign 3,Instagram,Carousel,Millennials,2844,75,3,33.89,242.51
31-07-2024,Campaign 3,Instagram,Carousel,Gen X,994,28,0,21.81,0
31-07-2024,Campaign 3,TikTok,Video,Gen Z,6781,264,38,91.2,2128.78
31-07-2024,Campaign 3,TikTok,Video,Millennials,696,25,3,8.41,258.35
31-07-2024,Campaign 3,TikTok,Video,Gen X,446,19,1,7.42,91.34
31-07-2024,Campaign 3,TikTok,Image,Gen Z,6630,72,3,81.15,245.87
31-07-2024,Campaign 3,TikTok,Image,Millennials,1433,14,0,19.77,0
31-07-2024,Campaign 3,TikTok,Image,Gen X,741,5,0,14.95,0
31-07-2024,Campaign 3,TikTok,Carousel,Gen Z,13591,224,7,212.84,500.25
31-07-2024,Campaign 3,TikTok,Carousel,Millennials,581,8,0,12.74,0
31-07-2024,Campaign 3,TikTok,Carousel,Gen X,623,14,0,10.33,0
31-07-2024,Campaign 3,Facebook,Video,Gen Z,2182,77,8,45.67,589.19
31-07-2024,Campaign 3,Facebook,Video,Millennials,7450,216,11,96.74,608.44
31-07-2024,Campaign 3,Facebook,Video,Gen X,4974,193,23,109.54,1889.47
31-07-2024,Campaign 3,Facebook,Image,Gen Z,2010,39,1,51.27,93.06
31-07-2024,Campaign 3,Facebook,Image,Millennials,7693,50,0,199.68,0
31-07-2024,Campaign 3,Facebook,Image,Gen X,5385,46,1,79.18,63.47
31-07-2024,Campaign 3,Facebook,Carousel,Gen Z,2319,60,2,40.91,197.36
31-07-2024,Campaign 3,Facebook,Carousel,Millennials,10052,190,14,130.67,1295.19
31-07-2024,Campaign 3,Facebook,Carousel,Gen X,4069,43,3,90.46,272.25
01-08-2024,Campaign 3,Instagram,Video,Gen Z,9062,352,25,212.78,2044.79
01-08-2024,Campaign 3,Instagram,Video,Millennials,7471,223,26,218.62,2575.05
01-08-2024,Campaign 3,Instagram,Video,Gen X,126,2,0,1.89,0
01-08-2024,Campaign 3,Instagram,Image,Gen Z,3188,25,1,38.67,86.48
01-08-2024,Campaign 3,Instagram,Image,Millennials,6612,41,0,86.22,0
01-08-2024,Campaign 3,Instagram,Image,Gen X,213,1,0,3.81,0
01-08-2024,Campaign 3,Instagram,Carousel,Gen Z,6576,95,2,197.81,129.51
01-08-2024,Campaign 3,Instagram,Carousel,Millennials,4777,131,7,83.27,664.41
01-08-2024,Campaign 3,Instagram,Carousel,Gen X,332,3,0,5.2,0
01-08-2024,Campaign 3,TikTok,Video,Gen Z,6471,312,20,112.97,1199.7
01-08-2024,Campaign 3,TikTok,Video,Millennials,844,31,2,24.68,140.54
01-08-2024,Campaign 3,TikTok,Video,Gen X,437,11,1,11.8,72.01
01-08-2024,Campaign 3,TikTok,Image,Gen Z,7529,105,4,179.15,276.3
01-08-2024,Campaign 3,TikTok,Image,Millennials,755,13,0,13.46,0
01-08-2024,Campaign 3,TikTok,Image,Gen X,847,12,0,14.15,0
01-08-2024,Campaign 3,TikTok,Carousel,Gen Z,11824,271,21,285,1722.94
01-08-2024,Campaign 3,TikTok,Carousel,Millennials,1440,25,1,25.46,85.01
01-08-2024,Campaign 3,TikTok,Carousel,Gen X,657,19,1,10.33,51.37
01-08-2024,Campaign 3,Facebook,Video,Gen Z,2008,56,6,21.19,373.87
01-08-2024,Campaign 3,Facebook,Video,Millennials,10992,520,73,143.69,5053.69
01-08-2024,Campaign 3,Facebook,Video,Gen X,3991,115,6,116.26,450.45
01-08-2024,Campaign 3,Facebook,Image,Gen Z,1094,7,0,31.44,0
01-08-2024,Campaign 3,Facebook,Image,Millennials,7452,125,4,192.72,315.02
01-08-2024,Campaign 3,Facebook,Image,Gen X,5581,73,1,116.66,85.65
01-08-2024,Campaign 3,Facebook,Carousel,Gen Z,2719,34,2,50.91,102.33
01-08-2024,Campaign 3,Facebook,Carousel,Millennials,8936,122,5,204.11,469.87
01-08-2024,Campaign 3,Facebook,Carousel,Gen X,5958,62,3,82.77,213.39
02-08-2024,Campaign 3,Instagram,Video,Gen Z,4384,144,19,72.62,1777.66
02-08-2024,Campaign 3,Instagram,Video,Millennials,6663,205,16,139.98,903.25
02-08-2024,Campaign 3,Instagram,Video,Gen X,763,32,2,22.67,117.94
02-08-2024,Campaign 3,Instagram,Image,Gen Z,8529,111,2,182.94,145.81
02-08-2024,Campaign 3,Instagram,Image,Millennials,3476,56,1,57.45,79.07
02-08-2024,Campaign 3,Instagram,Image,Gen X,134,2,0,3.77,0
02-08-2024,Campaign 3,Instagram,Carousel,Gen Z,3100,58,3,78.04,215.12
02-08-2024,Campaign 3,Instagram,Carousel,Millennials,7121,102,5,131.47,479.64
02-08-2024,Campaign 3,Instagram,Carousel,Gen X,703,9,0,11.16,0
02-08-2024,Campaign 3,TikTok,Video,Gen Z,6431,252,29,123.43,1567.56
02-08-2024,Campaign 3,TikTok,Video,Millennials,583,22,2,6.3,153.09
02-08-2024,Campaign 3,TikTok,Video,Gen X,814,36,4,14.49,395.73
02-08-2024,Campaign 3,TikTok,Image,Gen Z,7985,108,4,115.06,366.65
02-08-2024,Campaign 3,TikTok,Image,Millennials,1512,16,0,41.76,0
02-08-2024,Campaign 3,TikTok,Image,Gen X,106,0,0,1.53,0
02-08-2024,Campaign 3,TikTok,Carousel,Gen Z,11272,184,5,257.37,446.75
02-08-2024,Campaign 3,TikTok,Carousel,Millennials,1610,27,1,32.29,80.17
02-08-2024,Campaign 3,TikTok,Carousel,Gen X,183,5,0,2.81,0
02-08-2024,Campaign 3,Facebook,Video,Gen Z,2820,96,13,61.26,716.68
02-08-2024,Campaign 3,Facebook,Video,Millennials,6894,179,24,162.94,1402.79
02-08-2024,Campaign 3,Facebook,Video,Gen X,5367,173,13,148.29,1006.06
02-08-2024,Campaign 3,Facebook,Image,Gen Z,1295,9,0,30.08,0
02-08-2024,Campaign 3,Facebook,Image,Millennials,8650,171,1,94.19,71.4
02-08-2024,Campaign 3,Facebook,Image,Gen X,4568,23,0,133.48,0
02-08-2024,Campaign 3,Facebook,Carousel,Gen Z,2932,40,2,37.97,147.9
02-08-2024,Campaign 3,Facebook,Carousel,Millennials,7856,138,3,168.37,192.02
02-08-2024,Campaign 3,Facebook,Carousel,Gen X,3639,103,7,65.68,697.51
03-08-2024,Campaign 3,Instagram,Video,Gen Z,6999,237,30,151.46,1555.89
03-08-2024,Campaign 3,Instagram,Video,Millennials,4977,107,7,60.14,377.27
03-08-2024,Campaign 3,Instagram,Video,Gen X,281,10,1,7.04,59.84
03-08-2024,Campaign 3,Instagram,Image,Gen Z,9157,136,2,95.35,141.84
03-08-2024,Campaign 3,Instagram,Image,Millennials,4390,79,3,90.64,231.14
03-08-2024,Campaign 3,Instagram,Image,Gen X,262,4,0,5.12,0
03-08-2024,Campaign 3,Instagram,Carousel,Gen Z,5838,100,7,130.95,428.23
03-08-2024,Campaign 3,Instagram,Carousel,Millennials,2968,85,2,45.37,181.16
03-08-2024,Campaign 3,Instagram,Carousel,Gen X,874,16,1,19.32,98.54
03-08-2024,Campaign 3,TikTok,Video,Gen Z,12409,262,20,138.72,1194.6
03-08-2024,Campaign 3,TikTok,Video,Millennials,893,37,3,25.54,153.51
03-08-2024,Campaign 3,TikTok,Video,Gen X,629,25,1,12.2,87.15
03-08-2024,Campaign 3,TikTok,Image,Gen Z,10368,173,4,308.6,258.58
03-08-2024,Campaign 3,TikTok,Image,Millennials,733,5,0,15.53,0
03-08-2024,Campaign 3,TikTok,Image,Gen X,588,8,0,13.34,0
03-08-2024,Campaign 3,TikTok,Carousel,Gen Z,9477,227,17,99.83,1072.04
03-08-2024,Campaign 3,TikTok,Carousel,Millennials,1642,45,1,19.5,58.38
03-08-2024,Campaign 3,TikTok,Carousel,Gen X,546,11,0,9.11,0
03-08-2024,Campaign 3,Facebook,Video,Gen Z,1598,35,4,42.84,298.42
03-08-2024,Campaign 3,Facebook,Video,Millennials,10914,503,42,202.13,3357.18
03-08-2024,Campaign 3,Facebook,Video,Gen X,5252,238,22,115.56,1968.52
03-08-2024,Campaign 3,Facebook,Image,Gen Z,1504,14,0,19.85,0
03-08-2024,Campaign 3,Facebook,Image,Millennials,11040,203,2,234.65,164.25
03-08-2024,Campaign 3,Facebook,Image,Gen X,4504,39,1,55.06,99.68
03-08-2024,Campaign 3,Facebook,Carousel,Gen Z,1215,30,2,21.57,161.73
03-08-2024,Campaign 3,Facebook,Carousel,Millennials,10186,279,21,137.53,1553.41
03-08-2024,Campaign 3,Facebook,Carousel,Gen X,5711,144,8,105.27,461.03
04-08-2024,Campaign 3,Instagram,Video,Gen Z,3643,76,9,38.51,745.57
04-08-2024,Campaign 3,Instagram,Video,Millennials,7185,197,24,112.51,1813.41
04-08-2024,Campaign 3,Instagram,Video,Gen X,586,16,1,7.54,67.49
04-08-2024,Campaign 3,Instagram,Image,Gen Z,5727,38,1,78.16,94.84
04-08-2024,Campaign 3,Instagram,Image,Millennials,4728,50,1,121.36,69.63
04-08-2024,Campaign 3,Instagram,Image,Gen X,806,7,0,24,0
04-08-2024,Campaign 3,Instagram,Carousel,Gen Z,8349,112,8,91.14,693.9
04-08-2024,Campaign 3,Instagram,Carousel,Millennials,3411,94,2,44.05,111.78
04-08-2024,Campaign 3,Instagram,Carousel,Gen X,799,15,0,14.71,0
04-08-2024,Campaign 3,TikTok,Video,Gen Z,9907,304,38,227.37,2519.92
04-08-2024,Campaign 3,TikTok,Video,Millennials,1388,48,5,29.2,430.37
04-08-2024,Campaign 3,TikTok,Video,Gen X,317,13,1,7.63,53.83
04-08-2024,Campaign 3,TikTok,Image,Gen Z,13369,228,3,294.69,253.41
04-08-2024,Campaign 3,TikTok,Image,Millennials,1924,33,0,42.36,0
04-08-2024,Campaign 3,TikTok,Image,Gen X,600,6,0,9.65,0
04-08-2024,Campaign 3,TikTok,Carousel,Gen Z,14304,320,6,325.69,499.62
04-08-2024,Campaign 3,TikTok,Carousel,Millennials,644,14,0,9.83,0
04-08-2024,Campaign 3,TikTok,Carousel,Gen X,901,21,1,16.53,94.15
04-08-2024,Campaign 3,Facebook,Video,Gen Z,1342,30,3,22.9,184.14
04-08-2024,Campaign 3,Facebook,Video,Millennials,6476,257,24,153.85,1487.36
04-08-2024,Campaign 3,Facebook,Video,Gen X,4198,157,13,75.23,1210.88
04-08-2024,Campaign 3,Facebook,Image,Gen Z,2819,21,0,78.72,0
04-08-2024,Campaign 3,Facebook,Image,Millennials,8466,113,4,178.55,222.22
04-08-2024,Campaign 3,Facebook,Image,Gen X,3165,34,1,42.92,96.02
04-08-2024,Campaign 3,Facebook,Carousel,Gen Z,1822,28,1,23.18,69.27
04-08-2024,Campaign 3,Facebook,Carousel,Millennials,6760,137,9,121.78,571.48
04-08-2024,Campaign 3,Facebook,Carousel,Gen X,5521,117,2,64.83,170.51
05-08-2024,Campaign 3,Instagram,Video,Gen Z,7117,303,33,104.69,2893.46
05-08-2024,Campaign 3,Instagram,Video,Millennials,4615,186,21,56.55,1931.98
05-08-2024,Campaign 3,Instagram,Video,Gen X,764,33,3,10.66,198.93
05-08-2024,Campaign 3,Instagram,Image,Gen Z,7088,109,3,100.97,184.95
05-08-2024,Campaign 3,Instagram,Image,Millennials,2836,46,1,30.22,50.49
05-08-2024,Campaign 3,Instagram,Image,Gen X,372,7,0,4.72,0
05-08-2024,Campaign 3,Instagram,Carousel,Gen Z,8365,113,6,181.32,402.11
05-08-2024,Campaign 3,Instagram,Carousel,Millennials,6274,106,6,89.19,477.47
05-08-2024,Campaign 3,Instagram,Carousel,Gen X,641,18,1,15.91,60.9
05-08-2024,Campaign 3,TikTok,Video,Gen Z,13572,412,56,142.11,3606.97
05-08-2024,Campaign 3,TikTok,Video,Millennials,1665,58,8,35.54,717.35
05-08-2024,Campaign 3,TikTok,Video,Gen X,607,12,1,16.59,83.06
05-08-2024,Campaign 3,TikTok,Image,Gen Z,5458,97,3,96.22,199.29
05-08-2024,Campaign 3,TikTok,Image,Millennials,844,16,0,14.49,0
05-08-2024,Campaign 3,TikTok,Image,Gen X,424,7,0,8.57,0
05-08-2024,Campaign 3,TikTok,Carousel,Gen Z,5258,131,9,124.83,533.11
05-08-2024,Campaign 3,TikTok,Carousel,Millennials,1068,21,1,30.56,69.2
05-08-2024,Campaign 3,TikTok,Carousel,Gen X,915,16,0,20.15,0
05-08-2024,Campaign 3,Facebook,Video,Gen Z,1424,59,4,23.84,205.43
05-08-2024,Campaign 3,Facebook,Video,Millennials,8445,272,26,242.54,2171.01
05-08-2024,Campaign 3,Facebook,Video,Gen X,3475,81,5,58.85,297.06
05-08-2024,Campaign 3,Facebook,Image,Gen Z,1032,12,0,14.83,0
05-08-2024,Campaign 3,Facebook,Image,Millennials,8508,74,3,221.43,251.03
05-08-2024,Campaign 3,Facebook,Image,Gen X,3335,52,2,35.92,139.38
05-08-2024,Campaign 3,Facebook,Carousel,Gen Z,2525,27,0,43.32,0
05-08-2024,Campaign 3,Facebook,Carousel,Millennials,4940,56,3,55.86,177.86
05-08-2024,Campaign 3,Facebook,Carousel,Gen X,4450,74,4,70.53,214.06
06-08-2024,Campaign 3,Instagram,Video,Gen Z,6666,207,21,107.45,1421.31
06-08-2024,Campaign 3,Instagram,Video,Millennials,5514,231,28,139.14,2442.49
06-08-2024,Campaign 3,Instagram,Video,Gen X,777,25,2,18.24,122.12
06-08-2024,Campaign 3,Instagram,Image,Gen Z,4840,68,1,73.22,51.16
06-08-2024,Campaign 3,Instagram,Image,Millennials,6236,121,5,97.7,376.8
06-08-2024,Campaign 3,Instagram,Image,Gen X,105,1,0,1.34,0
06-08-2024,Campaign 3,Instagram,Carousel,Gen Z,8471,244,16,217.88,1491.65
06-08-2024,Campaign 3,Instagram,Carousel,Millennials,4205,54,4,93.95,345.58
06-08-2024,Campaign 3,Instagram,Carousel,Gen X,319,8,0,3.59,0
06-08-2024,Campaign 3,TikTok,Video,Gen Z,12409,578,66,264.03,4971.94
06-08-2024,Campaign 3,TikTok,Video,Millennials,677,28,2,19.54,197.68
06-08-2024,Campaign 3,TikTok,Video,Gen X,374,11,1,4.76,86.32
06-08-2024,Campaign 3,TikTok,Image,Gen Z,14615,233,11,266.64,925.21
06-08-2024,Campaign 3,TikTok,Image,Millennials,916,9,0,13.46,0
06-08-2024,Campaign 3,TikTok,Image,Gen X,550,8,0,7,0
06-08-2024,Campaign 3,TikTok,Carousel,Gen Z,6087,162,5,86.71,481.58
06-08-2024,Campaign 3,TikTok,Carousel,Millennials,1361,31,1,23.94,77.78
06-08-2024,Campaign 3,TikTok,Carousel,Gen X,288,5,0,6,0
06-08-2024,Campaign 3,Facebook,Video,Gen Z,1285,27,2,14.75,136.4
06-08-2024,Campaign 3,Facebook,Video,Millennials,7219,159,10,156.4,697.86
06-08-2024,Campaign 3,Facebook,Video,Gen X,4232,94,7,100.45,610.97
06-08-2024,Campaign 3,Facebook,Image,Gen Z,1815,19,0,29.34,0
06-08-2024,Campaign 3,Facebook,Image,Millennials,6954,117,4,75.19,303.9
06-08-2024,Campaign 3,Facebook,Image,Gen X,4431,58,1,89.17,60.17
06-08-2024,Campaign 3,Facebook,Carousel,Gen Z,1487,18,1,29.64,68.73
06-08-2024,Campaign 3,Facebook,Carousel,Millennials,5391,62,4,162.09,315.69
06-08-2024,Campaign 3,Facebook,Carousel,Gen X,2477,46,1,63.53,66.2
07-08-2024,Campaign 3,Instagram,Video,Gen Z,8883,421,40,249.28,2598.16
07-08-2024,Campaign 3,Instagram,Video,Millennials,6537,309,33,94.13,2013
07-08-2024,Campaign 3,Instagram,Video,Gen X,425,18,1,7.99,84.95
07-08-2024,Campaign 3,Instagram,Image,Gen Z,8980,88,1,216.47,63.76
07-08-2024,Campaign 3,Instagram,Image,Millennials,4898,69,3,60.06,238.6
07-08-2024,Campaign 3,Instagram,Image,Gen X,911,15,0,16.67,0
07-08-2024,Campaign 3,Instagram,Carousel,Gen Z,6338,83,5,147.08,333.04
07-08-2024,Campaign 3,Instagram,Carousel,Millennials,4256,103,8,81.43,456.31
07-08-2024,Campaign 3,Instagram,Carousel,Gen X,748,9,0,7.71,0
07-08-2024,Campaign 3,TikTok,Video,Gen Z,12710,583,30,298.62,2402.53
07-08-2024,Campaign 3,TikTok,Video,Millennials,1013,48,4,23.88,376.56
07-08-2024,Campaign 3,TikTok,Video,Gen X,424,14,1,4.25,94.97
07-08-2024,Campaign 3,TikTok,Image,Gen Z,5573,30,1,97.8,70.12
07-08-2024,Campaign 3,TikTok,Image,Millennials,1132,14,0,27.87,0
07-08-2024,Campaign 3,TikTok,Image,Gen X,675,4,0,8.95,0
07-08-2024,Campaign 3,TikTok,Carousel,Gen Z,14109,263,12,222.37,701.97
07-08-2024,Campaign 3,TikTok,Carousel,Millennials,909,22,1,15.77,58.58
07-08-2024,Campaign 3,TikTok,Carousel,Gen X,124,1,0,2.93,0
07-08-2024,Campaign 3,Facebook,Video,Gen Z,1790,72,10,18.44,653.08
07-08-2024,Campaign 3,Facebook,Video,Millennials,10531,311,36,295.25,3208.24
07-08-2024,Campaign 3,Facebook,Video,Gen X,2495,108,9,65.66,681.03
07-08-2024,Campaign 3,Facebook,Image,Gen Z,1843,9,0,19.32,0
07-08-2024,Campaign 3,Facebook,Image,Millennials,5893,36,1,156.6,99.32
07-08-2024,Campaign 3,Facebook,Image,Gen X,3354,20,0,50.35,0
07-08-2024,Campaign 3,Facebook,Carousel,Gen Z,2924,79,1,35.7,82.03
07-08-2024,Campaign 3,Facebook,Carousel,Millennials,7374,147,9,135.21,541.15
07-08-2024,Campaign 3,Facebook,Carousel,Gen X,5323,150,11,140.98,932.24
08-08-2024,Campaign 3,Instagram,Video,Gen Z,6011,144,7,74.39,671.91
08-08-2024,Campaign 3,Instagram,Video,Millennials,7098,190,18,117.99,1767.25
08-08-2024,Campaign 3,Instagram,Video,Gen X,990,46,3,23.82,193.59
08-08-2024,Campaign 3,Instagram,Image,Gen Z,5939,38,1,88.07,97.69
08-08-2024,Campaign 3,Instagram,Image,Millennials,2269,29,1,65.82,61.61
08-08-2024,Campaign 3,Instagram,Image,Gen X,909,5,0,26.81,0
08-08-2024,Campaign 3,Instagram,Carousel,Gen Z,3141,66,2,62.21,192.13
08-08-2024,Campaign 3,Instagram,Carousel,Millennials,4923,108,7,141.93,373.75
08-08-2024,Campaign 3,Instagram,Carousel,Gen X,349,7,0,7.3,0
08-08-2024,Campaign 3,TikTok,Video,Gen Z,12723,617,57,268.46,4983.6
08-08-2024,Campaign 3,TikTok,Video,Millennials,569,12,1,10.09,57.31
08-08-2024,Campaign 3,TikTok,Video,Gen X,790,22,1,20.91,69.13
08-08-2024,Campaign 3,TikTok,Image,Gen Z,8162,131,3,164.62,284.24
08-08-2024,Campaign 3,TikTok,Image,Millennials,815,5,0,8.73,0
08-08-2024,Campaign 3,TikTok,Image,Gen X,931,9,0,17.22,0
08-08-2024,Campaign 3,TikTok,Carousel,Gen Z,6525,189,11,176.96,903.59
08-08-2024,Campaign 3,TikTok,Carousel,Millennials,608,14,0,11.48,0
08-08-2024,Campaign 3,TikTok,Carousel,Gen X,806,9,0,11.1,0
08-08-2024,Campaign 3,Facebook,Video,Gen Z,2727,86,4,78.96,265.88
08-08-2024,Campaign 3,Facebook,Video,Millennials,5979,274,25,163.8,2057.33
08-08-2024,Campaign 3,Facebook,Video,Gen X,2261,79,11,48.04,690.31
08-08-2024,Campaign 3,Facebook,Image,Gen Z,1023,16,0,21.75,0
08-08-2024,Campaign 3,Facebook,Image,Millennials,10367,133,5,110.02,445.21
08-08-2024,Campaign 3,Facebook,Image,Gen X,2700,39,0,67,0
08-08-2024,Campaign 3,Facebook,Carousel,Gen Z,1614,26,1,34.07,54.47
08-08-2024,Campaign 3,Facebook,Carousel,Millennials,5839,95,6,102.14,312.85
08-08-2024,Campaign 3,Facebook,Carousel,Gen X,4010,92,2,94.75,105.9
09-08-2024,Campaign 3,Instagram,Video,Gen Z,7868,174,10,206.06,650.72
09-08-2024,Campaign 3,Instagram,Video,Millennials,3737,154,15,110.97,1271.14
09-08-2024,Campaign 3,Instagram,Video,Gen X,893,22,2,13.95,196.1
09-08-2024,Campaign 3,Instagram,Image,Gen Z,8671,163,7,194.12,592.24
09-08-2024,Campaign 3,Instagram,Image,Millennials,3075,23,0,61.96,0
09-08-2024,Campaign 3,Instagram,Image,Gen X,676,5,0,13.34,0
09-08-2024,Campaign 3,Instagram,Carousel,Gen Z,6225,151,8,85.94,444.71
09-08-2024,Campaign 3,Instagram,Carousel,Millennials,5249,123,5,141.43,494.55
09-08-2024,Campaign 3,Instagram,Carousel,Gen X,706,16,1,8.95,98.75
09-08-2024,Campaign 3,TikTok,Video,Gen Z,13649,352,44,358.96,2444.57
09-08-2024,Campaign 3,TikTok,Video,Millennials,1216,24,2,13.77,129.01
09-08-2024,Campaign 3,TikTok,Video,Gen X,616,23,2,12.72,161.12
09-08-2024,Campaign 3,TikTok,Image,Gen Z,9571,123,4,182.98,224.72
09-08-2024,Campaign 3,TikTok,Image,Millennials,1343,23,0,22.86,0
09-08-2024,Campaign 3,TikTok,Image,Gen X,186,1,0,2.03,0
09-08-2024,Campaign 3,TikTok,Carousel,Gen Z,5312,94,4,64.83,307.54
09-08-2024,Campaign 3,TikTok,Carousel,Millennials,1923,36,2,47.24,182.61
09-08-2024,Campaign 3,TikTok,Carousel,Gen X,339,3,0,5.2,0
09-08-2024,Campaign 3,Facebook,Video,Gen Z,1401,52,4,32.03,258.21
09-08-2024,Campaign 3,Facebook,Video,Millennials,7908,311,19,230.72,1513.36
09-08-2024,Campaign 3,Facebook,Video,Gen X,5185,179,16,54.9,932.76
09-08-2024,Campaign 3,Facebook,Image,Gen Z,2028,39,0,56.29,0
09-08-2024,Campaign 3,Facebook,Image,Millennials,9237,135,5,203.85,290.38
09-08-2024,Campaign 3,Facebook,Image,Gen X,4006,63,1,82.25,51.5
09-08-2024,Campaign 3,Facebook,Carousel,Gen Z,1864,52,2,40.39,131.95
09-08-2024,Campaign 3,Facebook,Carousel,Millennials,5029,122,4,128.18,203.92
09-08-2024,Campaign 3,Facebook,Carousel,Gen X,2680,28,1,68.49,75.19
10-08-2024,Campaign 3,Instagram,Video,Gen Z,8949,364,19,129.91,1535.62
10-08-2024,Campaign 3,Instagram,Video,Millennials,7047,221,16,144.05,1297.85
10-08-2024,Campaign 3,Instagram,Video,Gen X,958,30,4,14.43,306.51
10-08-2024,Campaign 3,Instagram,Image,Gen Z,4365,51,1,63.05,98.81
10-08-2024,Campaign 3,Instagram,Image,Millennials,4232,62,2,48.14,115.87
10-08-2024,Campaign 3,Instagram,Image,Gen X,937,7,0,15.33,0
10-08-2024,Campaign 3,Instagram,Carousel,Gen Z,6722,159,9,138.18,765.3
10-08-2024,Campaign 3,Instagram,Carousel,Millennials,6622,90,3,150.98,259.96
10-08-2024,Campaign 3,Instagram,Carousel,Gen X,211,5,0,3.11,0
10-08-2024,Campaign 3,TikTok,Video,Gen Z,8995,320,25,177.08,2179.2
10-08-2024,Campaign 3,TikTok,Video,Millennials,729,21,1,20.89,93.58
10-08-2024,Campaign 3,TikTok,Video,Gen X,255,10,1,4.88,87.39
10-08-2024,Campaign 3,TikTok,Image,Gen Z,14739,254,5,273.12,426.7
10-08-2024,Campaign 3,TikTok,Image,Millennials,610,5,0,14.05,0
10-08-2024,Campaign 3,TikTok,Image,Gen X,586,3,0,7.59,0
10-08-2024,Campaign 3,TikTok,Carousel,Gen Z,6564,66,2,84.62,112.76
10-08-2024,Campaign 3,TikTok,Carousel,Millennials,715,20,0,11.78,0
10-08-2024,Campaign 3,TikTok,Carousel,Gen X,265,3,0,7.24,0
10-08-2024,Campaign 3,Facebook,Video,Gen Z,2542,67,4,47.68,306.57
10-08-2024,Campaign 3,Facebook,Video,Millennials,5106,161,8,100.27,696
10-08-2024,Campaign 3,Facebook,Video,Gen X,5420,118,8,108.68,744.1
10-08-2024,Campaign 3,Facebook,Image,Gen Z,2553,15,0,35.6,0
10-08-2024,Campaign 3,Facebook,Image,Millennials,7882,119,2,131.13,143.46
10-08-2024,Campaign 3,Facebook,Image,Gen X,4386,37,1,48.58,63.63
10-08-2024,Campaign 3,Facebook,Carousel,Gen Z,2720,40,2,65.46,131.07
10-08-2024,Campaign 3,Facebook,Carousel,Millennials,11237,257,19,125.92,1109.11
10-08-2024,Campaign 3,Facebook,Carousel,Gen X,2327,52,2,39.05,128.93
11-08-2024,Campaign 3,Instagram,Video,Gen Z,8414,296,42,150.6,2191.04
11-08-2024,Campaign 3,Instagram,Video,Millennials,2515,76,4,26.47,227.9
11-08-2024,Campaign 3,Instagram,Video,Gen X,643,28,3,10.61,196.57
11-08-2024,Campaign 3,Instagram,Image,Gen Z,6094,57,1,94.99,59.54
11-08-2024,Campaign 3,Instagram,Image,Millennials,3438,51,0,85.62,0
11-08-2024,Campaign 3,Instagram,Image,Gen X,528,9,0,14.03,0
11-08-2024,Campaign 3,Instagram,Carousel,Gen Z,3229,74,4,41.74,269.8
11-08-2024,Campaign 3,Instagram,Carousel,Millennials,6717,85,6,71.09,330.85
11-08-2024,Campaign 3,Instagram,Carousel,Gen X,808,24,1,21.31,70.37
11-08-2024,Campaign 3,TikTok,Video,Gen Z,13289,588,33,208.07,1714.54
11-08-2024,Campaign 3,TikTok,Video,Millennials,1974,60,6,33.03,392.75
11-08-2024,Campaign 3,TikTok,Video,Gen X,945,23,2,22.27,132.64
11-08-2024,Campaign 3,TikTok,Image,Gen Z,11805,64,2,244.45,175.81
11-08-2024,Campaign 3,TikTok,Image,Millennials,575,10,0,6.68,0
11-08-2024,Campaign 3,TikTok,Image,Gen X,368,5,0,9.03,0
11-08-2024,Campaign 3,TikTok,Carousel,Gen Z,5605,71,4,160.75,239.9
11-08-2024,Campaign 3,TikTok,Carousel,Millennials,906,12,0,23.34,0
11-08-2024,Campaign 3,TikTok,Carousel,Gen X,360,8,0,6.1,0
11-08-2024,Campaign 3,Facebook,Video,Gen Z,2764,122,12,67.82,1181.87
11-08-2024,Campaign 3,Facebook,Video,Millennials,10389,227,25,211.52,1793.5
11-08-2024,Campaign 3,Facebook,Video,Gen X,3008,105,9,39.91,819.31
11-08-2024,Campaign 3,Facebook,Image,Gen Z,1337,24,0,31.7,0
11-08-2024,Campaign 3,Facebook,Image,Millennials,8642,162,5,213.58,264.15
11-08-2024,Campaign 3,Facebook,Image,Gen X,3741,33,1,42,73.37
11-08-2024,Campaign 3,Facebook,Carousel,Gen Z,2917,40,1,69.69,91.14
11-08-2024,Campaign 3,Facebook,Carousel,Millennials,10556,274,15,302.06,1337.33
11-08-2024,Campaign 3,Facebook,Carousel,Gen X,3817,96,2,56.43,139.47
12-08-2024,Campaign 3,Instagram,Video,Gen Z,9027,436,44,232.04,2789.65
12-08-2024,Campaign 3,Instagram,Video,Millennials,3069,104,13,83.9,1183.28
12-08-2024,Campaign 3,Instagram,Video,Gen X,368,16,2,8.21,185.02
12-08-2024,Campaign 3,Instagram,Image,Gen Z,5847,86,3,130.95,173.53
12-08-2024,Campaign 3,Instagram,Image,Millennials,4258,61,2,108.86,129.79
12-08-2024,Campaign 3,Instagram,Image,Gen X,947,17,0,19.54,0
12-08-2024,Campaign 3,Instagram,Carousel,Gen Z,7532,211,15,184.17,768.08
12-08-2024,Campaign 3,Instagram,Carousel,Millennials,4133,121,6,72.98,347.26
12-08-2024,Campaign 3,Instagram,Carousel,Gen X,923,15,0,12,0
12-08-2024,Campaign 3,TikTok,Video,Gen Z,11686,475,28,331.37,2227.05
12-08-2024,Campaign 3,TikTok,Video,Millennials,1377,47,5,35.2,491.62
12-08-2024,Campaign 3,TikTok,Video,Gen X,770,21,2,13.97,182.65
12-08-2024,Campaign 3,TikTok,Image,Gen Z,5567,41,1,145.6,80.72
12-08-2024,Campaign 3,TikTok,Image,Millennials,1433,19,0,39.69,0
12-08-2024,Campaign 3,TikTok,Image,Gen X,293,1,0,5.1,0
12-08-2024,Campaign 3,TikTok,Carousel,Gen Z,12878,157,7,227.19,696.4
12-08-2024,Campaign 3,TikTok,Carousel,Millennials,1880,39,1,42.86,96.87
12-08-2024,Campaign 3,TikTok,Carousel,Gen X,960,23,1,13.1,59.8
12-08-2024,Campaign 3,Facebook,Video,Gen Z,2164,49,4,52.47,350.24
12-08-2024,Campaign 3,Facebook,Video,Millennials,7800,226,17,200.3,1173.87
12-08-2024,Campaign 3,Facebook,Video,Gen X,4585,132,14,127.26,1018.39
12-08-2024,Campaign 3,Facebook,Image,Gen Z,1753,10,0,51.99,0
12-08-2024,Campaign 3,Facebook,Image,Millennials,9390,61,1,198.29,99.4
12-08-2024,Campaign 3,Facebook,Image,Gen X,4793,29,0,102.86,0
12-08-2024,Campaign 3,Facebook,Carousel,Gen Z,2553,63,3,59.9,261.89
12-08-2024,Campaign 3,Facebook,Carousel,Millennials,10837,132,7,281.31,617.09
12-08-2024,Campaign 3,Facebook,Carousel,Gen X,4214,124,4,77.52,275.7
13-08-2024,Campaign 3,Instagram,Video,Gen Z,5995,171,16,82.67,1217.01
13-08-2024,Campaign 3,Instagram,Video,Millennials,7884,300,38,206.62,2013.43
13-08-2024,Campaign 3,Instagram,Video,Gen X,985,42,3,13.34,240.17
13-08-2024,Campaign 3,Instagram,Image,Gen Z,9569,104,1,270.49,86.54
13-08-2024,Campaign 3,Instagram,Image,Millennials,7300,98,4,91.42,224.7
13-08-2024,Campaign 3,Instagram,Image,Gen X,741,9,0,18.98,0
13-08-2024,Campaign 3,Instagram,Carousel,Gen Z,3088,69,2,88.67,152.79
13-08-2024,Campaign 3,Instagram,Carousel,Millennials,6381,65,1,124.35,59.16
13-08-2024,Campaign 3,Instagram,Carousel,Gen X,295,5,0,5.82,0
13-08-2024,Campaign 3,TikTok,Video,Gen Z,5607,244,30,159.97,1821.03
13-08-2024,Campaign 3,TikTok,Video,Millennials,1334,39,5,38.69,412.17
13-08-2024,Campaign 3,TikTok,Video,Gen X,660,25,2,17.12,130.45
13-08-2024,Campaign 3,TikTok,Image,Gen Z,8113,89,3,119.51,263.09
13-08-2024,Campaign 3,TikTok,Image,Millennials,1013,17,0,21.85,0
13-08-2024,Campaign 3,TikTok,Image,Gen X,611,10,0,13.46,0
13-08-2024,Campaign 3,TikTok,Carousel,Gen Z,9454,248,8,272.16,531.99
13-08-2024,Campaign 3,TikTok,Carousel,Millennials,1317,31,1,25.76,70.19
13-08-2024,Campaign 3,TikTok,Carousel,Gen X,800,22,0,11.52,0
13-08-2024,Campaign 3,Facebook,Video,Gen Z,2566,105,14,71.15,901.82
13-08-2024,Campaign 3,Facebook,Video,Millennials,9164,223,28,170.96,2781.44
13-08-2024,Campaign 3,Facebook,Video,Gen X,2976,139,11,58.55,1047.48
13-08-2024,Campaign 3,Facebook,Image,Gen Z,1555,13,0,26.61,0
13-08-2024,Campaign 3,Facebook,Image,Millennials,11951,170,7,343.25,611.14
13-08-2024,Campaign 3,Facebook,Image,Gen X,3608,39,1,80.12,74.04
13-08-2024,Campaign 3,Facebook,Carousel,Gen Z,2873,78,5,34.63,491.75
13-08-2024,Campaign 3,Facebook,Carousel,Millennials,10037,235,4,158.16,237.82
13-08-2024,Campaign 3,Facebook,Carousel,Gen X,5599,156,7,147.71,377.91
14-08-2024,Campaign 3,Instagram,Video,Gen Z,5017,187,22,83.68,1763.32
14-08-2024,Campaign 3,Instagram,Video,Millennials,5754,244,23,76.17,1445.32
14-08-2024,Campaign 3,Instagram,Video,Gen X,471,17,1,12.48,52.14
14-08-2024,Campaign 3,Instagram,Image,Gen Z,7325,102,2,100.41,180.97
14-08-2024,Campaign 3,Instagram,Image,Millennials,6050,106,5,121.28,440.13
14-08-2024,Campaign 3,Instagram,Image,Gen X,651,10,0,10.82,0
14-08-2024,Campaign 3,Instagram,Carousel,Gen Z,9073,132,7,142.79,578.64
14-08-2024,Campaign 3,Instagram,Carousel,Millennials,2662,75,2,57.09,191.84
14-08-2024,Campaign 3,Instagram,Carousel,Gen X,574,13,0,8.17,0
14-08-2024,Campaign 3,TikTok,Video,Gen Z,9928,245,25,154.23,1527.59
14-08-2024,Campaign 3,TikTok,Video,Millennials,1100,40,2,32.95,149.22
14-08-2024,Campaign 3,TikTok,Video,Gen X,838,35,2,18.84,143.65
14-08-2024,Campaign 3,TikTok,Image,Gen Z,14770,125,1,399.42,66.32
14-08-2024,Campaign 3,TikTok,Image,Millennials,1382,25,1,18.04,96.92
14-08-2024,Campaign 3,TikTok,Image,Gen X,108,2,0,2.53,0
14-08-2024,Campaign 3,TikTok,Carousel,Gen Z,12369,195,9,209.99,677.63
14-08-2024,Campaign 3,TikTok,Carousel,Millennials,1059,10,0,13.24,0
14-08-2024,Campaign 3,TikTok,Carousel,Gen X,966,23,1,11.22,89.25
14-08-2024,Campaign 3,Facebook,Video,Gen Z,2635,67,7,38.93,386.94
14-08-2024,Campaign 3,Facebook,Video,Millennials,9880,309,34,196.31,2811.18
14-08-2024,Campaign 3,Facebook,Video,Gen X,4369,190,11,124.09,873.17
14-08-2024,Campaign 3,Facebook,Image,Gen Z,2511,22,1,35.96,86.57
14-08-2024,Campaign 3,Facebook,Image,Millennials,8496,135,3,107.82,165.63
14-08-2024,Campaign 3,Facebook,Image,Gen X,3022,56,1,71.4,68.48
14-08-2024,Campaign 3,Facebook,Carousel,Gen Z,1529,23,0,40.93,0
14-08-2024,Campaign 3,Facebook,Carousel,Millennials,11187,148,10,178.57,616.85
14-08-2024,Campaign 3,Facebook,Carousel,Gen X,4231,54,4,126.16,247
15-08-2024,Campaign 3,Instagram,Video,Gen Z,4417,120,16,119.88,1062.53
15-08-2024,Campaign 3,Instagram,Video,Millennials,7873,254,35,221.65,1973.55
15-08-2024,Campaign 3,Instagram,Video,Gen X,521,20,2,14.35,199.31
15-08-2024,Campaign 3,Instagram,Image,Gen Z,6063,84,1,118.95,99.6
15-08-2024,Campaign 3,Instagram,Image,Millennials,4051,74,1,55.64,51.09
15-08-2024,Campaign 3,Instagram,Image,Gen X,830,11,0,14.81,0
15-08-2024,Campaign 3,Instagram,Carousel,Gen Z,8130,224,16,167.69,890.96
15-08-2024,Campaign 3,Instagram,Carousel,Millennials,5135,52,1,153.08,65.99
15-08-2024,Campaign 3,Instagram,Carousel,Gen X,641,17,1,19.06,94.46
15-08-2024,Campaign 3,TikTok,Video,Gen Z,7617,201,20,97.94,1429.86
15-08-2024,Campaign 3,TikTok,Video,Millennials,1612,45,6,26.83,575.73
15-08-2024,Campaign 3,TikTok,Video,Gen X,740,28,3,16.8,173.83
15-08-2024,Campaign 3,TikTok,Image,Gen Z,10809,88,2,208.45,133.03
15-08-2024,Campaign 3,TikTok,Image,Millennials,1583,27,0,34.94,0
15-08-2024,Campaign 3,TikTok,Image,Gen X,525,5,0,6.04,0
15-08-2024,Campaign 3,TikTok,Carousel,Gen Z,12793,356,11,366.27,603.68
15-08-2024,Campaign 3,TikTok,Carousel,Millennials,1513,31,0,20.27,0
15-08-2024,Campaign 3,TikTok,Carousel,Gen X,352,4,0,10.57,0
15-08-2024,Campaign 3,Facebook,Video,Gen Z,1973,59,5,26.39,331.68
15-08-2024,Campaign 3,Facebook,Video,Millennials,5188,152,14,147.83,1050.1
15-08-2024,Campaign 3,Facebook,Video,Gen X,4023,137,10,96.58,922.27
15-08-2024,Campaign 3,Facebook,Image,Gen Z,1164,19,0,16.31,0
15-08-2024,Campaign 3,Facebook,Image,Millennials,8612,55,1,175.12,55.7
15-08-2024,Campaign 3,Facebook,Image,Gen X,4024,26,0,107.82,0
15-08-2024,Campaign 3,Facebook,Carousel,Gen Z,2059,24,1,48.16,55.13
15-08-2024,Campaign 3,Facebook,Carousel,Millennials,10283,275,21,286.62,1604.69
15-08-2024,Campaign 3,Facebook,Carousel,Gen X,5571,136,7,82.83,438.8
16-08-2024,Campaign 3,Instagram,Video,Gen Z,6014,248,28,141.29,2416.25
16-08-2024,Campaign 3,Instagram,Video,Millennials,2132,63,4,57.01,378.14
16-08-2024,Campaign 3,Instagram,Video,Gen X,126,2,0,3.25,0
16-08-2024,Campaign 3,Instagram,Image,Gen Z,7391,61,2,87.17,100.43
16-08-2024,Campaign 3,Instagram,Image,Millennials,7669,116,3,115.18,240.98
16-08-2024,Campaign 3,Instagram,Image,Gen X,327,6,0,4.8,0
16-08-2024,Campaign 3,Instagram,Carousel,Gen Z,7925,178,13,96.02,872.32
16-08-2024,Campaign 3,Instagram,Carousel,Millennials,5296,97,5,118.59,344.26
16-08-2024,Campaign 3,Instagram,Carousel,Gen X,396,4,0,8.01,0
16-08-2024,Campaign 3,TikTok,Video,Gen Z,9149,281,17,238.65,1075.28
16-08-2024,Campaign 3,TikTok,Video,Millennials,999,33,4,26.23,396.44
16-08-2024,Campaign 3,TikTok,Video,Gen X,544,11,0,15.75,0
16-08-2024,Campaign 3,TikTok,Image,Gen Z,6783,75,1,173.25,62.05
16-08-2024,Campaign 3,TikTok,Image,Millennials,518,6,0,8.15,0
16-08-2024,Campaign 3,TikTok,Image,Gen X,759,14,0,7.71,0
16-08-2024,Campaign 3,TikTok,Carousel,Gen Z,12901,226,10,223.06,657.83
16-08-2024,Campaign 3,TikTok,Carousel,Millennials,1174,16,0,20.11,0
16-08-2024,Campaign 3,TikTok,Carousel,Gen X,526,13,0,8.15,0
16-08-2024,Campaign 3,Facebook,Video,Gen Z,2261,69,6,66.2,482.59
16-08-2024,Campaign 3,Facebook,Video,Millennials,5337,222,11,64.13,734.16
16-08-2024,Campaign 3,Facebook,Video,Gen X,4374,119,6,121.18,388.8
16-08-2024,Campaign 3,Facebook,Image,Gen Z,1387,27,1,35.98,68.86
16-08-2024,Campaign 3,Facebook,Image,Millennials,10327,67,1,220.35,64.72
16-08-2024,Campaign 3,Facebook,Image,Gen X,3662,69,2,90.14,151.32
16-08-2024,Campaign 3,Facebook,Carousel,Gen Z,1744,25,1,46.67,55.58
16-08-2024,Campaign 3,Facebook,Carousel,Millennials,8029,220,12,184.11,658.42
16-08-2024,Campaign 3,Facebook,Carousel,Gen X,2124,27,1,46.03,91.3
17-08-2024,Campaign 3,Instagram,Video,Gen Z,7259,220,21,166.71,1839.2
17-08-2024,Campaign 3,Instagram,Video,Millennials,2504,53,2,49.68,125.53
17-08-2024,Campaign 3,Instagram,Video,Gen X,232,6,0,6.46,0
17-08-2024,Campaign 3,Instagram,Image,Gen Z,7903,123,2,158.84,115.63
17-08-2024,Campaign 3,Instagram,Image,Millennials,5792,99,4,136.01,328.31
17-08-2024,Campaign 3,Instagram,Image,Gen X,499,9,0,8.47,0
17-08-2024,Campaign 3,Instagram,Carousel,Gen Z,9015,194,10,146.92,717.21
17-08-2024,Campaign 3,Instagram,Carousel,Millennials,2267,43,3,26.67,154.56
17-08-2024,Campaign 3,Instagram,Carousel,Gen X,569,14,0,11.06,0
17-08-2024,Campaign 3,TikTok,Video,Gen Z,10313,207,28,148.55,1996.51
17-08-2024,Campaign 3,TikTok,Video,Millennials,769,20,1,10.41,53.39
17-08-2024,Campaign 3,TikTok,Video,Gen X,164,6,0,3.15,0
17-08-2024,Campaign 3,TikTok,Image,Gen Z,13575,115,3,175.14,275.01
17-08-2024,Campaign 3,TikTok,Image,Millennials,1260,24,0,20.09,0
17-08-2024,Campaign 3,TikTok,Image,Gen X,311,3,0,8.13,0
17-08-2024,Campaign 3,TikTok,Carousel,Gen Z,8293,150,7,93.59,480.91
17-08-2024,Campaign 3,TikTok,Carousel,Millennials,1487,35,2,38.43,145.15
17-08-2024,Campaign 3,TikTok,Carousel,Gen X,947,19,1,11.66,95.89
17-08-2024,Campaign 3,Facebook,Video,Gen Z,2562,62,4,74.39,369.42
17-08-2024,Campaign 3,Facebook,Video,Millennials,9538,419,41,170.06,3998.79
17-08-2024,Campaign 3,Facebook,Video,Gen X,3998,173,24,66.5,1447.56
17-08-2024,Campaign 3,Facebook,Image,Gen Z,1059,9,0,24.84,0
17-08-2024,Campaign 3,Facebook,Image,Millennials,5640,106,4,168.92,381.56
17-08-2024,Campaign 3,Facebook,Image,Gen X,5150,32,0,85.44,0
17-08-2024,Campaign 3,Facebook,Carousel,Gen Z,2231,58,2,38.79,110.92
17-08-2024,Campaign 3,Facebook,Carousel,Millennials,9222,195,12,184.65,890.07
17-08-2024,Campaign 3,Facebook,Carousel,Gen X,4451,89,2,105.81,141.87
18-08-2024,Campaign 3,Instagram,Video,Gen Z,6126,239,20,67.9,1947.98
18-08-2024,Campaign 3,Instagram,Video,Millennials,7800,348,36,105.99,2066.82
18-08-2024,Campaign 3,Instagram,Video,Gen X,253,11,1,2.81,85.6
18-08-2024,Campaign 3,Instagram,Image,Gen Z,5515,30,0,135.19,0
18-08-2024,Campaign 3,Instagram,Image,Millennials,7571,99,4,202.87,282.63
18-08-2024,Campaign 3,Instagram,Image,Gen X,890,7,0,23.52,0
18-08-2024,Campaign 3,Instagram,Carousel,Gen Z,3180,62,1,83.15,63.66
18-08-2024,Campaign 3,Instagram,Carousel,Millennials,4779,68,4,87.61,327.28
18-08-2024,Campaign 3,Instagram,Carousel,Gen X,273,7,0,5.88,0
18-08-2024,Campaign 3,TikTok,Video,Gen Z,14374,335,30,392.47,2751.41
18-08-2024,Campaign 3,TikTok,Video,Millennials,1192,48,3,31.82,223.1
18-08-2024,Campaign 3,TikTok,Video,Gen X,599,23,1,17.36,89.32
18-08-2024,Campaign 3,TikTok,Image,Gen Z,8745,62,0,148.29,0
18-08-2024,Campaign 3,TikTok,Image,Millennials,816,5,0,15.13,0
18-08-2024,Campaign 3,TikTok,Image,Gen X,569,7,0,8.87,0
18-08-2024,Campaign 3,TikTok,Carousel,Gen Z,9087,95,2,224.44,136.92
18-08-2024,Campaign 3,TikTok,Carousel,Millennials,767,19,0,15.09,0
18-08-2024,Campaign 3,TikTok,Carousel,Gen X,929,10,0,10.76,0
18-08-2024,Campaign 3,Facebook,Video,Gen Z,1565,73,5,34.67,358.31
18-08-2024,Campaign 3,Facebook,Video,Millennials,8768,425,60,203.09,4973.16
18-08-2024,Campaign 3,Facebook,Video,Gen X,4988,223,25,132.74,2072.32
18-08-2024,Campaign 3,Facebook,Image,Gen Z,2187,38,0,54.64,0
18-08-2024,Campaign 3,Facebook,Image,Millennials,6913,99,1,121.46,63.03
18-08-2024,Campaign 3,Facebook,Image,Gen X,3739,49,1,89.72,95.91
18-08-2024,Campaign 3,Facebook,Carousel,Gen Z,2517,72,2,67.08,196.45
18-08-2024,Campaign 3,Facebook,Carousel,Millennials,6747,186,4,182.72,359.72
18-08-2024,Campaign 3,Facebook,Carousel,Gen X,5408,70,2,142.83,118.24
19-08-2024,Campaign 3,Instagram,Video,Gen Z,5462,204,11,78.68,969.82
19-08-2024,Campaign 3,Instagram,Video,Millennials,2367,96,7,55.46,582.91
19-08-2024,Campaign 3,Instagram,Video,Gen X,379,18,1,7.91,69.78
19-08-2024,Campaign 3,Instagram,Image,Gen Z,3589,35,1,106.15,67.13
19-08-2024,Campaign 3,Instagram,Image,Millennials,2846,21,0,40.67,0
19-08-2024,Campaign 3,Instagram,Image,Gen X,146,0,0,2.73,0
19-08-2024,Campaign 3,Instagram,Carousel,Gen Z,4047,118,8,62.23,408.96
19-08-2024,Campaign 3,Instagram,Carousel,Millennials,5648,162,12,122.34,683.37
19-08-2024,Campaign 3,Instagram,Carousel,Gen X,106,2,0,1.85,0
19-08-2024,Campaign 3,TikTok,Video,Gen Z,10784,396,27,256.1,2173.61
19-08-2024,Campaign 3,TikTok,Video,Millennials,1445,69,3,16.82,265.37
19-08-2024,Campaign 3,TikTok,Video,Gen X,611,20,1,14.93,68.1
19-08-2024,Campaign 3,TikTok,Image,Gen Z,7625,68,0,209.83,0
19-08-2024,Campaign 3,TikTok,Image,Millennials,1495,12,0,23.74,0
19-08-2024,Campaign 3,TikTok,Image,Gen X,780,6,0,13.58,0
19-08-2024,Campaign 3,TikTok,Carousel,Gen Z,8875,247,7,104.54,569.52
19-08-2024,Campaign 3,TikTok,Carousel,Millennials,1118,12,0,24.24,0
19-08-2024,Campaign 3,TikTok,Carousel,Gen X,774,23,1,11.06,81.44
19-08-2024,Campaign 3,Facebook,Video,Gen Z,2301,69,4,67.68,315.5
19-08-2024,Campaign 3,Facebook,Video,Millennials,6024,159,22,156.09,1466.43
19-08-2024,Campaign 3,Facebook,Video,Gen X,3870,84,11,62.95,860.82
19-08-2024,Campaign 3,Facebook,Image,Gen Z,2922,54,0,45.69,0
19-08-2024,Campaign 3,Facebook,Image,Millennials,7952,113,4,195.38,358.63
19-08-2024,Campaign 3,Facebook,Image,Gen X,2608,44,1,70.53,80.98
19-08-2024,Campaign 3,Facebook,Carousel,Gen Z,1754,25,1,32.63,62.5
19-08-2024,Campaign 3,Facebook,Carousel,Millennials,11768,257,19,202.35,1610.38
19-08-2024,Campaign 3,Facebook,Carousel,Gen X,2173,62,2,36.96,187.06
20-08-2024,Campaign 3,Instagram,Video,Gen Z,3440,79,6,75.35,415.29
20-08-2024,Campaign 3,Instagram,Video,Millennials,4752,201,28,85.38,2189.85
20-08-2024,Campaign 3,Instagram,Video,Gen X,101,3,0,1.18,0
20-08-2024,Campaign 3,Instagram,Image,Gen Z,3899,20,0,104.91,0
20-08-2024,Campaign 3,Instagram,Image,Millennials,6307,60,1,106.81,85.94
20-08-2024,Campaign 3,Instagram,Image,Gen X,373,5,0,5.84,0
20-08-2024,Campaign 3,Instagram,Carousel,Gen Z,6063,129,9,73.2,549.29
20-08-2024,Campaign 3,Instagram,Carousel,Millennials,2331,49,3,29.32,280.5
20-08-2024,Campaign 3,Instagram,Carousel,Gen X,406,4,0,10.68,0
20-08-2024,Campaign 3,TikTok,Video,Gen Z,12336,572,47,301.49,2495.81
20-08-2024,Campaign 3,TikTok,Video,Millennials,1692,68,6,48.06,417.54
20-08-2024,Campaign 3,TikTok,Video,Gen X,472,10,1,9.81,78.99
20-08-2024,Campaign 3,TikTok,Image,Gen Z,5576,61,1,135.41,82.57
20-08-2024,Campaign 3,TikTok,Image,Millennials,1562,17,0,24.56,0
20-08-2024,Campaign 3,TikTok,Image,Gen X,479,4,0,12.24,0
20-08-2024,Campaign 3,TikTok,Carousel,Gen Z,10809,197,8,228.43,574.11
20-08-2024,Campaign 3,TikTok,Carousel,Millennials,595,9,0,16.65,0
20-08-2024,Campaign 3,TikTok,Carousel,Gen X,481,11,0,9.87,0
20-08-2024,Campaign 3,Facebook,Video,Gen Z,2662,88,11,44.37,640.78
20-08-2024,Campaign 3,Facebook,Video,Millennials,9935,470,36,276.71,2154.54
20-08-2024,Campaign 3,Facebook,Video,Gen X,3606,153,17,66.28,1426.83
20-08-2024,Campaign 3,Facebook,Image,Gen Z,2169,11,0,52.83,0
20-08-2024,Campaign 3,Facebook,Image,Millennials,5509,27,0,99.61,0
20-08-2024,Campaign 3,Facebook,Image,Gen X,4810,70,3,128.66,257.57
20-08-2024,Campaign 3,Facebook,Carousel,Gen Z,1858,43,2,30.98,146.04
20-08-2024,Campaign 3,Facebook,Carousel,Millennials,11622,205,9,179.99,573.36
20-08-2024,Campaign 3,Facebook,Carousel,Gen X,3007,40,1,46.05,91.92
21-08-2024,Campaign 3,Instagram,Video,Gen Z,3389,148,18,86.47,1349.32
21-08-2024,Campaign 3,Instagram,Video,Millennials,6945,225,27,95.33,2460.8
21-08-2024,Campaign 3,Instagram,Video,Gen X,992,39,3,12.86,153.74
21-08-2024,Campaign 3,Instagram,Image,Gen Z,4205,53,0,51.37,0
21-08-2024,Campaign 3,Instagram,Image,Millennials,2249,31,0,48.36,0
21-08-2024,Campaign 3,Instagram,Image,Gen X,272,3,0,2.91,0
21-08-2024,Campaign 3,Instagram,Carousel,Gen Z,8201,158,10,178.47,526.9
21-08-2024,Campaign 3,Instagram,Carousel,Millennials,3589,92,4,97.78,204.98
21-08-2024,Campaign 3,Instagram,Carousel,Gen X,822,19,1,23.36,67.45
21-08-2024,Campaign 3,TikTok,Video,Gen Z,5830,231,26,147.35,2426.61
21-08-2024,Campaign 3,TikTok,Video,Millennials,1062,45,5,28.07,257.17
21-08-2024,Campaign 3,TikTok,Video,Gen X,457,10,0,12.96,0
21-08-2024,Campaign 3,TikTok,Image,Gen Z,12108,145,1,172.39,50.4
21-08-2024,Campaign 3,TikTok,Image,Millennials,1360,24,0,23.28,0
21-08-2024,Campaign 3,TikTok,Image,Gen X,659,5,0,19.32,0
21-08-2024,Campaign 3,TikTok,Carousel,Gen Z,13323,311,10,351.06,564.39
21-08-2024,Campaign 3,TikTok,Carousel,Millennials,1260,15,1,28.67,52.62
21-08-2024,Campaign 3,TikTok,Carousel,Gen X,430,8,0,8.55,0
21-08-2024,Campaign 3,Facebook,Video,Gen Z,2602,78,8,61.6,748.75
21-08-2024,Campaign 3,Facebook,Video,Millennials,4938,165,18,68.43,1420.19
21-08-2024,Campaign 3,Facebook,Video,Gen X,2567,57,5,71.15,287.57
21-08-2024,Campaign 3,Facebook,Image,Gen Z,1907,16,0,47.3,0
21-08-2024,Campaign 3,Facebook,Image,Millennials,5432,59,1,135.13,79.56
21-08-2024,Campaign 3,Facebook,Image,Gen X,3624,29,0,83.88,0
21-08-2024,Campaign 3,Facebook,Carousel,Gen Z,1022,19,1,27.91,70.78
21-08-2024,Campaign 3,Facebook,Carousel,Millennials,6034,154,9,112.19,888.48
21-08-2024,Campaign 3,Facebook,Carousel,Gen X,5281,53,2,58.93,185.76
22-08-2024,Campaign 3,Instagram,Video,Gen Z,7556,160,10,120.3,841.67
22-08-2024,Campaign 3,Instagram,Video,Millennials,5657,210,16,76.39,1036.86
22-08-2024,Campaign 3,Instagram,Video,Gen X,379,11,1,7.28,57.5
22-08-2024,Campaign 3,Instagram,Image,Gen Z,5251,63,1,67.8,67.73
22-08-2024,Campaign 3,Instagram,Image,Millennials,7337,139,4,197.71,352.15
22-08-2024,Campaign 3,Instagram,Image,Gen X,594,10,0,9.77,0
22-08-2024,Campaign 3,Instagram,Carousel,Gen Z,8093,99,4,200.64,392.34
22-08-2024,Campaign 3,Instagram,Carousel,Millennials,7764,158,3,94.69,194.85
22-08-2024,Campaign 3,Instagram,Carousel,Gen X,822,12,0,10.88,0
22-08-2024,Campaign 3,TikTok,Video,Gen Z,11894,540,77,220.97,7438.02
22-08-2024,Campaign 3,TikTok,Video,Millennials,1028,47,3,16.78,229.34
22-08-2024,Campaign 3,TikTok,Video,Gen X,462,16,2,12.3,186.4
22-08-2024,Campaign 3,TikTok,Image,Gen Z,14756,194,4,395.86,371.77
22-08-2024,Campaign 3,TikTok,Image,Millennials,1479,16,0,39.75,0
22-08-2024,Campaign 3,TikTok,Image,Gen X,169,1,0,1.81,0
22-08-2024,Campaign 3,TikTok,Carousel,Gen Z,10749,177,11,261.22,725.57
22-08-2024,Campaign 3,TikTok,Carousel,Millennials,971,17,1,15.09,60.9
22-08-2024,Campaign 3,TikTok,Carousel,Gen X,893,19,0,10.21,0
22-08-2024,Campaign 3,Facebook,Video,Gen Z,1654,75,10,38.53,913.11
22-08-2024,Campaign 3,Facebook,Video,Millennials,7282,317,44,117.77,3907.09
22-08-2024,Campaign 3,Facebook,Video,Gen X,3831,173,16,93.57,1583.98
22-08-2024,Campaign 3,Facebook,Image,Gen Z,2719,30,0,41.92,0
22-08-2024,Campaign 3,Facebook,Image,Millennials,10739,119,3,221.35,152.87
22-08-2024,Campaign 3,Facebook,Image,Gen X,2979,31,0,32.81,0
22-08-2024,Campaign 3,Facebook,Carousel,Gen Z,1984,57,4,47.82,317.87
22-08-2024,Campaign 3,Facebook,Carousel,Millennials,11064,234,17,279.92,1434
22-08-2024,Campaign 3,Facebook,Carousel,Gen X,4042,94,3,78.22,233.25
23-08-2024,Campaign 3,Instagram,Video,Gen Z,7892,263,19,114.86,982.29
23-08-2024,Campaign 3,Instagram,Video,Millennials,6174,172,14,162.19,784.02
23-08-2024,Campaign 3,Instagram,Video,Gen X,759,17,1,8.33,75.88
23-08-2024,Campaign 3,Instagram,Image,Gen Z,3477,50,0,79.08,0
23-08-2024,Campaign 3,Instagram,Image,Millennials,6822,119,2,118.07,112.84
23-08-2024,Campaign 3,Instagram,Image,Gen X,496,4,0,12,0
23-08-2024,Campaign 3,Instagram,Carousel,Gen Z,4026,68,4,113.15,265.2
23-08-2024,Campaign 3,Instagram,Carousel,Millennials,2138,33,2,21.47,105.97
23-08-2024,Campaign 3,Instagram,Carousel,Gen X,499,12,0,6.98,0
23-08-2024,Campaign 3,TikTok,Video,Gen Z,6145,131,10,144.98,567.58
23-08-2024,Campaign 3,TikTok,Video,Millennials,1017,29,4,25.87,338.49
23-08-2024,Campaign 3,TikTok,Video,Gen X,126,4,0,2.63,0
23-08-2024,Campaign 3,TikTok,Image,Gen Z,8600,49,1,149.79,81.27
23-08-2024,Campaign 3,TikTok,Image,Millennials,1772,34,1,23.42,75.88
23-08-2024,Campaign 3,TikTok,Image,Gen X,305,2,0,6.14,0
23-08-2024,Campaign 3,TikTok,Carousel,Gen Z,12037,318,23,205.44,1933.56
23-08-2024,Campaign 3,TikTok,Carousel,Millennials,841,13,0,19.1,0
23-08-2024,Campaign 3,TikTok,Carousel,Gen X,333,9,0,3.55,0
23-08-2024,Campaign 3,Facebook,Video,Gen Z,2630,54,6,38.09,510.42
23-08-2024,Campaign 3,Facebook,Video,Millennials,5478,143,7,162.74,678.41
23-08-2024,Campaign 3,Facebook,Video,Gen X,5340,111,14,85.54,1045.25
23-08-2024,Campaign 3,Facebook,Image,Gen Z,1380,8,0,24.7,0
23-08-2024,Campaign 3,Facebook,Image,Millennials,8254,56,2,125.49,167.42
23-08-2024,Campaign 3,Facebook,Image,Gen X,3973,60,1,114.54,53.23
23-08-2024,Campaign 3,Facebook,Carousel,Gen Z,2186,22,0,48.7,0
23-08-2024,Campaign 3,Facebook,Carousel,Millennials,6062,62,2,155.95,118.85
23-08-2024,Campaign 3,Facebook,Carousel,Gen X,2878,75,5,30.58,415.01
24-08-2024,Campaign 3,Instagram,Video,Gen Z,5941,148,10,63.95,928.66
24-08-2024,Campaign 3,Instagram,Video,Millennials,5341,148,12,106.39,815.53
24-08-2024,Campaign 3,Instagram,Video,Gen X,591,27,1,16.39,83.2
24-08-2024,Campaign 3,Instagram,Image,Gen Z,4792,60,2,102.38,136.56
24-08-2024,Campaign 3,Instagram,Image,Millennials,6920,110,3,73.82,203.12
24-08-2024,Campaign 3,Instagram,Image,Gen X,266,3,0,6.72,0
24-08-2024,Campaign 3,Instagram,Carousel,Gen Z,5263,152,9,123.37,893.8
24-08-2024,Campaign 3,Instagram,Carousel,Millennials,3359,68,4,57.81,277.63
24-08-2024,Campaign 3,Instagram,Carousel,Gen X,501,10,0,8.51,0
24-08-2024,Campaign 3,TikTok,Video,Gen Z,8107,341,28,228.85,1504.77
24-08-2024,Campaign 3,TikTok,Video,Millennials,1040,47,4,26.01,240.28
24-08-2024,Campaign 3,TikTok,Video,Gen X,786,29,3,18.74,263.53
24-08-2024,Campaign 3,TikTok,Image,Gen Z,8097,101,3,111.39,250.16
24-08-2024,Campaign 3,TikTok,Image,Millennials,995,5,0,24.76,0
24-08-2024,Campaign 3,TikTok,Image,Gen X,990,11,0,17.08,0
24-08-2024,Campaign 3,TikTok,Carousel,Gen Z,8518,151,7,88.85,371.09
24-08-2024,Campaign 3,TikTok,Carousel,Millennials,517,7,0,5.62,0
24-08-2024,Campaign 3,TikTok,Carousel,Gen X,367,10,0,10.8,0
24-08-2024,Campaign 3,Facebook,Video,Gen Z,1718,68,8,49.48,776.95
24-08-2024,Campaign 3,Facebook,Video,Millennials,9695,353,37,188.54,3223.95
24-08-2024,Campaign 3,Facebook,Video,Gen X,3975,190,14,64.63,921.26
24-08-2024,Campaign 3,Facebook,Image,Gen Z,1573,15,0,40.53,0
24-08-2024,Campaign 3,Facebook,Image,Millennials,7924,88,2,89.86,150.99
24-08-2024,Campaign 3,Facebook,Image,Gen X,5481,42,1,154.63,99.69
24-08-2024,Campaign 3,Facebook,Carousel,Gen Z,2792,83,3,53.4,150.44
24-08-2024,Campaign 3,Facebook,Carousel,Millennials,6447,145,10,156.7,630.42
24-08-2024,Campaign 3,Facebook,Carousel,Gen X,4966,78,5,50.15,333.4
25-08-2024,Campaign 3,Instagram,Video,Gen Z,8063,352,23,192.7,1798.07
25-08-2024,Campaign 3,Instagram,Video,Millennials,4655,215,11,86.34,650.36
25-08-2024,Campaign 3,Instagram,Video,Gen X,363,14,1,4.88,90.6
25-08-2024,Campaign 3,Instagram,Image,Gen Z,4986,40,1,115.52,55.66
25-08-2024,Campaign 3,Instagram,Image,Millennials,3119,16,0,35.76,0
25-08-2024,Campaign 3,Instagram,Image,Gen X,475,7,0,7.91,0
25-08-2024,Campaign 3,Instagram,Carousel,Gen Z,8137,158,3,207.54,162.33
25-08-2024,Campaign 3,Instagram,Carousel,Millennials,7675,119,4,181.48,320.34
25-08-2024,Campaign 3,Instagram,Carousel,Gen X,915,23,1,13.42,69.51
25-08-2024,Campaign 3,TikTok,Video,Gen Z,5808,135,13,77.96,676.93
25-08-2024,Campaign 3,TikTok,Video,Millennials,1771,52,3,47.26,187.92
25-08-2024,Campaign 3,TikTok,Video,Gen X,937,19,2,9.43,134.39
25-08-2024,Campaign 3,TikTok,Image,Gen Z,5722,77,2,152.04,165.63
25-08-2024,Campaign 3,TikTok,Image,Millennials,1129,17,0,16.19,0
25-08-2024,Campaign 3,TikTok,Image,Gen X,304,1,0,7.83,0
25-08-2024,Campaign 3,TikTok,Carousel,Gen Z,14178,284,8,236.92,506.72
25-08-2024,Campaign 3,TikTok,Carousel,Millennials,1889,30,0,34.81,0
25-08-2024,Campaign 3,TikTok,Carousel,Gen X,745,20,1,18.24,68.3
25-08-2024,Campaign 3,Facebook,Video,Gen Z,1992,68,8,39.37,544.41
25-08-2024,Campaign 3,Facebook,Video,Millennials,10683,250,13,167.81,865.07
25-08-2024,Campaign 3,Facebook,Video,Gen X,5648,115,15,164.78,1181.38
25-08-2024,Campaign 3,Facebook,Image,Gen Z,1738,33,0,44.95,0
25-08-2024,Campaign 3,Facebook,Image,Millennials,8548,117,4,232.59,346.38
25-08-2024,Campaign 3,Facebook,Image,Gen X,5108,77,2,141.59,103.93
25-08-2024,Campaign 3,Facebook,Carousel,Gen Z,1564,41,2,26.65,130.43
25-08-2024,Campaign 3,Facebook,Carousel,Millennials,11728,241,18,232.11,1641.04
25-08-2024,Campaign 3,Facebook,Carousel,Gen X,4134,99,4,68.29,282.59
26-08-2024,Campaign 3,Instagram,Video,Gen Z,4968,155,20,99.07,1857.71
26-08-2024,Campaign 3,Instagram,Video,Millennials,7973,289,18,210.77,1103.02
26-08-2024,Campaign 3,Instagram,Video,Gen X,709,14,1,14.35,64.86
26-08-2024,Campaign 3,Instagram,Image,Gen Z,3258,53,2,86.79,110.05
26-08-2024,Campaign 3,Instagram,Image,Millennials,5942,53,2,173.71,190.15
26-08-2024,Campaign 3,Instagram,Image,Gen X,694,4,0,17.12,0
26-08-2024,Campaign 3,Instagram,Carousel,Gen Z,8878,157,12,190.43,973.07
26-08-2024,Campaign 3,Instagram,Carousel,Millennials,6580,190,14,190.31,1268.66
26-08-2024,Campaign 3,Instagram,Carousel,Gen X,801,15,1,14.27,79.69
26-08-2024,Campaign 3,TikTok,Video,Gen Z,8100,188,24,140.76,1945.12
26-08-2024,Campaign 3,TikTok,Video,Millennials,1100,34,4,12.9,363.75
26-08-2024,Campaign 3,TikTok,Video,Gen X,700,17,1,7.12,81.31
26-08-2024,Campaign 3,TikTok,Image,Gen Z,7784,76,2,155.11,125.09
26-08-2024,Campaign 3,TikTok,Image,Millennials,1654,17,0,45.03,0
26-08-2024,Campaign 3,TikTok,Image,Gen X,223,2,0,3.73,0
26-08-2024,Campaign 3,TikTok,Carousel,Gen Z,11645,235,13,281.11,875.35
26-08-2024,Campaign 3,TikTok,Carousel,Millennials,693,11,0,16.33,0
26-08-2024,Campaign 3,TikTok,Carousel,Gen X,363,6,0,4.17,0
26-08-2024,Campaign 3,Facebook,Video,Gen Z,2020,100,11,57.11,747.59
26-08-2024,Campaign 3,Facebook,Video,Millennials,6389,294,41,147.51,3634.36
26-08-2024,Campaign 3,Facebook,Video,Gen X,2271,88,11,63.05,608.59
26-08-2024,Campaign 3,Facebook,Image,Gen Z,2190,20,0,30.12,0
26-08-2024,Campaign 3,Facebook,Image,Millennials,5343,43,1,133.08,55.04
26-08-2024,Campaign 3,Facebook,Image,Gen X,2892,25,0,83.92,0
26-08-2024,Campaign 3,Facebook,Carousel,Gen Z,1350,13,0,37.9,0
26-08-2024,Campaign 3,Facebook,Carousel,Millennials,5113,141,9,90.16,738.1
26-08-2024,Campaign 3,Facebook,Carousel,Gen X,2133,41,1,50.79,97.03
27-08-2024,Campaign 3,Instagram,Video,Gen Z,6605,184,18,194.54,1728.47
27-08-2024,Campaign 3,Instagram,Video,Millennials,3130,149,15,35.32,1052.77
27-08-2024,Campaign 3,Instagram,Video,Gen X,822,25,3,14.93,231.94
27-08-2024,Campaign 3,Instagram,Image,Gen Z,5760,74,1,86.89,78.14
27-08-2024,Campaign 3,Instagram,Image,Millennials,3533,32,1,93.03,65.62
27-08-2024,Campaign 3,Instagram,Image,Gen X,783,7,0,18.82,0
27-08-2024,Campaign 3,Instagram,Carousel,Gen Z,7839,191,6,170.3,552.65
27-08-2024,Campaign 3,Instagram,Carousel,Millennials,6637,169,4,171.77,221.22
27-08-2024,Campaign 3,Instagram,Carousel,Gen X,346,6,0,6.82,0
27-08-2024,Campaign 3,TikTok,Video,Gen Z,7141,212,29,116.38,1846.97
27-08-2024,Campaign 3,TikTok,Video,Millennials,834,39,4,19.7,345.22
27-08-2024,Campaign 3,TikTok,Video,Gen X,377,8,0,8.33,0
27-08-2024,Campaign 3,TikTok,Image,Gen Z,10508,186,7,224.88,356.81
27-08-2024,Campaign 3,TikTok,Image,Millennials,948,16,0,9.81,0
27-08-2024,Campaign 3,TikTok,Image,Gen X,546,7,0,13.73,0
27-08-2024,Campaign 3,TikTok,Carousel,Gen Z,6401,126,9,131.25,544.32
27-08-2024,Campaign 3,TikTok,Carousel,Millennials,891,17,1,23.54,84.29
27-08-2024,Campaign 3,TikTok,Carousel,Gen X,486,13,0,9.19,0
27-08-2024,Campaign 3,Facebook,Video,Gen Z,2157,96,6,61.84,306.86
27-08-2024,Campaign 3,Facebook,Video,Millennials,7514,150,17,175.54,1411.53
27-08-2024,Campaign 3,Facebook,Video,Gen X,2364,63,4,26.17,388.09
27-08-2024,Campaign 3,Facebook,Image,Gen Z,2575,14,0,55.52,0
27-08-2024,Campaign 3,Facebook,Image,Millennials,6405,86,3,160.77,177.89
27-08-2024,Campaign 3,Facebook,Image,Gen X,2902,49,1,39.91,86.72
27-08-2024,Campaign 3,Facebook,Carousel,Gen Z,1643,47,1,41.58,76.57
27-08-2024,Campaign 3,Facebook,Carousel,Millennials,8183,186,11,119.17,823.38
27-08-2024,Campaign 3,Facebook,Carousel,Gen X,4687,51,2,105.39,184.11
28-08-2024,Campaign 3,Instagram,Video,Gen Z,6501,219,14,157.12,1100.24
28-08-2024,Campaign 3,Instagram,Video,Millennials,5517,188,26,143.63,2471.91
28-08-2024,Campaign 3,Instagram,Video,Gen X,715,25,3,19.28,288.15
28-08-2024,Campaign 3,Instagram,Image,Gen Z,7042,36,0,116.34,0
28-08-2024,Campaign 3,Instagram,Image,Millennials,4800,87,3,50.49,197.24
28-08-2024,Campaign 3,Instagram,Image,Gen X,854,6,0,9.85,0
28-08-2024,Campaign 3,Instagram,Carousel,Gen Z,7263,99,4,127.82,247.59
28-08-2024,Campaign 3,Instagram,Carousel,Millennials,4240,99,3,63.15,152.69
28-08-2024,Campaign 3,Instagram,Carousel,Gen X,434,10,0,10.13,0
28-08-2024,Campaign 3,TikTok,Video,Gen Z,10413,340,39,298.38,2087.64
28-08-2024,Campaign 3,TikTok,Video,Millennials,1322,35,2,36.2,176.71
28-08-2024,Campaign 3,TikTok,Video,Gen X,617,20,2,9.49,107.43
28-08-2024,Campaign 3,TikTok,Image,Gen Z,9854,108,4,274.57,267.21
28-08-2024,Campaign 3,TikTok,Image,Millennials,1424,14,0,17.66,0
28-08-2024,Campaign 3,TikTok,Image,Gen X,214,3,0,6.08,0
28-08-2024,Campaign 3,TikTok,Carousel,Gen Z,6732,84,3,121.68,152.63
28-08-2024,Campaign 3,TikTok,Carousel,Millennials,832,24,1,8.61,80.84
28-08-2024,Campaign 3,TikTok,Carousel,Gen X,836,20,0,9.79,0
28-08-2024,Campaign 3,Facebook,Video,Gen Z,2446,95,10,72.52,892.87
28-08-2024,Campaign 3,Facebook,Video,Millennials,6426,316,43,177.04,3007.35
28-08-2024,Campaign 3,Facebook,Video,Gen X,2368,95,12,47.56,696.37
28-08-2024,Campaign 3,Facebook,Image,Gen Z,2441,29,1,41.18,95.31
28-08-2024,Campaign 3,Facebook,Image,Millennials,4405,36,0,96.7,0
28-08-2024,Campaign 3,Facebook,Image,Gen X,4437,38,0,97.88,0
28-08-2024,Campaign 3,Facebook,Carousel,Gen Z,1585,36,1,28.43,98.31
28-08-2024,Campaign 3,Facebook,Carousel,Millennials,4910,90,2,83.76,124.61
28-08-2024,Campaign 3,Facebook,Carousel,Gen X,4451,84,4,123.25,363.45
29-08-2024,Campaign 3,Instagram,Video,Gen Z,3152,124,10,80.3,564.8
29-08-2024,Campaign 3,Instagram,Video,Millennials,2992,106,6,38.55,407.12
29-08-2024,Campaign 3,Instagram,Video,Gen X,950,44,5,12.88,318.72
29-08-2024,Campaign 3,Instagram,Image,Gen Z,6285,104,1,85.88,51.44
29-08-2024,Campaign 3,Instagram,Image,Millennials,5316,100,3,54.28,210.05
29-08-2024,Campaign 3,Instagram,Image,Gen X,240,4,0,6.18,0
29-08-2024,Campaign 3,Instagram,Carousel,Gen Z,3357,72,5,89.35,476.87
29-08-2024,Campaign 3,Instagram,Carousel,Millennials,4876,50,2,119.98,192.1
29-08-2024,Campaign 3,Instagram,Carousel,Gen X,635,7,0,10.86,0
29-08-2024,Campaign 3,TikTok,Video,Gen Z,13581,552,28,384.45,1701.78
29-08-2024,Campaign 3,TikTok,Video,Millennials,1296,45,4,34.43,385.39
29-08-2024,Campaign 3,TikTok,Video,Gen X,811,31,1,12.86,92.57
29-08-2024,Campaign 3,TikTok,Image,Gen Z,11221,194,5,289.19,352.16
29-08-2024,Campaign 3,TikTok,Image,Millennials,562,6,0,9.09,0
29-08-2024,Campaign 3,TikTok,Image,Gen X,286,4,0,5.1,0
29-08-2024,Campaign 3,TikTok,Carousel,Gen Z,8949,117,6,202.67,327.17
29-08-2024,Campaign 3,TikTok,Carousel,Millennials,1012,22,1,19.12,97.5
29-08-2024,Campaign 3,TikTok,Carousel,Gen X,985,12,0,28.69,0
29-08-2024,Campaign 3,Facebook,Video,Gen Z,2846,116,15,82.47,826.84
29-08-2024,Campaign 3,Facebook,Video,Millennials,6208,303,21,135.51,1785.22
29-08-2024,Campaign 3,Facebook,Video,Gen X,2456,54,3,62.06,242.32
29-08-2024,Campaign 3,Facebook,Image,Gen Z,2742,50,2,67.06,137.44
29-08-2024,Campaign 3,Facebook,Image,Millennials,7750,85,4,182.56,251.03
29-08-2024,Campaign 3,Facebook,Image,Gen X,4392,84,2,81.91,167.81
29-08-2024,Campaign 3,Facebook,Carousel,Gen Z,2935,59,2,77.6,106.94
29-08-2024,Campaign 3,Facebook,Carousel,Millennials,10754,145,8,127.42,788.54
29-08-2024,Campaign 3,Facebook,Carousel,Gen X,4442,46,3,74.28,173.53
30-08-2024,Campaign 3,Instagram,Video,Gen Z,5230,110,5,101.25,270.75
30-08-2024,Campaign 3,Instagram,Video,Millennials,5901,253,25,156.4,1765.82
30-08-2024,Campaign 3,Instagram,Video,Gen X,589,25,2,16.72,136.48
30-08-2024,Campaign 3,Instagram,Image,Gen Z,8566,107,3,256.14,225.66
30-08-2024,Campaign 3,Instagram,Image,Millennials,6822,39,1,178.23,78.05
30-08-2024,Campaign 3,Instagram,Image,Gen X,722,4,0,10.31,0
30-08-2024,Campaign 3,Instagram,Carousel,Gen Z,6907,88,3,157.08,296.45
30-08-2024,Campaign 3,Instagram,Carousel,Millennials,2882,62,1,61.98,88.98
30-08-2024,Campaign 3,Instagram,Carousel,Gen X,205,3,0,3.13,0
30-08-2024,Campaign 3,TikTok,Video,Gen Z,12269,411,21,293.83,1977.44
30-08-2024,Campaign 3,TikTok,Video,Millennials,849,29,1,21.25,79.82
30-08-2024,Campaign 3,TikTok,Video,Gen X,781,37,5,23.32,465.48
30-08-2024,Campaign 3,TikTok,Image,Gen Z,13052,195,9,371.48,773.83
30-08-2024,Campaign 3,TikTok,Image,Millennials,1777,33,1,23.5,57.78
30-08-2024,Campaign 3,TikTok,Image,Gen X,413,2,0,10.39,0
30-08-2024,Campaign 3,TikTok,Carousel,Gen Z,13757,246,12,184.75,626.43
30-08-2024,Campaign 3,TikTok,Carousel,Millennials,1560,36,0,33.03,0
30-08-2024,Campaign 3,TikTok,Carousel,Gen X,238,4,0,3.21,0
30-08-2024,Campaign 3,Facebook,Video,Gen Z,1004,47,4,11.86,359.41
30-08-2024,Campaign 3,Facebook,Video,Millennials,4559,195,15,121.02,887.1
30-08-2024,Campaign 3,Facebook,Video,Gen X,4068,197,28,106.89,2644.94
30-08-2024,Campaign 3,Facebook,Image,Gen Z,2234,20,0,62.93,0
30-08-2024,Campaign 3,Facebook,Image,Millennials,6430,66,1,121.72,70.59
30-08-2024,Campaign 3,Facebook,Image,Gen X,4216,66,1,106.07,53.69
30-08-2024,Campaign 3,Facebook,Carousel,Gen Z,2400,60,4,51.83,316.53
30-08-2024,Campaign 3,Facebook,Carousel,Millennials,7679,106,7,199.38,524.61
30-08-2024,Campaign 3,Facebook,Carousel,Gen X,3741,72,2,99.63,195.83
31-08-2024,Campaign 3,Instagram,Video,Gen Z,4203,156,22,114.74,2035.42
31-08-2024,Campaign 3,Instagram,Video,Millennials,2452,79,6,54.68,365.17
31-08-2024,Campaign 3,Instagram,Video,Gen X,790,24,2,13.22,121.24
31-08-2024,Campaign 3,Instagram,Image,Gen Z,3917,52,2,58.29,104.01
31-08-2024,Campaign 3,Instagram,Image,Millennials,7976,60,0,179.75,0
31-08-2024,Campaign 3,Instagram,Image,Gen X,700,7,0,15.67,0
31-08-2024,Campaign 3,Instagram,Carousel,Gen Z,6945,157,11,159.75,997.1
31-08-2024,Campaign 3,Instagram,Carousel,Millennials,6857,167,12,175.18,1145.91
31-08-2024,Campaign 3,Instagram,Carousel,Gen X,658,17,0,6.74,0
31-08-2024,Campaign 3,TikTok,Video,Gen Z,5350,212,28,72.38,2326.5
31-08-2024,Campaign 3,TikTok,Video,Millennials,1387,46,3,25.38,184.91
31-08-2024,Campaign 3,TikTok,Video,Gen X,548,11,0,6.6,0
31-08-2024,Campaign 3,TikTok,Image,Gen Z,7394,39,0,122.76,0
31-08-2024,Campaign 3,TikTok,Image,Millennials,1546,15,0,37.46,0
31-08-2024,Campaign 3,TikTok,Image,Gen X,550,10,0,6.92,0
31-08-2024,Campaign 3,TikTok,Carousel,Gen Z,5001,104,2,117.27,127.31
31-08-2024,Campaign 3,TikTok,Carousel,Millennials,805,15,0,15.87,0
31-08-2024,Campaign 3,TikTok,Carousel,Gen X,739,21,1,20.49,94.74
31-08-2024,Campaign 3,Facebook,Video,Gen Z,2644,59,6,62.55,469.42
31-08-2024,Campaign 3,Facebook,Video,Millennials,6036,243,25,165.08,2011.48
31-08-2024,Campaign 3,Facebook,Video,Gen X,2790,75,10,31.8,965.49
31-08-2024,Campaign 3,Facebook,Image,Gen Z,2300,26,0,43.06,0
31-08-2024,Campaign 3,Facebook,Image,Millennials,4161,47,1,61.3,96.69
31-08-2024,Campaign 3,Facebook,Image,Gen X,3509,30,0,42.66,0
31-08-2024,Campaign 3,Facebook,Carousel,Gen Z,2836,62,1,59.13,72.89
31-08-2024,Campaign 3,Facebook,Carousel,Millennials,8211,94,2,182.26,131.16
31-08-2024,Campaign 3,Facebook,Carousel,Gen X,3238,76,2,68.91,116.89
01-09-2024,Campaign 2,Instagram,Video,Gen Z,9523,331,43,214.9,3006.5
01-09-2024,Campaign 2,Instagram,Video,Millennials,7219,183,18,264.11,1398.44
01-09-2024,Campaign 2,Instagram,Video,Gen X,754,24,2,25.88,117.74
01-09-2024,Campaign 2,Instagram,Image,Gen Z,6128,37,0,237.09,0
01-09-2024,Campaign 2,Instagram,Image,Millennials,3576,71,1,69,81.16
01-09-2024,Campaign 2,Instagram,Image,Gen X,399,3,0,6.58,0
01-09-2024,Campaign 2,Instagram,Carousel,Gen Z,4280,64,2,106.8,192.71
01-09-2024,Campaign 2,Instagram,Carousel,Millennials,4784,72,3,157.74,249.8
01-09-2024,Campaign 2,Instagram,Carousel,Gen X,171,4,0,6.53,0
01-09-2024,Campaign 2,TikTok,Video,Gen Z,11552,356,29,224.16,2093.03
01-09-2024,Campaign 2,TikTok,Video,Millennials,690,14,1,26.24,61.57
01-09-2024,Campaign 2,TikTok,Video,Gen X,547,18,2,14.94,192.33
01-09-2024,Campaign 2,TikTok,Image,Gen Z,9306,90,2,236.6,150.72
01-09-2024,Campaign 2,TikTok,Image,Millennials,1515,23,0,45.31,0
01-09-2024,Campaign 2,TikTok,Image,Gen X,592,8,0,21.31,0
01-09-2024,Campaign 2,TikTok,Carousel,Gen Z,11581,193,9,152.45,464.36
01-09-2024,Campaign 2,TikTok,Carousel,Millennials,782,10,0,12.23,0
01-09-2024,Campaign 2,TikTok,Carousel,Gen X,156,3,0,4.1,0
01-09-2024,Campaign 2,Facebook,Video,Gen Z,2313,106,10,57.93,859.27
01-09-2024,Campaign 2,Facebook,Video,Millennials,7507,235,15,192.81,939.3
01-09-2024,Campaign 2,Facebook,Video,Gen X,2528,63,8,97.26,542.79
01-09-2024,Campaign 2,Facebook,Image,Gen Z,1137,7,0,39.74,0
01-09-2024,Campaign 2,Facebook,Image,Millennials,7641,114,5,207.83,422.67
01-09-2024,Campaign 2,Facebook,Image,Gen X,5662,101,3,73.28,214.43
01-09-2024,Campaign 2,Facebook,Carousel,Gen Z,1919,54,4,57.65,201.55
01-09-2024,Campaign 2,Facebook,Carousel,Millennials,8497,88,3,159.81,200.82
01-09-2024,Campaign 2,Facebook,Carousel,Gen X,3056,67,3,62.24,181.14
02-09-2024,Campaign 2,Instagram,Video,Gen Z,6583,299,26,105.02,2037.75
02-09-2024,Campaign 2,Instagram,Video,Millennials,3732,163,19,133.61,1156.48
02-09-2024,Campaign 2,Instagram,Video,Gen X,977,21,2,36.54,170.07
02-09-2024,Campaign 2,Instagram,Image,Gen Z,9007,88,3,230.61,284.29
02-09-2024,Campaign 2,Instagram,Image,Millennials,5166,96,4,95.79,356.04
02-09-2024,Campaign 2,Instagram,Image,Gen X,397,2,0,9.78,0
02-09-2024,Campaign 2,Instagram,Carousel,Gen Z,5866,96,3,226.87,250.65
02-09-2024,Campaign 2,Instagram,Carousel,Millennials,7535,183,7,249.61,519.15
02-09-2024,Campaign 2,Instagram,Carousel,Gen X,133,2,0,1.94,0
02-09-2024,Campaign 2,TikTok,Video,Gen Z,10998,394,51,305.34,4992.66
02-09-2024,Campaign 2,TikTok,Video,Millennials,1462,35,3,46.34,262.65
02-09-2024,Campaign 2,TikTok,Video,Gen X,729,21,1,18.48,83.31
02-09-2024,Campaign 2,TikTok,Image,Gen Z,14893,145,3,242.92,220.98
02-09-2024,Campaign 2,TikTok,Image,Millennials,1577,30,0,27.15,0
02-09-2024,Campaign 2,TikTok,Image,Gen X,326,1,0,11.17,0
02-09-2024,Campaign 2,TikTok,Carousel,Gen Z,11568,154,7,380.36,498.17
02-09-2024,Campaign 2,TikTok,Carousel,Millennials,1819,24,1,44.13,77.28
02-09-2024,Campaign 2,TikTok,Carousel,Gen X,105,1,0,3.61,0
02-09-2024,Campaign 2,Facebook,Video,Gen Z,2404,72,10,78.91,510.1
02-09-2024,Campaign 2,Facebook,Video,Millennials,7700,235,18,148.84,1577.24
02-09-2024,Campaign 2,Facebook,Video,Gen X,2810,108,12,56.25,867.4
02-09-2024,Campaign 2,Facebook,Image,Gen Z,2763,25,0,77.08,0
02-09-2024,Campaign 2,Facebook,Image,Millennials,4290,82,1,55.56,53.84
02-09-2024,Campaign 2,Facebook,Image,Gen X,5339,45,2,116.04,180.12
02-09-2024,Campaign 2,Facebook,Carousel,Gen Z,2374,38,1,68.1,58.39
02-09-2024,Campaign 2,Facebook,Carousel,Millennials,11260,169,12,284.67,629.4
02-09-2024,Campaign 2,Facebook,Carousel,Gen X,2375,24,0,58.11,0
03-09-2024,Campaign 2,Instagram,Video,Gen Z,9003,374,48,251.82,3992.51
03-09-2024,Campaign 2,Instagram,Video,Millennials,5777,259,22,112.22,2102.82
03-09-2024,Campaign 2,Instagram,Video,Gen X,421,12,1,7.43,90.31
03-09-2024,Campaign 2,Instagram,Image,Gen Z,6567,107,1,168.89,86.87
03-09-2024,Campaign 2,Instagram,Image,Millennials,3433,25,0,81.41,0
03-09-2024,Campaign 2,Instagram,Image,Gen X,661,7,0,18.63,0
03-09-2024,Campaign 2,Instagram,Carousel,Gen Z,5499,58,3,176.45,264.13
03-09-2024,Campaign 2,Instagram,Carousel,Millennials,7861,92,3,285.99,219.31
03-09-2024,Campaign 2,Instagram,Carousel,Gen X,298,3,0,10.12,0
03-09-2024,Campaign 2,TikTok,Video,Gen Z,12193,516,56,331.38,4486.65
03-09-2024,Campaign 2,TikTok,Video,Millennials,1743,60,7,52.59,634.01
03-09-2024,Campaign 2,TikTok,Video,Gen X,735,30,4,10.09,309.33
03-09-2024,Campaign 2,TikTok,Image,Gen Z,8196,140,4,228.6,365.38
03-09-2024,Campaign 2,TikTok,Image,Millennials,1102,19,0,28.05,0
03-09-2024,Campaign 2,TikTok,Image,Gen X,678,7,0,19.9,0
03-09-2024,Campaign 2,TikTok,Carousel,Gen Z,9527,252,16,295.38,1415.23
03-09-2024,Campaign 2,TikTok,Carousel,Millennials,715,10,0,27.33,0
03-09-2024,Campaign 2,TikTok,Carousel,Gen X,250,3,0,9.5,0
03-09-2024,Campaign 2,Facebook,Video,Gen Z,2217,54,7,39.38,532.74
03-09-2024,Campaign 2,Facebook,Video,Millennials,7274,266,21,264.16,1887.15
03-09-2024,Campaign 2,Facebook,Video,Gen X,4908,201,22,78.16,1784.9
03-09-2024,Campaign 2,Facebook,Image,Gen Z,1461,12,0,48.9,0
03-09-2024,Campaign 2,Facebook,Image,Millennials,5923,55,2,79.71,167.29
03-09-2024,Campaign 2,Facebook,Image,Gen X,5675,97,3,99.5,157.72
03-09-2024,Campaign 2,Facebook,Carousel,Gen Z,2421,28,0,36.75,0
03-09-2024,Campaign 2,Facebook,Carousel,Millennials,6305,108,3,178.18,204.51
03-09-2024,Campaign 2,Facebook,Carousel,Gen X,2653,37,2,42.71,194.82
04-09-2024,Campaign 2,Instagram,Video,Gen Z,8294,400,53,252.7,5067.6
04-09-2024,Campaign 2,Instagram,Video,Millennials,4648,117,8,89.33,524.34
04-09-2024,Campaign 2,Instagram,Video,Gen X,598,27,1,8.93,97.13
04-09-2024,Campaign 2,Instagram,Image,Gen Z,3830,72,2,146.28,175.34
04-09-2024,Campaign 2,Instagram,Image,Millennials,3342,59,0,102.8,0
04-09-2024,Campaign 2,Instagram,Image,Gen X,949,13,0,30.58,0
04-09-2024,Campaign 2,Instagram,Carousel,Gen Z,8450,154,11,265.91,1011.43
04-09-2024,Campaign 2,Instagram,Carousel,Millennials,3275,94,2,47.87,164.44
04-09-2024,Campaign 2,Instagram,Carousel,Gen X,266,7,0,4.8,0
04-09-2024,Campaign 2,TikTok,Video,Gen Z,14800,439,55,239.52,4875.38
04-09-2024,Campaign 2,TikTok,Video,Millennials,803,39,2,23.35,120.53
04-09-2024,Campaign 2,TikTok,Video,Gen X,489,12,1,18.4,80.8
04-09-2024,Campaign 2,TikTok,Image,Gen Z,14942,194,6,197.94,457.29
04-09-2024,Campaign 2,TikTok,Image,Millennials,1860,32,0,55.76,0
04-09-2024,Campaign 2,TikTok,Image,Gen X,593,4,0,11.48,0
04-09-2024,Campaign 2,TikTok,Carousel,Gen Z,9594,191,12,288.16,1037.88
04-09-2024,Campaign 2,TikTok,Carousel,Millennials,710,10,0,12.82,0
04-09-2024,Campaign 2,TikTok,Carousel,Gen X,261,2,0,8.49,0
04-09-2024,Campaign 2,Facebook,Video,Gen Z,2704,62,8,42.53,415.75
04-09-2024,Campaign 2,Facebook,Video,Millennials,10792,244,24,282.61,1954.37
04-09-2024,Campaign 2,Facebook,Video,Gen X,4239,182,27,106.8,1463.84
04-09-2024,Campaign 2,Facebook,Image,Gen Z,2630,13,0,36.05,0
04-09-2024,Campaign 2,Facebook,Image,Millennials,5068,64,2,177.66,174.39
04-09-2024,Campaign 2,Facebook,Image,Gen X,4325,32,1,96.92,66.16
04-09-2024,Campaign 2,Facebook,Carousel,Gen Z,2653,55,1,82.68,94.15
04-09-2024,Campaign 2,Facebook,Carousel,Millennials,5684,91,7,88.48,404.96
04-09-2024,Campaign 2,Facebook,Carousel,Gen X,5315,118,4,92.15,396.32
05-09-2024,Campaign 2,Instagram,Video,Gen Z,5505,267,34,191,3313.94
05-09-2024,Campaign 2,Instagram,Video,Millennials,4427,134,16,75.79,854.59
05-09-2024,Campaign 2,Instagram,Video,Gen X,501,16,2,15.69,102.66
05-09-2024,Campaign 2,Instagram,Image,Gen Z,5426,59,1,157.95,58.74
05-09-2024,Campaign 2,Instagram,Image,Millennials,4968,89,3,71.22,227.09
05-09-2024,Campaign 2,Instagram,Image,Gen X,424,3,0,16.36,0
05-09-2024,Campaign 2,Instagram,Carousel,Gen Z,3746,78,3,131.27,172.92
05-09-2024,Campaign 2,Instagram,Carousel,Millennials,4202,98,3,125.95,223.88
05-09-2024,Campaign 2,Instagram,Carousel,Gen X,116,1,0,1.78,0
05-09-2024,Campaign 2,TikTok,Video,Gen Z,5259,109,13,101.46,1177.31
05-09-2024,Campaign 2,TikTok,Video,Millennials,1608,41,4,31.43,297.11
05-09-2024,Campaign 2,TikTok,Video,Gen X,277,6,0,4.36,0
05-09-2024,Campaign 2,TikTok,Image,Gen Z,6408,90,4,107.63,330.67
05-09-2024,Campaign 2,TikTok,Image,Millennials,1691,30,0,55.58,0
05-09-2024,Campaign 2,TikTok,Image,Gen X,167,2,0,2.35,0
05-09-2024,Campaign 2,TikTok,Carousel,Gen Z,8069,119,2,117.9,101.38
05-09-2024,Campaign 2,TikTok,Carousel,Millennials,852,9,0,32,0
05-09-2024,Campaign 2,TikTok,Carousel,Gen X,555,11,0,16.85,0
05-09-2024,Campaign 2,Facebook,Video,Gen Z,2716,78,3,53.98,182.65
05-09-2024,Campaign 2,Facebook,Video,Millennials,4967,213,21,187.83,1624.09
05-09-2024,Campaign 2,Facebook,Video,Gen X,3714,105,7,53.36,608.97
05-09-2024,Campaign 2,Facebook,Image,Gen Z,2603,36,0,77.26,0
05-09-2024,Campaign 2,Facebook,Image,Millennials,11668,119,3,275.8,155.46
05-09-2024,Campaign 2,Facebook,Image,Gen X,2110,11,0,73.65,0
05-09-2024,Campaign 2,Facebook,Carousel,Gen Z,2907,32,1,72.15,55.17
05-09-2024,Campaign 2,Facebook,Carousel,Millennials,4128,58,3,64.02,284.09
05-09-2024,Campaign 2,Facebook,Carousel,Gen X,5509,115,6,184.45,508.84
06-09-2024,Campaign 2,Instagram,Video,Gen Z,3182,69,8,72.51,528.11
06-09-2024,Campaign 2,Instagram,Video,Millennials,6435,270,18,126.29,1157.87
06-09-2024,Campaign 2,Instagram,Video,Gen X,372,15,1,14.37,72.99
06-09-2024,Campaign 2,Instagram,Image,Gen Z,4411,56,1,99.14,74.83
06-09-2024,Campaign 2,Instagram,Image,Millennials,2349,12,0,59.79,0
06-09-2024,Campaign 2,Instagram,Image,Gen X,512,7,0,7.41,0
06-09-2024,Campaign 2,Instagram,Carousel,Gen Z,9614,222,15,320.64,1336.46
06-09-2024,Campaign 2,Instagram,Carousel,Millennials,7053,104,5,130.16,485.14
06-09-2024,Campaign 2,Instagram,Carousel,Gen X,475,8,0,9.78,0
06-09-2024,Campaign 2,TikTok,Video,Gen Z,10414,499,56,290.56,4627.99
06-09-2024,Campaign 2,TikTok,Video,Millennials,1421,66,5,25.7,258.59
06-09-2024,Campaign 2,TikTok,Video,Gen X,779,34,2,17.19,114.53
06-09-2024,Campaign 2,TikTok,Image,Gen Z,5009,83,1,122.67,57.58
06-09-2024,Campaign 2,TikTok,Image,Millennials,620,10,0,10.3,0
06-09-2024,Campaign 2,TikTok,Image,Gen X,143,2,0,5.42,0
06-09-2024,Campaign 2,TikTok,Carousel,Gen Z,9570,146,3,165.38,200.12
06-09-2024,Campaign 2,TikTok,Carousel,Millennials,1577,29,1,37.11,95.59
06-09-2024,Campaign 2,TikTok,Carousel,Gen X,367,10,0,11.87,0
06-09-2024,Campaign 2,Facebook,Video,Gen Z,2075,44,5,46.78,262.79
06-09-2024,Campaign 2,Facebook,Video,Millennials,11955,468,23,236.78,1554.85
06-09-2024,Campaign 2,Facebook,Video,Gen X,4886,134,18,76.9,1658.76
06-09-2024,Campaign 2,Facebook,Image,Gen Z,2495,31,0,73.72,0
06-09-2024,Campaign 2,Facebook,Image,Millennials,8841,61,1,160.66,92.77
06-09-2024,Campaign 2,Facebook,Image,Gen X,5284,68,3,140.66,258.27
06-09-2024,Campaign 2,Facebook,Carousel,Gen Z,2581,72,1,89.31,89
06-09-2024,Campaign 2,Facebook,Carousel,Millennials,4693,107,6,64.64,491.93
06-09-2024,Campaign 2,Facebook,Carousel,Gen X,3755,69,3,101.41,203.39
07-09-2024,Campaign 2,Instagram,Video,Gen Z,7061,198,18,125.49,1777.23
07-09-2024,Campaign 2,Instagram,Video,Millennials,5320,253,35,118.73,2194.65
07-09-2024,Campaign 2,Instagram,Video,Gen X,445,11,1,7.02,69.3
07-09-2024,Campaign 2,Instagram,Image,Gen Z,8649,80,1,333.11,65.12
07-09-2024,Campaign 2,Instagram,Image,Millennials,7513,63,2,171.83,196.16
07-09-2024,Campaign 2,Instagram,Image,Gen X,526,3,0,16.28,0
07-09-2024,Campaign 2,Instagram,Carousel,Gen Z,6694,178,7,189.12,481.27
07-09-2024,Campaign 2,Instagram,Carousel,Millennials,5362,138,7,169.46,394.13
07-09-2024,Campaign 2,Instagram,Carousel,Gen X,107,2,0,3.35,0
07-09-2024,Campaign 2,TikTok,Video,Gen Z,10199,380,24,275.69,1417.17
07-09-2024,Campaign 2,TikTok,Video,Millennials,1138,46,5,33.42,434.24
07-09-2024,Campaign 2,TikTok,Video,Gen X,526,15,1,15.17,53.2
07-09-2024,Campaign 2,TikTok,Image,Gen Z,5785,73,1,118.39,86.91
07-09-2024,Campaign 2,TikTok,Image,Millennials,1564,9,0,52.56,0
07-09-2024,Campaign 2,TikTok,Image,Gen X,127,1,0,2.79,0
07-09-2024,Campaign 2,TikTok,Carousel,Gen Z,13601,289,20,253.24,1861.63
07-09-2024,Campaign 2,TikTok,Carousel,Millennials,1543,27,1,39.56,54.73
07-09-2024,Campaign 2,TikTok,Carousel,Gen X,883,23,1,17.65,97.64
07-09-2024,Campaign 2,Facebook,Video,Gen Z,1270,55,4,38.96,237.39
07-09-2024,Campaign 2,Facebook,Video,Millennials,6839,277,14,139.73,1336.54
07-09-2024,Campaign 2,Facebook,Video,Gen X,4207,190,9,136.04,708.01
07-09-2024,Campaign 2,Facebook,Image,Gen Z,2227,37,0,80.84,0
07-09-2024,Campaign 2,Facebook,Image,Millennials,10731,102,4,275.59,307.42
07-09-2024,Campaign 2,Facebook,Image,Gen X,5712,91,1,210.2,99.15
07-09-2024,Campaign 2,Facebook,Carousel,Gen Z,1886,51,3,65.67,255.73
07-09-2024,Campaign 2,Facebook,Carousel,Millennials,5403,83,4,72.25,210.32
07-09-2024,Campaign 2,Facebook,Carousel,Gen X,5557,105,7,197.79,640.01
08-09-2024,Campaign 2,Instagram,Video,Gen Z,5367,249,19,184.48,1579.38
08-09-2024,Campaign 2,Instagram,Video,Millennials,7364,156,18,263.8,1669.65
08-09-2024,Campaign 2,Instagram,Video,Gen X,493,24,2,11.1,109.7
08-09-2024,Campaign 2,Instagram,Image,Gen Z,7241,89,2,236.88,172.62
08-09-2024,Campaign 2,Instagram,Image,Millennials,2299,43,1,44.07,72.28
08-09-2024,Campaign 2,Instagram,Image,Gen X,605,9,0,11.17,0
08-09-2024,Campaign 2,Instagram,Carousel,Gen Z,7414,130,2,210.98,182.16
08-09-2024,Campaign 2,Instagram,Carousel,Millennials,2218,29,1,70.81,73.97
08-09-2024,Campaign 2,Instagram,Carousel,Gen X,156,4,0,3.17,0
08-09-2024,Campaign 2,TikTok,Video,Gen Z,6912,257,34,135.81,2407.26
08-09-2024,Campaign 2,TikTok,Video,Millennials,1109,22,1,33.67,86.26
08-09-2024,Campaign 2,TikTok,Video,Gen X,676,14,1,15.87,65.99
08-09-2024,Campaign 2,TikTok,Image,Gen Z,7680,112,2,167.75,176.3
08-09-2024,Campaign 2,TikTok,Image,Millennials,1143,9,0,18.94,0
08-09-2024,Campaign 2,TikTok,Image,Gen X,794,7,0,13.42,0
08-09-2024,Campaign 2,TikTok,Carousel,Gen Z,7749,99,7,169.15,365.67
08-09-2024,Campaign 2,TikTok,Carousel,Millennials,730,17,0,11.74,0
08-09-2024,Campaign 2,TikTok,Carousel,Gen X,379,8,0,14.5,0
08-09-2024,Campaign 2,Facebook,Video,Gen Z,1617,34,4,54.63,338.7
08-09-2024,Campaign 2,Facebook,Video,Millennials,9798,268,17,296.83,1207.71
08-09-2024,Campaign 2,Facebook,Video,Gen X,3459,168,12,50.86,799.66
08-09-2024,Campaign 2,Facebook,Image,Gen Z,1849,11,0,55.63,0
08-09-2024,Campaign 2,Facebook,Image,Millennials,11228,103,1,322.89,60.59
08-09-2024,Campaign 2,Facebook,Image,Gen X,5991,52,0,162.03,0
08-09-2024,Campaign 2,Facebook,Carousel,Gen Z,2800,47,2,89.26,116.84
08-09-2024,Campaign 2,Facebook,Carousel,Millennials,11323,303,21,437.13,1409.86
08-09-2024,Campaign 2,Facebook,Carousel,Gen X,5549,70,3,179.99,190.85
09-09-2024,Campaign 2,Instagram,Video,Gen Z,6128,160,21,145.64,1277.19
09-09-2024,Campaign 2,Instagram,Video,Millennials,6422,138,12,87.27,1142.49
09-09-2024,Campaign 2,Instagram,Video,Gen X,981,23,1,15.22,69.15
09-09-2024,Campaign 2,Instagram,Image,Gen Z,4574,30,1,131.65,89.82
09-09-2024,Campaign 2,Instagram,Image,Millennials,3848,42,0,93.18,0
09-09-2024,Campaign 2,Instagram,Image,Gen X,930,11,0,14.27,0
09-09-2024,Campaign 2,Instagram,Carousel,Gen Z,8994,259,16,264.6,1396.33
09-09-2024,Campaign 2,Instagram,Carousel,Millennials,4783,67,1,73.96,92.06
09-09-2024,Campaign 2,Instagram,Carousel,Gen X,591,7,0,16.44,0
09-09-2024,Campaign 2,TikTok,Video,Gen Z,7125,334,48,168.66,3390.31
09-09-2024,Campaign 2,TikTok,Video,Millennials,1927,69,4,63.99,261.57
09-09-2024,Campaign 2,TikTok,Video,Gen X,708,19,1,20.64,96.31
09-09-2024,Campaign 2,TikTok,Image,Gen Z,6408,40,1,114.18,65.83
09-09-2024,Campaign 2,TikTok,Image,Millennials,1006,10,0,32.1,0
09-09-2024,Campaign 2,TikTok,Image,Gen X,448,7,0,13.81,0
09-09-2024,Campaign 2,TikTok,Carousel,Gen Z,9690,155,9,182.2,860.41
09-09-2024,Campaign 2,TikTok,Carousel,Millennials,1672,20,1,32.95,67.47
09-09-2024,Campaign 2,TikTok,Carousel,Gen X,127,3,0,2.01,0
09-09-2024,Campaign 2,Facebook,Video,Gen Z,2461,96,7,67.14,372.47
09-09-2024,Campaign 2,Facebook,Video,Millennials,8277,291,40,115.84,2424.64
09-09-2024,Campaign 2,Facebook,Video,Gen X,4730,177,24,111.17,2374.69
09-09-2024,Campaign 2,Facebook,Image,Gen Z,2399,26,1,92.17,80.12
09-09-2024,Campaign 2,Facebook,Image,Millennials,6326,103,4,130.54,340.73
09-09-2024,Campaign 2,Facebook,Image,Gen X,5357,103,3,180.17,213.41
09-09-2024,Campaign 2,Facebook,Carousel,Gen Z,2849,50,3,81.98,226.83
09-09-2024,Campaign 2,Facebook,Carousel,Millennials,7599,221,11,262.02,851.65
09-09-2024,Campaign 2,Facebook,Carousel,Gen X,4341,82,5,167.37,315.62
10-09-2024,Campaign 2,Instagram,Video,Gen Z,3768,101,9,84.84,854.46
10-09-2024,Campaign 2,Instagram,Video,Millennials,2464,54,7,67.09,507.29
10-09-2024,Campaign 2,Instagram,Video,Gen X,654,13,1,17.31,93.8
10-09-2024,Campaign 2,Instagram,Image,Gen Z,9716,131,1,156.25,50.57
10-09-2024,Campaign 2,Instagram,Image,Millennials,3960,35,1,82.6,68.18
10-09-2024,Campaign 2,Instagram,Image,Gen X,190,2,0,2.5,0
10-09-2024,Campaign 2,Instagram,Carousel,Gen Z,4945,88,2,137.77,171.03
10-09-2024,Campaign 2,Instagram,Carousel,Millennials,2636,53,2,87.86,190.4
10-09-2024,Campaign 2,Instagram,Carousel,Gen X,947,18,0,14.5,0
10-09-2024,Campaign 2,TikTok,Video,Gen Z,12500,528,27,458.08,1824.53
10-09-2024,Campaign 2,TikTok,Video,Millennials,1561,50,6,37.93,527.4
10-09-2024,Campaign 2,TikTok,Video,Gen X,605,17,1,14.37,51.79
10-09-2024,Campaign 2,TikTok,Image,Gen Z,10697,199,5,225.87,400.42
10-09-2024,Campaign 2,TikTok,Image,Millennials,609,5,0,18.99,0
10-09-2024,Campaign 2,TikTok,Image,Gen X,865,13,0,20.98,0
10-09-2024,Campaign 2,TikTok,Carousel,Gen Z,6335,183,11,200.19,875.52
10-09-2024,Campaign 2,TikTok,Carousel,Millennials,583,11,0,13.16,0
10-09-2024,Campaign 2,TikTok,Carousel,Gen X,316,4,0,8.23,0
10-09-2024,Campaign 2,Facebook,Video,Gen Z,2548,126,18,50.76,1248.28
10-09-2024,Campaign 2,Facebook,Video,Millennials,8220,226,16,309.21,1089.62
10-09-2024,Campaign 2,Facebook,Video,Gen X,4227,132,12,147.29,1188.01
10-09-2024,Campaign 2,Facebook,Image,Gen Z,1920,34,0,52.87,0
10-09-2024,Campaign 2,Facebook,Image,Millennials,11506,156,3,280.31,203.52
10-09-2024,Campaign 2,Facebook,Image,Gen X,3829,25,0,106.7,0
10-09-2024,Campaign 2,Facebook,Carousel,Gen Z,2599,59,3,96.82,279.09
10-09-2024,Campaign 2,Facebook,Carousel,Millennials,8485,235,12,177.97,698.01
10-09-2024,Campaign 2,Facebook,Carousel,Gen X,4524,108,5,128.63,382.07
11-09-2024,Campaign 2,Instagram,Video,Gen Z,8301,174,18,276.18,1120.85
11-09-2024,Campaign 2,Instagram,Video,Millennials,6174,127,6,84.48,594.14
11-09-2024,Campaign 2,Instagram,Video,Gen X,848,26,2,18.11,187.69
11-09-2024,Campaign 2,Instagram,Image,Gen Z,9743,59,2,180.11,197.02
11-09-2024,Campaign 2,Instagram,Image,Millennials,7968,117,2,211.93,165.26
11-09-2024,Campaign 2,Instagram,Image,Gen X,577,2,0,22.14,0
11-09-2024,Campaign 2,Instagram,Carousel,Gen Z,6990,171,7,117.38,692.35
11-09-2024,Campaign 2,Instagram,Carousel,Millennials,5055,116,8,104.3,742.09
11-09-2024,Campaign 2,Instagram,Carousel,Gen X,306,3,0,4.67,0
11-09-2024,Campaign 2,TikTok,Video,Gen Z,6342,257,33,195.57,2249.76
11-09-2024,Campaign 2,TikTok,Video,Millennials,899,34,3,29.98,292.23
11-09-2024,Campaign 2,TikTok,Video,Gen X,357,13,1,10.63,90.04
11-09-2024,Campaign 2,TikTok,Image,Gen Z,11612,188,7,438.91,652.29
11-09-2024,Campaign 2,TikTok,Image,Millennials,1194,8,0,41.26,0
11-09-2024,Campaign 2,TikTok,Image,Gen X,785,7,0,16.44,0
11-09-2024,Campaign 2,TikTok,Carousel,Gen Z,11804,284,15,423.27,832.57
11-09-2024,Campaign 2,TikTok,Carousel,Millennials,1934,33,1,42.84,51.02
11-09-2024,Campaign 2,TikTok,Carousel,Gen X,756,14,0,21.13,0
11-09-2024,Campaign 2,Facebook,Video,Gen Z,1822,77,5,67.81,398.2
11-09-2024,Campaign 2,Facebook,Video,Millennials,11102,437,62,250.38,3616.3
11-09-2024,Campaign 2,Facebook,Video,Gen X,3819,167,21,118.05,1980.36
11-09-2024,Campaign 2,Facebook,Image,Gen Z,2380,14,0,89.02,0
11-09-2024,Campaign 2,Facebook,Image,Millennials,7881,127,3,128.14,251.92
11-09-2024,Campaign 2,Facebook,Image,Gen X,4963,48,1,181.56,50.66
11-09-2024,Campaign 2,Facebook,Carousel,Gen Z,2033,26,0,64.25,0
11-09-2024,Campaign 2,Facebook,Carousel,Millennials,7811,215,5,206.02,431.37
11-09-2024,Campaign 2,Facebook,Carousel,Gen X,4199,54,3,144.27,262.16
12-09-2024,Campaign 2,Instagram,Video,Gen Z,7507,227,14,179.39,825.05
12-09-2024,Campaign 2,Instagram,Video,Millennials,5981,257,35,114.26,3141.06
12-09-2024,Campaign 2,Instagram,Video,Gen X,291,10,1,4.83,93.11
12-09-2024,Campaign 2,Instagram,Image,Gen Z,7668,81,2,160.17,151.47
12-09-2024,Campaign 2,Instagram,Image,Millennials,3934,76,3,145.25,233.61
12-09-2024,Campaign 2,Instagram,Image,Gen X,717,11,0,9.39,0
12-09-2024,Campaign 2,Instagram,Carousel,Gen Z,3072,33,1,62.37,99.34
12-09-2024,Campaign 2,Instagram,Carousel,Millennials,3031,54,2,89.46,110.12
12-09-2024,Campaign 2,Instagram,Carousel,Gen X,225,4,0,6.79,0
12-09-2024,Campaign 2,TikTok,Video,Gen Z,8092,202,11,146.65,606.46
12-09-2024,Campaign 2,TikTok,Video,Millennials,1566,71,8,27.61,544.82
12-09-2024,Campaign 2,TikTok,Video,Gen X,517,15,1,18.6,50.95
12-09-2024,Campaign 2,TikTok,Image,Gen Z,9403,82,2,223.26,130.47
12-09-2024,Campaign 2,TikTok,Image,Millennials,790,14,0,12.64,0
12-09-2024,Campaign 2,TikTok,Image,Gen X,193,3,0,6.89,0
12-09-2024,Campaign 2,TikTok,Carousel,Gen Z,8852,257,9,310.06,798.1
12-09-2024,Campaign 2,TikTok,Carousel,Millennials,1470,26,0,37.31,0
12-09-2024,Campaign 2,TikTok,Carousel,Gen X,630,12,0,20.57,0
12-09-2024,Campaign 2,Facebook,Video,Gen Z,2462,109,10,89.95,884.5
12-09-2024,Campaign 2,Facebook,Video,Millennials,5974,194,12,207.85,1181.77
12-09-2024,Campaign 2,Facebook,Video,Gen X,3962,163,15,104.61,1360.31
12-09-2024,Campaign 2,Facebook,Image,Gen Z,1109,9,0,25.91,0
12-09-2024,Campaign 2,Facebook,Image,Millennials,7682,98,3,200.58,188.71
12-09-2024,Campaign 2,Facebook,Image,Gen X,2152,34,0,61.65,0
12-09-2024,Campaign 2,Facebook,Carousel,Gen Z,2370,53,1,45.65,89.37
12-09-2024,Campaign 2,Facebook,Carousel,Millennials,6644,90,6,201.45,328.6
12-09-2024,Campaign 2,Facebook,Carousel,Gen X,4064,119,9,157.23,850.74
13-09-2024,Campaign 2,Instagram,Video,Gen Z,5016,199,13,135.09,1272.57
13-09-2024,Campaign 2,Instagram,Video,Millennials,5091,208,26,152.32,1774.72
13-09-2024,Campaign 2,Instagram,Video,Gen X,751,27,2,13.13,117.77
13-09-2024,Campaign 2,Instagram,Image,Gen Z,8316,157,4,129.15,265.17
13-09-2024,Campaign 2,Instagram,Image,Millennials,6008,73,2,140.66,136.5
13-09-2024,Campaign 2,Instagram,Image,Gen X,680,5,0,19.82,0
13-09-2024,Campaign 2,Instagram,Carousel,Gen Z,8407,181,6,271.9,330.64
13-09-2024,Campaign 2,Instagram,Carousel,Millennials,7081,159,11,92.35,1039.81
13-09-2024,Campaign 2,Instagram,Carousel,Gen X,748,15,0,15.84,0
13-09-2024,Campaign 2,TikTok,Video,Gen Z,14494,604,77,374.45,6865.37
13-09-2024,Campaign 2,TikTok,Video,Millennials,1666,59,7,28.72,445.77
13-09-2024,Campaign 2,TikTok,Video,Gen X,860,29,2,20.49,101.74
13-09-2024,Campaign 2,TikTok,Image,Gen Z,13362,243,9,280.91,627.86
13-09-2024,Campaign 2,TikTok,Image,Millennials,1438,28,0,21.42,0
13-09-2024,Campaign 2,TikTok,Image,Gen X,543,4,0,8.1,0
13-09-2024,Campaign 2,TikTok,Carousel,Gen Z,8796,89,2,302.63,123.98
13-09-2024,Campaign 2,TikTok,Carousel,Millennials,1181,19,0,15.56,0
13-09-2024,Campaign 2,TikTok,Carousel,Gen X,135,2,0,3.3,0
13-09-2024,Campaign 2,Facebook,Video,Gen Z,1056,29,2,19.9,113.48
13-09-2024,Campaign 2,Facebook,Video,Millennials,8715,384,37,297.06,3375.5
13-09-2024,Campaign 2,Facebook,Video,Gen X,3993,172,8,100.79,563.08
13-09-2024,Campaign 2,Facebook,Image,Gen Z,2726,42,0,37.13,0
13-09-2024,Campaign 2,Facebook,Image,Millennials,6225,82,1,153.64,73.06
13-09-2024,Campaign 2,Facebook,Image,Gen X,2227,21,0,56.36,0
13-09-2024,Campaign 2,Facebook,Carousel,Gen Z,2430,52,1,41.88,84.24
13-09-2024,Campaign 2,Facebook,Carousel,Millennials,6607,151,4,123.32,380.14
13-09-2024,Campaign 2,Facebook,Carousel,Gen X,4484,104,6,146.18,378.94
14-09-2024,Campaign 2,Instagram,Video,Gen Z,5462,139,20,135.47,1417.24
14-09-2024,Campaign 2,Instagram,Video,Millennials,4215,165,18,77.28,1636.39
14-09-2024,Campaign 2,Instagram,Video,Gen X,243,8,0,4.03,0
14-09-2024,Campaign 2,Instagram,Image,Gen Z,9958,113,4,377.65,295.53
14-09-2024,Campaign 2,Instagram,Image,Millennials,2269,34,0,61.29,0
14-09-2024,Campaign 2,Instagram,Image,Gen X,871,11,0,26.17,0
14-09-2024,Campaign 2,Instagram,Carousel,Gen Z,6043,86,4,230.25,363.98
14-09-2024,Campaign 2,Instagram,Carousel,Millennials,6199,168,9,198.98,611.53
14-09-2024,Campaign 2,Instagram,Carousel,Gen X,102,1,0,1.78,0
14-09-2024,Campaign 2,TikTok,Video,Gen Z,8544,302,39,113.05,3549.93
14-09-2024,Campaign 2,TikTok,Video,Millennials,1547,36,3,52.38,197.27
14-09-2024,Campaign 2,TikTok,Video,Gen X,361,9,0,10.71,0
14-09-2024,Campaign 2,TikTok,Image,Gen Z,8408,151,6,272,439.82
14-09-2024,Campaign 2,TikTok,Image,Millennials,1413,17,0,50.32,0
14-09-2024,Campaign 2,TikTok,Image,Gen X,851,9,0,13.19,0
14-09-2024,Campaign 2,TikTok,Carousel,Gen Z,9961,229,6,249.89,328.31
14-09-2024,Campaign 2,TikTok,Carousel,Millennials,773,22,1,18.86,84.43
14-09-2024,Campaign 2,TikTok,Carousel,Gen X,566,13,0,17.08,0
14-09-2024,Campaign 2,Facebook,Video,Gen Z,1562,69,4,35.22,262.52
14-09-2024,Campaign 2,Facebook,Video,Millennials,8339,324,27,199.85,2103.43
14-09-2024,Campaign 2,Facebook,Video,Gen X,3785,115,12,83.3,923.01
14-09-2024,Campaign 2,Facebook,Image,Gen Z,2080,21,0,58.21,0
14-09-2024,Campaign 2,Facebook,Image,Millennials,11505,154,5,431.34,478.23
14-09-2024,Campaign 2,Facebook,Image,Gen X,3975,21,0,54.71,0
14-09-2024,Campaign 2,Facebook,Carousel,Gen Z,2717,43,3,66.81,299.76
14-09-2024,Campaign 2,Facebook,Carousel,Millennials,8527,227,16,196.4,1475.27
14-09-2024,Campaign 2,Facebook,Carousel,Gen X,4843,53,3,69.05,187.91
15-09-2024,Campaign 2,Instagram,Video,Gen Z,5756,256,25,209.14,1360.88
15-09-2024,Campaign 2,Instagram,Video,Millennials,6735,218,28,138.23,1772.11
15-09-2024,Campaign 2,Instagram,Video,Gen X,669,23,2,21.93,151.79
15-09-2024,Campaign 2,Instagram,Image,Gen Z,9947,150,3,358.37,211.63
15-09-2024,Campaign 2,Instagram,Image,Millennials,5206,56,2,169.59,185.02
15-09-2024,Campaign 2,Instagram,Image,Gen X,103,1,0,2.01,0
15-09-2024,Campaign 2,Instagram,Carousel,Gen Z,5582,146,8,155.81,699.8
15-09-2024,Campaign 2,Instagram,Carousel,Millennials,5275,73,3,158.7,175.68
15-09-2024,Campaign 2,Instagram,Carousel,Gen X,471,5,0,13.11,0
15-09-2024,Campaign 2,TikTok,Video,Gen Z,11715,329,16,248.93,807.76
15-09-2024,Campaign 2,TikTok,Video,Millennials,1308,37,3,30.37,284.61
15-09-2024,Campaign 2,TikTok,Video,Gen X,147,5,0,5.65,0
15-09-2024,Campaign 2,TikTok,Image,Gen Z,11172,124,2,318.17,173.94
15-09-2024,Campaign 2,TikTok,Image,Millennials,566,7,0,19.15,0
15-09-2024,Campaign 2,TikTok,Image,Gen X,929,14,0,24.72,0
15-09-2024,Campaign 2,TikTok,Carousel,Gen Z,6393,126,3,177.66,246.86
15-09-2024,Campaign 2,TikTok,Carousel,Millennials,520,5,0,8.23,0
15-09-2024,Campaign 2,TikTok,Carousel,Gen X,731,13,0,25.39,0
15-09-2024,Campaign 2,Facebook,Video,Gen Z,1374,54,3,50.32,270.07
15-09-2024,Campaign 2,Facebook,Video,Millennials,9349,303,16,182.13,960.94
15-09-2024,Campaign 2,Facebook,Video,Gen X,4843,112,10,115.96,734.36
15-09-2024,Campaign 2,Facebook,Image,Gen Z,2741,47,1,71.25,60.95
15-09-2024,Campaign 2,Facebook,Image,Millennials,10071,61,1,187.03,68.06
15-09-2024,Campaign 2,Facebook,Image,Gen X,5307,35,1,132.51,84.17
15-09-2024,Campaign 2,Facebook,Carousel,Gen Z,2408,40,2,81.41,127.91
15-09-2024,Campaign 2,Facebook,Carousel,Millennials,9914,178,13,345.21,1030.31
15-09-2024,Campaign 2,Facebook,Carousel,Gen X,4623,66,4,82.81,339.65
16-09-2024,Campaign 2,Instagram,Video,Gen Z,5670,146,12,77.05,676.04
16-09-2024,Campaign 2,Instagram,Video,Millennials,6594,175,17,195.65,1239.27
16-09-2024,Campaign 2,Instagram,Video,Gen X,921,25,1,16.88,89.57
16-09-2024,Campaign 2,Instagram,Image,Gen Z,3859,33,1,83.4,90.81
16-09-2024,Campaign 2,Instagram,Image,Millennials,6678,95,2,172.5,152.82
16-09-2024,Campaign 2,Instagram,Image,Gen X,850,9,0,22.29,0
16-09-2024,Campaign 2,Instagram,Carousel,Gen Z,6220,147,2,133.02,121.8
16-09-2024,Campaign 2,Instagram,Carousel,Millennials,5443,127,5,135.27,480.39
16-09-2024,Campaign 2,Instagram,Carousel,Gen X,747,14,0,17.88,0
16-09-2024,Campaign 2,TikTok,Video,Gen Z,8460,320,29,194.44,2639.55
16-09-2024,Campaign 2,TikTok,Video,Millennials,1152,36,3,40.02,165.31
16-09-2024,Campaign 2,TikTok,Video,Gen X,662,30,2,12.33,184.62
16-09-2024,Campaign 2,TikTok,Image,Gen Z,14764,260,12,568.8,875.47
16-09-2024,Campaign 2,TikTok,Image,Millennials,1865,30,0,45.98,0
16-09-2024,Campaign 2,TikTok,Image,Gen X,471,7,0,18.22,0
16-09-2024,Campaign 2,TikTok,Carousel,Gen Z,11445,306,18,151.94,1108.45
16-09-2024,Campaign 2,TikTok,Carousel,Millennials,1645,27,0,35.79,0
16-09-2024,Campaign 2,TikTok,Carousel,Gen X,460,7,0,10.32,0
16-09-2024,Campaign 2,Facebook,Video,Gen Z,2539,97,14,52.28,993.27
16-09-2024,Campaign 2,Facebook,Video,Millennials,6966,266,32,208.58,2360.3
16-09-2024,Campaign 2,Facebook,Video,Gen X,4604,92,5,143.03,420.62
16-09-2024,Campaign 2,Facebook,Image,Gen Z,2310,35,0,48.62,0
16-09-2024,Campaign 2,Facebook,Image,Millennials,10470,193,3,322.86,294.45
16-09-2024,Campaign 2,Facebook,Image,Gen X,5329,85,1,116.56,81.93
16-09-2024,Campaign 2,Facebook,Carousel,Gen Z,1840,22,1,61.83,99.88
16-09-2024,Campaign 2,Facebook,Carousel,Millennials,10510,141,9,301.63,722.12
16-09-2024,Campaign 2,Facebook,Carousel,Gen X,3930,67,1,113.67,66.97
17-09-2024,Campaign 2,Instagram,Video,Gen Z,8793,232,12,262.79,929.43
17-09-2024,Campaign 2,Instagram,Video,Millennials,5130,134,15,131.94,802.57
17-09-2024,Campaign 2,Instagram,Video,Gen X,978,39,1,18.99,50.52
17-09-2024,Campaign 2,Instagram,Image,Gen Z,3120,37,1,99.32,75.9
17-09-2024,Campaign 2,Instagram,Image,Millennials,5264,48,1,163.39,95.03
17-09-2024,Campaign 2,Instagram,Image,Gen X,208,2,0,3.87,0
17-09-2024,Campaign 2,Instagram,Carousel,Gen Z,8318,224,16,146,1051.24
17-09-2024,Campaign 2,Instagram,Carousel,Millennials,5884,139,10,134.39,856.26
17-09-2024,Campaign 2,Instagram,Carousel,Gen X,337,9,0,12.21,0
17-09-2024,Campaign 2,TikTok,Video,Gen Z,6631,183,11,89.7,758.35
17-09-2024,Campaign 2,TikTok,Video,Millennials,505,21,1,17.65,58.88
17-09-2024,Campaign 2,TikTok,Video,Gen X,557,26,1,19.2,56.56
17-09-2024,Campaign 2,TikTok,Image,Gen Z,7195,96,2,100.59,129.49
17-09-2024,Campaign 2,TikTok,Image,Millennials,1141,20,0,39.76,0
17-09-2024,Campaign 2,TikTok,Image,Gen X,653,6,0,8.83,0
17-09-2024,Campaign 2,TikTok,Carousel,Gen Z,12338,207,12,311.3,648.89
17-09-2024,Campaign 2,TikTok,Carousel,Millennials,1806,24,1,65.28,52.36
17-09-2024,Campaign 2,TikTok,Carousel,Gen X,786,10,0,22.14,0
17-09-2024,Campaign 2,Facebook,Video,Gen Z,1738,71,7,37.98,624.84
17-09-2024,Campaign 2,Facebook,Video,Millennials,7196,161,12,136.09,743.38
17-09-2024,Campaign 2,Facebook,Video,Gen X,4053,129,17,120.35,1342.48
17-09-2024,Campaign 2,Facebook,Image,Gen Z,1369,19,0,39.84,0
17-09-2024,Campaign 2,Facebook,Image,Millennials,4792,56,1,137.9,69.61
17-09-2024,Campaign 2,Facebook,Image,Gen X,2570,39,0,78.96,0
17-09-2024,Campaign 2,Facebook,Carousel,Gen Z,1983,46,1,68.38,86.64
17-09-2024,Campaign 2,Facebook,Carousel,Millennials,4241,47,2,104.43,182.21
17-09-2024,Campaign 2,Facebook,Carousel,Gen X,3878,106,6,105.31,546.15
18-09-2024,Campaign 2,Instagram,Video,Gen Z,9983,400,30,339.28,2475.45
18-09-2024,Campaign 2,Instagram,Video,Millennials,2948,68,7,112.89,560.3
18-09-2024,Campaign 2,Instagram,Video,Gen X,777,23,1,23.84,62.64
18-09-2024,Campaign 2,Instagram,Image,Gen Z,7353,82,3,278.87,169.38
18-09-2024,Campaign 2,Instagram,Image,Millennials,2827,30,1,52.02,68.77
18-09-2024,Campaign 2,Instagram,Image,Gen X,796,7,0,30.66,0
18-09-2024,Campaign 2,Instagram,Carousel,Gen Z,5524,131,7,112.25,458.9
18-09-2024,Campaign 2,Instagram,Carousel,Millennials,6167,90,4,187.96,225.98
18-09-2024,Campaign 2,Instagram,Carousel,Gen X,693,10,0,26.32,0
18-09-2024,Campaign 2,TikTok,Video,Gen Z,11200,434,61,216.5,4153.82
18-09-2024,Campaign 2,TikTok,Video,Millennials,1754,83,6,34.66,366.25
18-09-2024,Campaign 2,TikTok,Video,Gen X,911,29,1,34.04,66.9
18-09-2024,Campaign 2,TikTok,Image,Gen Z,7967,59,2,162.7,101.98
18-09-2024,Campaign 2,TikTok,Image,Millennials,1130,18,0,36.8,0
18-09-2024,Campaign 2,TikTok,Image,Gen X,526,5,0,16.72,0
18-09-2024,Campaign 2,TikTok,Carousel,Gen Z,5356,100,6,126.47,335.39
18-09-2024,Campaign 2,TikTok,Carousel,Millennials,1083,16,1,27.09,66.15
18-09-2024,Campaign 2,TikTok,Carousel,Gen X,997,24,1,13.06,96.12
18-09-2024,Campaign 2,Facebook,Video,Gen Z,2320,86,11,31.33,920.12
18-09-2024,Campaign 2,Facebook,Video,Millennials,11896,418,23,226.77,2044.18
18-09-2024,Campaign 2,Facebook,Video,Gen X,4739,155,11,166.75,657.48
18-09-2024,Campaign 2,Facebook,Image,Gen Z,2675,24,0,80.48,0
18-09-2024,Campaign 2,Facebook,Image,Millennials,9017,120,3,199.31,249.42
18-09-2024,Campaign 2,Facebook,Image,Gen X,3994,38,0,129.82,0
18-09-2024,Campaign 2,Facebook,Carousel,Gen Z,2562,49,3,38.94,158.62
18-09-2024,Campaign 2,Facebook,Carousel,Millennials,4629,112,6,137.51,537.87
18-09-2024,Campaign 2,Facebook,Carousel,Gen X,2890,45,3,68.67,251.91
19-09-2024,Campaign 2,Instagram,Video,Gen Z,9973,427,31,350.68,2462.96
19-09-2024,Campaign 2,Instagram,Video,Millennials,2631,54,4,77.44,217.95
19-09-2024,Campaign 2,Instagram,Video,Gen X,116,2,0,4.23,0
19-09-2024,Campaign 2,Instagram,Image,Gen Z,3791,21,1,139.7,84.12
19-09-2024,Campaign 2,Instagram,Image,Millennials,7074,106,2,102.73,178.8
19-09-2024,Campaign 2,Instagram,Image,Gen X,194,2,0,4.52,0
19-09-2024,Campaign 2,Instagram,Carousel,Gen Z,4572,121,4,98.93,202.36
19-09-2024,Campaign 2,Instagram,Carousel,Millennials,5683,166,12,141.15,829.78
19-09-2024,Campaign 2,Instagram,Carousel,Gen X,533,8,0,19.95,0
19-09-2024,Campaign 2,TikTok,Video,Gen Z,10062,233,18,195.57,964.81
19-09-2024,Campaign 2,TikTok,Video,Millennials,1149,52,6,25.96,305.64
19-09-2024,Campaign 2,TikTok,Video,Gen X,194,6,0,4.93,0
19-09-2024,Campaign 2,TikTok,Image,Gen Z,14867,246,6,253.35,540.01
19-09-2024,Campaign 2,TikTok,Image,Millennials,917,15,0,33.49,0
19-09-2024,Campaign 2,TikTok,Image,Gen X,381,2,0,13.44,0
19-09-2024,Campaign 2,TikTok,Carousel,Gen Z,5755,113,6,196.35,509.9
19-09-2024,Campaign 2,TikTok,Carousel,Millennials,502,9,0,8.36,0
19-09-2024,Campaign 2,TikTok,Carousel,Gen X,123,2,0,2.76,0
19-09-2024,Campaign 2,Facebook,Video,Gen Z,2642,94,9,37,879.35
19-09-2024,Campaign 2,Facebook,Video,Millennials,8623,375,50,259.95,2895.49
19-09-2024,Campaign 2,Facebook,Video,Gen X,5155,123,10,132.27,516.44
19-09-2024,Campaign 2,Facebook,Image,Gen Z,1864,35,1,26.14,88.52
19-09-2024,Campaign 2,Facebook,Image,Millennials,10284,119,3,300.08,249.68
19-09-2024,Campaign 2,Facebook,Image,Gen X,5127,69,1,69.1,78.56
19-09-2024,Campaign 2,Facebook,Carousel,Gen Z,1905,42,1,62.01,93.3
19-09-2024,Campaign 2,Facebook,Carousel,Millennials,4782,48,2,144.99,152.15
19-09-2024,Campaign 2,Facebook,Carousel,Gen X,4238,91,3,94.24,286.55
20-09-2024,Campaign 2,Instagram,Video,Gen Z,6793,228,22,171.29,1758.29
20-09-2024,Campaign 2,Instagram,Video,Millennials,3841,179,25,84.72,1989.99
20-09-2024,Campaign 2,Instagram,Video,Gen X,385,8,0,8.13,0
20-09-2024,Campaign 2,Instagram,Image,Gen Z,7288,100,3,107.01,282.36
20-09-2024,Campaign 2,Instagram,Image,Millennials,6355,52,1,98.57,77.4
20-09-2024,Campaign 2,Instagram,Image,Gen X,190,1,0,7.25,0
20-09-2024,Campaign 2,Instagram,Carousel,Gen Z,6899,128,9,178.75,776.31
20-09-2024,Campaign 2,Instagram,Carousel,Millennials,5771,128,6,181.35,565.54
20-09-2024,Campaign 2,Instagram,Carousel,Gen X,602,9,0,20.64,0
20-09-2024,Campaign 2,TikTok,Video,Gen Z,6244,311,39,187.93,2714.2
20-09-2024,Campaign 2,TikTok,Video,Millennials,1270,47,4,27.89,337.54
20-09-2024,Campaign 2,TikTok,Video,Gen X,539,15,0,11.12,0
20-09-2024,Campaign 2,TikTok,Image,Gen Z,8669,169,6,235.7,388.81
20-09-2024,Campaign 2,TikTok,Image,Millennials,1777,12,0,34.94,0
20-09-2024,Campaign 2,TikTok,Image,Gen X,496,9,0,10.66,0
20-09-2024,Campaign 2,TikTok,Carousel,Gen Z,8329,228,4,256.31,214.37
20-09-2024,Campaign 2,TikTok,Carousel,Millennials,520,9,0,14.84,0
20-09-2024,Campaign 2,TikTok,Carousel,Gen X,580,16,0,12.23,0
20-09-2024,Campaign 2,Facebook,Video,Gen Z,1153,48,6,26.09,403.52
20-09-2024,Campaign 2,Facebook,Video,Millennials,7323,219,11,134.31,828.6
20-09-2024,Campaign 2,Facebook,Video,Gen X,5625,181,12,173.02,746.79
20-09-2024,Campaign 2,Facebook,Image,Gen Z,1958,38,1,41.16,63.17
20-09-2024,Campaign 2,Facebook,Image,Millennials,10786,133,1,279.38,62.63
20-09-2024,Campaign 2,Facebook,Image,Gen X,2463,35,1,75.27,60.09
20-09-2024,Campaign 2,Facebook,Carousel,Gen Z,2415,64,3,58.16,285.79
20-09-2024,Campaign 2,Facebook,Carousel,Millennials,10688,316,23,384.33,2057.14
20-09-2024,Campaign 2,Facebook,Carousel,Gen X,5295,99,4,184.66,203.59
21-09-2024,Campaign 2,Instagram,Video,Gen Z,6848,290,41,186.1,2967.67
21-09-2024,Campaign 2,Instagram,Video,Millennials,3702,89,9,85.1,789.36
21-09-2024,Campaign 2,Instagram,Video,Gen X,216,8,0,5.65,0
21-09-2024,Campaign 2,Instagram,Image,Gen Z,7595,132,3,153.15,266.23
21-09-2024,Campaign 2,Instagram,Image,Millennials,3246,61,2,121.62,158.28
21-09-2024,Campaign 2,Instagram,Image,Gen X,238,2,0,6.01,0
21-09-2024,Campaign 2,Instagram,Carousel,Gen Z,5976,95,4,89.15,239.6
21-09-2024,Campaign 2,Instagram,Carousel,Millennials,5193,134,4,113.46,212.98
21-09-2024,Campaign 2,Instagram,Carousel,Gen X,541,12,0,18.42,0
21-09-2024,Campaign 2,TikTok,Video,Gen Z,14660,295,17,548.08,1008.97
21-09-2024,Campaign 2,TikTok,Video,Millennials,638,15,1,11.66,90.18
21-09-2024,Campaign 2,TikTok,Video,Gen X,981,24,1,25.8,97.15
21-09-2024,Campaign 2,TikTok,Image,Gen Z,11755,185,4,304.83,367.94
21-09-2024,Campaign 2,TikTok,Image,Millennials,1040,9,0,36.95,0
21-09-2024,Campaign 2,TikTok,Image,Gen X,764,11,0,11.12,0
21-09-2024,Campaign 2,TikTok,Carousel,Gen Z,6407,108,5,112.22,386.64
21-09-2024,Campaign 2,TikTok,Carousel,Millennials,562,15,0,12.75,0
21-09-2024,Campaign 2,TikTok,Carousel,Gen X,457,11,0,17.68,0
21-09-2024,Campaign 2,Facebook,Video,Gen Z,1518,60,4,23.61,248.52
21-09-2024,Campaign 2,Facebook,Video,Millennials,9881,237,21,226.15,1419.27
21-09-2024,Campaign 2,Facebook,Video,Gen X,2357,84,9,40.75,518.12
21-09-2024,Campaign 2,Facebook,Image,Gen Z,1468,19,0,26.04,0
21-09-2024,Campaign 2,Facebook,Image,Millennials,10743,128,3,213.43,199.23
21-09-2024,Campaign 2,Facebook,Image,Gen X,3544,23,0,65.28,0
21-09-2024,Campaign 2,Facebook,Carousel,Gen Z,2228,47,1,81.75,91.02
21-09-2024,Campaign 2,Facebook,Carousel,Millennials,4916,82,3,181.33,261.38
21-09-2024,Campaign 2,Facebook,Carousel,Gen X,4563,85,1,77.44,71.7
22-09-2024,Campaign 2,Instagram,Video,Gen Z,3400,100,8,96.46,591.72
22-09-2024,Campaign 2,Instagram,Video,Millennials,3887,182,19,94.34,1104.15
22-09-2024,Campaign 2,Instagram,Video,Gen X,289,6,0,4.31,0
22-09-2024,Campaign 2,Instagram,Image,Gen Z,7733,52,0,148.87,0
22-09-2024,Campaign 2,Instagram,Image,Millennials,7239,55,1,158.41,50.95
22-09-2024,Campaign 2,Instagram,Image,Gen X,715,6,0,17.68,0
22-09-2024,Campaign 2,Instagram,Carousel,Gen Z,6329,95,6,135.24,340.81
22-09-2024,Campaign 2,Instagram,Carousel,Millennials,4291,104,7,120.74,655.14
22-09-2024,Campaign 2,Instagram,Carousel,Gen X,368,9,0,9.11,0
22-09-2024,Campaign 2,TikTok,Video,Gen Z,9231,435,64,188.24,6259.75
22-09-2024,Campaign 2,TikTok,Video,Millennials,1967,57,8,69.93,676.97
22-09-2024,Campaign 2,TikTok,Video,Gen X,870,38,5,16.39,394.8
22-09-2024,Campaign 2,TikTok,Image,Gen Z,10689,103,2,243.46,182.21
22-09-2024,Campaign 2,TikTok,Image,Millennials,1905,31,1,62.21,71.55
22-09-2024,Campaign 2,TikTok,Image,Gen X,730,6,0,19.74,0
22-09-2024,Campaign 2,TikTok,Carousel,Gen Z,9450,248,13,250.46,863.66
22-09-2024,Campaign 2,TikTok,Carousel,Millennials,1043,17,0,22.53,0
22-09-2024,Campaign 2,TikTok,Carousel,Gen X,532,11,0,12.85,0
22-09-2024,Campaign 2,Facebook,Video,Gen Z,2496,72,9,59.4,538.16
22-09-2024,Campaign 2,Facebook,Video,Millennials,10016,358,24,201.76,1829.03
22-09-2024,Campaign 2,Facebook,Video,Gen X,4250,144,9,137.95,849.44
22-09-2024,Campaign 2,Facebook,Image,Gen Z,1265,14,0,38.35,0
22-09-2024,Campaign 2,Facebook,Image,Millennials,4061,51,1,120.35,79.22
22-09-2024,Campaign 2,Facebook,Image,Gen X,5214,101,2,154,131.67
22-09-2024,Campaign 2,Facebook,Carousel,Gen Z,1525,22,1,37.08,70.46
22-09-2024,Campaign 2,Facebook,Carousel,Millennials,6685,148,6,192.32,377.8
22-09-2024,Campaign 2,Facebook,Carousel,Gen X,3926,90,6,99.3,519.65
23-09-2024,Campaign 2,Instagram,Video,Gen Z,5131,135,10,152.06,881.15
23-09-2024,Campaign 2,Instagram,Video,Millennials,6008,210,30,93.05,2070.79
23-09-2024,Campaign 2,Instagram,Video,Gen X,475,19,2,17.6,172.82
23-09-2024,Campaign 2,Instagram,Image,Gen Z,3071,41,0,56.95,0
23-09-2024,Campaign 2,Instagram,Image,Millennials,5707,88,3,197.89,233
23-09-2024,Campaign 2,Instagram,Image,Gen X,595,4,0,22.68,0
23-09-2024,Campaign 2,Instagram,Carousel,Gen Z,7896,104,4,203.49,355.17
23-09-2024,Campaign 2,Instagram,Carousel,Millennials,5145,114,3,132.2,250.41
23-09-2024,Campaign 2,Instagram,Carousel,Gen X,759,15,0,22.79,0
23-09-2024,Campaign 2,TikTok,Video,Gen Z,12738,504,68,376.98,6379.37
23-09-2024,Campaign 2,TikTok,Video,Millennials,1234,39,3,21.42,221.59
23-09-2024,Campaign 2,TikTok,Video,Gen X,138,3,0,3.79,0
23-09-2024,Campaign 2,TikTok,Image,Gen Z,5419,93,2,105.93,159.83
23-09-2024,Campaign 2,TikTok,Image,Millennials,1439,22,0,46.53,0
23-09-2024,Campaign 2,TikTok,Image,Gen X,353,5,0,13.55,0
23-09-2024,Campaign 2,TikTok,Carousel,Gen Z,6643,195,3,245.71,293.26
23-09-2024,Campaign 2,TikTok,Carousel,Millennials,1450,30,1,27.89,57.62
23-09-2024,Campaign 2,TikTok,Carousel,Gen X,149,4,0,5.37,0
23-09-2024,Campaign 2,Facebook,Video,Gen Z,2622,55,7,36.87,667.18
23-09-2024,Campaign 2,Facebook,Video,Millennials,5013,117,17,177.97,1183.67
23-09-2024,Campaign 2,Facebook,Video,Gen X,5312,149,9,150.39,490.15
23-09-2024,Campaign 2,Facebook,Image,Gen Z,1701,32,1,36.69,63.77
23-09-2024,Campaign 2,Facebook,Image,Millennials,6537,42,1,221.81,76.89
23-09-2024,Campaign 2,Facebook,Image,Gen X,4926,41,1,90.39,90.8
23-09-2024,Campaign 2,Facebook,Carousel,Gen Z,2113,37,1,78.37,70.27
23-09-2024,Campaign 2,Facebook,Carousel,Millennials,5080,106,5,92.15,397.84
23-09-2024,Campaign 2,Facebook,Carousel,Gen X,2176,51,2,61.62,100.08
24-09-2024,Campaign 2,Instagram,Video,Gen Z,5971,197,14,207.75,857.56
24-09-2024,Campaign 2,Instagram,Video,Millennials,7365,282,38,207.88,2957.32
24-09-2024,Campaign 2,Instagram,Video,Gen X,617,18,1,13.65,95.52
24-09-2024,Campaign 2,Instagram,Image,Gen Z,4583,78,3,157.77,240.66
24-09-2024,Campaign 2,Instagram,Image,Millennials,4032,34,0,149.59,0
24-09-2024,Campaign 2,Instagram,Image,Gen X,169,1,0,2.45,0
24-09-2024,Campaign 2,Instagram,Carousel,Gen Z,8514,218,6,269.78,304.76
24-09-2024,Campaign 2,Instagram,Carousel,Millennials,7431,154,3,217.81,173.3
24-09-2024,Campaign 2,Instagram,Carousel,Gen X,674,13,0,25.96,0
24-09-2024,Campaign 2,TikTok,Video,Gen Z,8481,273,17,276.31,1131.49
24-09-2024,Campaign 2,TikTok,Video,Millennials,1817,74,8,38.06,540.28
24-09-2024,Campaign 2,TikTok,Video,Gen X,507,19,2,15.02,108.57
24-09-2024,Campaign 2,TikTok,Image,Gen Z,13911,114,4,532.19,275.25
24-09-2024,Campaign 2,TikTok,Image,Millennials,1126,20,0,17.39,0
24-09-2024,Campaign 2,TikTok,Image,Gen X,353,5,0,12.9,0
24-09-2024,Campaign 2,TikTok,Carousel,Gen Z,14750,433,16,431.27,855.75
24-09-2024,Campaign 2,TikTok,Carousel,Millennials,1170,16,0,30.42,0
24-09-2024,Campaign 2,TikTok,Carousel,Gen X,913,16,1,27.58,89.96
24-09-2024,Campaign 2,Facebook,Video,Gen Z,1537,63,5,56.02,385.06
24-09-2024,Campaign 2,Facebook,Video,Millennials,11675,420,34,313.32,1879.83
24-09-2024,Campaign 2,Facebook,Video,Gen X,5607,246,17,114.42,932.65
24-09-2024,Campaign 2,Facebook,Image,Gen Z,1994,21,0,45,0
24-09-2024,Campaign 2,Facebook,Image,Millennials,9696,95,1,189.33,62.82
24-09-2024,Campaign 2,Facebook,Image,Gen X,5033,64,2,137.74,139.88
24-09-2024,Campaign 2,Facebook,Carousel,Gen Z,2028,48,2,36.33,191.8
24-09-2024,Campaign 2,Facebook,Carousel,Millennials,6898,195,13,163.21,1244.51
24-09-2024,Campaign 2,Facebook,Carousel,Gen X,2909,79,2,41.62,140.2
25-09-2024,Campaign 2,Instagram,Video,Gen Z,7904,328,26,124.74,2232.39
25-09-2024,Campaign 2,Instagram,Video,Millennials,5081,241,30,188.29,1789.67
25-09-2024,Campaign 2,Instagram,Video,Gen X,991,49,5,35.25,257.6
25-09-2024,Campaign 2,Instagram,Image,Gen Z,4691,59,0,108.15,0
25-09-2024,Campaign 2,Instagram,Image,Millennials,7442,139,5,272.6,361.54
25-09-2024,Campaign 2,Instagram,Image,Gen X,885,13,0,12.44,0
25-09-2024,Campaign 2,Instagram,Carousel,Gen Z,6923,115,3,90.83,192.84
25-09-2024,Campaign 2,Instagram,Carousel,Millennials,3953,81,4,145.1,302.57
25-09-2024,Campaign 2,Instagram,Carousel,Gen X,625,10,0,8.95,0
25-09-2024,Campaign 2,TikTok,Video,Gen Z,9135,363,25,209.53,1641.04
25-09-2024,Campaign 2,TikTok,Video,Millennials,956,35,5,26.14,386.31
25-09-2024,Campaign 2,TikTok,Video,Gen X,493,11,1,18.89,93.83
25-09-2024,Campaign 2,TikTok,Image,Gen Z,7192,94,3,219.98,253.17
25-09-2024,Campaign 2,TikTok,Image,Millennials,510,2,0,7.51,0
25-09-2024,Campaign 2,TikTok,Image,Gen X,153,1,0,3.2,0
25-09-2024,Campaign 2,TikTok,Carousel,Gen Z,11464,282,10,292.36,827.42
25-09-2024,Campaign 2,TikTok,Carousel,Millennials,783,18,0,29.57,0
25-09-2024,Campaign 2,TikTok,Carousel,Gen X,523,12,0,17.88,0
25-09-2024,Campaign 2,Facebook,Video,Gen Z,2025,98,6,53.8,520.64
25-09-2024,Campaign 2,Facebook,Video,Millennials,4039,198,20,149.38,1675.64
25-09-2024,Campaign 2,Facebook,Video,Gen X,4497,204,28,127.5,2583.43
25-09-2024,Campaign 2,Facebook,Image,Gen Z,1380,19,0,44.62,0
25-09-2024,Campaign 2,Facebook,Image,Millennials,8274,141,2,183.88,108.05
25-09-2024,Campaign 2,Facebook,Image,Gen X,5417,40,0,95.22,0
25-09-2024,Campaign 2,Facebook,Carousel,Gen Z,2875,81,5,65.75,337.12
25-09-2024,Campaign 2,Facebook,Carousel,Millennials,7296,87,5,230.02,428.96
25-09-2024,Campaign 2,Facebook,Carousel,Gen X,2368,36,2,31.51,143.79
26-09-2024,Campaign 2,Instagram,Video,Gen Z,5087,144,7,178.49,481.98
26-09-2024,Campaign 2,Instagram,Video,Millennials,4081,124,11,92.48,861.54
26-09-2024,Campaign 2,Instagram,Video,Gen X,625,28,2,11.77,113.68
26-09-2024,Campaign 2,Instagram,Image,Gen Z,6161,91,1,87.35,54.97
26-09-2024,Campaign 2,Instagram,Image,Millennials,5123,48,2,137.95,114.11
26-09-2024,Campaign 2,Instagram,Image,Gen X,105,1,0,3.87,0
26-09-2024,Campaign 2,Instagram,Carousel,Gen Z,4580,131,7,116.25,553.05
26-09-2024,Campaign 2,Instagram,Carousel,Millennials,3823,50,3,143.99,235.05
26-09-2024,Campaign 2,Instagram,Carousel,Gen X,448,12,0,10.17,0
26-09-2024,Campaign 2,TikTok,Video,Gen Z,14339,469,55,378.03,3057.01
26-09-2024,Campaign 2,TikTok,Video,Millennials,1579,31,1,45.49,83.81
26-09-2024,Campaign 2,TikTok,Video,Gen X,801,34,5,28.62,466.09
26-09-2024,Campaign 2,TikTok,Image,Gen Z,8133,103,2,202.46,163.51
26-09-2024,Campaign 2,TikTok,Image,Millennials,642,11,0,10.58,0
26-09-2024,Campaign 2,TikTok,Image,Gen X,333,3,0,11.04,0
26-09-2024,Campaign 2,TikTok,Carousel,Gen Z,10894,166,4,255.8,318.07
26-09-2024,Campaign 2,TikTok,Carousel,Millennials,781,8,0,12.05,0
26-09-2024,Campaign 2,TikTok,Carousel,Gen X,915,23,0,20.15,0
26-09-2024,Campaign 2,Facebook,Video,Gen Z,1510,51,4,39.89,371.96
26-09-2024,Campaign 2,Facebook,Video,Millennials,7142,211,20,246.56,1314.82
26-09-2024,Campaign 2,Facebook,Video,Gen X,5664,126,15,77.9,1021.9
26-09-2024,Campaign 2,Facebook,Image,Gen Z,1041,9,0,26.6,0
26-09-2024,Campaign 2,Facebook,Image,Millennials,5450,70,1,205.87,89.68
26-09-2024,Campaign 2,Facebook,Image,Gen X,5187,80,2,188.4,140.96
26-09-2024,Campaign 2,Facebook,Carousel,Gen Z,2102,51,3,56.1,223.91
26-09-2024,Campaign 2,Facebook,Carousel,Millennials,5915,70,3,169.33,167.78
26-09-2024,Campaign 2,Facebook,Carousel,Gen X,4142,103,8,67.66,686.12
27-09-2024,Campaign 2,Instagram,Video,Gen Z,7657,312,18,179.42,1506.68
27-09-2024,Campaign 2,Instagram,Video,Millennials,6682,273,14,175.8,879.06
27-09-2024,Campaign 2,Instagram,Video,Gen X,564,23,1,20.44,75.89
27-09-2024,Campaign 2,Instagram,Image,Gen Z,5234,48,2,71.04,121.74
27-09-2024,Campaign 2,Instagram,Image,Millennials,6312,113,4,220.32,346.97
27-09-2024,Campaign 2,Instagram,Image,Gen X,972,10,0,26.63,0
27-09-2024,Campaign 2,Instagram,Carousel,Gen Z,6578,98,6,99.76,359.51
27-09-2024,Campaign 2,Instagram,Carousel,Millennials,2151,43,1,36.69,69.22
27-09-2024,Campaign 2,Instagram,Carousel,Gen X,439,7,0,9.7,0
27-09-2024,Campaign 2,TikTok,Video,Gen Z,10361,383,40,266.4,3615.16
27-09-2024,Campaign 2,TikTok,Video,Millennials,1126,52,5,39.2,252.6
27-09-2024,Campaign 2,TikTok,Video,Gen X,608,29,3,11.15,152.52
27-09-2024,Campaign 2,TikTok,Image,Gen Z,7812,79,1,153.54,62.23
27-09-2024,Campaign 2,TikTok,Image,Millennials,603,11,0,18.27,0
27-09-2024,Campaign 2,TikTok,Image,Gen X,189,3,0,3.33,0
27-09-2024,Campaign 2,TikTok,Carousel,Gen Z,8486,148,4,116.22,313.32
27-09-2024,Campaign 2,TikTok,Carousel,Millennials,1882,47,3,67.56,188.21
27-09-2024,Campaign 2,TikTok,Carousel,Gen X,948,26,1,17.34,57.82
27-09-2024,Campaign 2,Facebook,Video,Gen Z,2560,70,9,47.94,612.61
27-09-2024,Campaign 2,Facebook,Video,Millennials,11547,455,43,284.31,2634
27-09-2024,Campaign 2,Facebook,Video,Gen X,5847,285,38,154.28,2868.64
27-09-2024,Campaign 2,Facebook,Image,Gen Z,2546,22,0,50.96,0
27-09-2024,Campaign 2,Facebook,Image,Millennials,7159,129,6,154.21,406.67
27-09-2024,Campaign 2,Facebook,Image,Gen X,5289,96,1,68.54,58.95
27-09-2024,Campaign 2,Facebook,Carousel,Gen Z,2158,37,1,58.96,97.42
27-09-2024,Campaign 2,Facebook,Carousel,Millennials,10578,297,6,358.45,351.18
27-09-2024,Campaign 2,Facebook,Carousel,Gen X,3139,37,2,98.47,168.94
28-09-2024,Campaign 2,Instagram,Video,Gen Z,6881,281,32,226.64,1983.05
28-09-2024,Campaign 2,Instagram,Video,Millennials,5849,143,13,181.38,1099.4
28-09-2024,Campaign 2,Instagram,Video,Gen X,223,5,0,2.94,0
28-09-2024,Campaign 2,Instagram,Image,Gen Z,8661,87,2,279.41,190.64
28-09-2024,Campaign 2,Instagram,Image,Millennials,7833,60,1,235.88,93.35
28-09-2024,Campaign 2,Instagram,Image,Gen X,778,14,0,21.29,0
28-09-2024,Campaign 2,Instagram,Carousel,Gen Z,9983,244,10,271.72,514.29
28-09-2024,Campaign 2,Instagram,Carousel,Millennials,3555,37,0,99.68,0
28-09-2024,Campaign 2,Instagram,Carousel,Gen X,690,14,0,18.32,0
28-09-2024,Campaign 2,TikTok,Video,Gen Z,9382,243,32,295.61,2889.53
28-09-2024,Campaign 2,TikTok,Video,Millennials,735,31,2,10.17,169.82
28-09-2024,Campaign 2,TikTok,Video,Gen X,151,5,0,4.95,0
28-09-2024,Campaign 2,TikTok,Image,Gen Z,7609,110,3,155.34,291.76
28-09-2024,Campaign 2,TikTok,Image,Millennials,1965,25,0,70.73,0
28-09-2024,Campaign 2,TikTok,Image,Gen X,951,12,0,31.92,0
28-09-2024,Campaign 2,TikTok,Carousel,Gen Z,13899,277,15,459.86,920.22
28-09-2024,Campaign 2,TikTok,Carousel,Millennials,896,16,0,24.31,0
28-09-2024,Campaign 2,TikTok,Carousel,Gen X,776,19,0,29.34,0
28-09-2024,Campaign 2,Facebook,Video,Gen Z,1433,51,6,40.33,431.87
28-09-2024,Campaign 2,Facebook,Video,Millennials,5939,222,30,161.74,2405.36
28-09-2024,Campaign 2,Facebook,Video,Gen X,2099,74,9,43.76,657.37
28-09-2024,Campaign 2,Facebook,Image,Gen Z,2563,51,0,77.7,0
28-09-2024,Campaign 2,Facebook,Image,Millennials,11526,182,8,308.28,724.98
28-09-2024,Campaign 2,Facebook,Image,Gen X,4011,69,1,81.05,99.95
28-09-2024,Campaign 2,Facebook,Carousel,Gen Z,2480,74,3,40.75,196.73
28-09-2024,Campaign 2,Facebook,Carousel,Millennials,11361,301,11,215.13,782.77
28-09-2024,Campaign 2,Facebook,Carousel,Gen X,2535,45,2,74.32,107.08
29-09-2024,Campaign 2,Instagram,Video,Gen Z,6936,274,21,198.07,1579.55
29-09-2024,Campaign 2,Instagram,Video,Millennials,2352,47,4,63.81,311.14
29-09-2024,Campaign 2,Instagram,Video,Gen X,870,34,2,25.03,198.21
29-09-2024,Campaign 2,Instagram,Image,Gen Z,4052,28,0,112.15,0
29-09-2024,Campaign 2,Instagram,Image,Millennials,5916,37,1,134.13,57.21
29-09-2024,Campaign 2,Instagram,Image,Gen X,382,1,0,12.72,0
29-09-2024,Campaign 2,Instagram,Carousel,Gen Z,5544,109,5,99.6,340.32
29-09-2024,Campaign 2,Instagram,Carousel,Millennials,3551,87,2,102.34,127.96
29-09-2024,Campaign 2,Instagram,Carousel,Gen X,162,3,0,2.45,0
29-09-2024,Campaign 2,TikTok,Video,Gen Z,11151,264,24,291.12,1361.79
29-09-2024,Campaign 2,TikTok,Video,Millennials,607,15,2,14.86,199.49
29-09-2024,Campaign 2,TikTok,Video,Gen X,537,21,2,16.33,110.93
29-09-2024,Campaign 2,TikTok,Image,Gen Z,8875,100,1,262.87,81.7
29-09-2024,Campaign 2,TikTok,Image,Millennials,1418,11,0,36.62,0
29-09-2024,Campaign 2,TikTok,Image,Gen X,810,8,0,25.19,0
29-09-2024,Campaign 2,TikTok,Carousel,Gen Z,6237,162,9,214.72,736.51
29-09-2024,Campaign 2,TikTok,Carousel,Millennials,1701,21,0,28.93,0
29-09-2024,Campaign 2,TikTok,Carousel,Gen X,157,4,0,6.01,0
29-09-2024,Campaign 2,Facebook,Video,Gen Z,1885,43,5,37.03,276.98
29-09-2024,Campaign 2,Facebook,Video,Millennials,4069,120,14,87.5,1100.79
29-09-2024,Campaign 2,Facebook,Video,Gen X,3799,76,9,79.89,705.41
29-09-2024,Campaign 2,Facebook,Image,Gen Z,2262,38,1,40.41,60.77
29-09-2024,Campaign 2,Facebook,Image,Millennials,11274,79,3,277.27,184.79
29-09-2024,Campaign 2,Facebook,Image,Gen X,5372,98,1,127.14,79.68
29-09-2024,Campaign 2,Facebook,Carousel,Gen Z,2547,57,4,95.42,387.02
29-09-2024,Campaign 2,Facebook,Carousel,Millennials,6923,158,4,148.81,265.96
29-09-2024,Campaign 2,Facebook,Carousel,Gen X,2200,37,0,62.14,0
30-09-2024,Campaign 2,Instagram,Video,Gen Z,4291,171,13,146.49,1132.41
30-09-2024,Campaign 2,Instagram,Video,Millennials,7853,295,22,300.57,1526.3
30-09-2024,Campaign 2,Instagram,Video,Gen X,141,6,0,3.79,0
30-09-2024,Campaign 2,Instagram,Image,Gen Z,5626,67,1,152.06,83.49
30-09-2024,Campaign 2,Instagram,Image,Millennials,6586,36,1,112.25,84.87
30-09-2024,Campaign 2,Instagram,Image,Gen X,986,19,0,36.23,0
30-09-2024,Campaign 2,Instagram,Carousel,Gen Z,3632,41,2,110.31,149.14
30-09-2024,Campaign 2,Instagram,Carousel,Millennials,6053,142,9,123.24,875.58
30-09-2024,Campaign 2,Instagram,Carousel,Gen X,977,20,0,37.44,0
30-09-2024,Campaign 2,TikTok,Video,Gen Z,8126,325,19,310.63,1124.8
30-09-2024,Campaign 2,TikTok,Video,Millennials,1659,78,7,58.01,532.61
30-09-2024,Campaign 2,TikTok,Video,Gen X,602,16,0,11.28,0
30-09-2024,Campaign 2,TikTok,Image,Gen Z,13685,149,3,227.44,295.83
30-09-2024,Campaign 2,TikTok,Image,Millennials,1545,16,0,26.48,0
30-09-2024,Campaign 2,TikTok,Image,Gen X,383,2,0,12.7,0
30-09-2024,Campaign 2,TikTok,Carousel,Gen Z,7015,204,15,117.87,781.91
30-09-2024,Campaign 2,TikTok,Carousel,Millennials,1152,22,1,32.64,89.43
30-09-2024,Campaign 2,TikTok,Carousel,Gen X,830,9,0,31.02,0
30-09-2024,Campaign 2,Facebook,Video,Gen Z,1025,23,1,32.41,51.45
30-09-2024,Campaign 2,Facebook,Video,Millennials,8104,235,20,209.63,1682.46
30-09-2024,Campaign 2,Facebook,Video,Gen X,5550,129,14,78.03,998.08
30-09-2024,Campaign 2,Facebook,Image,Gen Z,1041,11,0,38.4,0
30-09-2024,Campaign 2,Facebook,Image,Millennials,7198,108,1,135.91,99.79
30-09-2024,Campaign 2,Facebook,Image,Gen X,3718,48,1,120.87,90.85
30-09-2024,Campaign 2,Facebook,Carousel,Gen Z,1211,15,0,46.65,0
30-09-2024,Campaign 2,Facebook,Carousel,Millennials,8327,114,2,230.9,190.87
30-09-2024,Campaign 2,Facebook,Carousel,Gen X,3975,85,6,71.61,351.87
01-10-2024,Campaign 2,Instagram,Video,Gen Z,6963,322,40,241.3,2352.05
01-10-2024,Campaign 2,Instagram,Video,Millennials,6589,188,26,106.98,1825.58
01-10-2024,Campaign 2,Instagram,Video,Gen X,837,38,4,29.7,227.87
01-10-2024,Campaign 2,Instagram,Image,Gen Z,8225,92,3,163.6,197.09
01-10-2024,Campaign 2,Instagram,Image,Millennials,3464,22,0,78.94,0
01-10-2024,Campaign 2,Instagram,Image,Gen X,465,7,0,7.87,0
01-10-2024,Campaign 2,Instagram,Carousel,Gen Z,9541,269,14,232.65,702.12
01-10-2024,Campaign 2,Instagram,Carousel,Millennials,3248,69,5,91.71,498.21
01-10-2024,Campaign 2,Instagram,Carousel,Gen X,686,17,0,21.44,0
01-10-2024,Campaign 2,TikTok,Video,Gen Z,6152,166,24,217.94,1329.09
01-10-2024,Campaign 2,TikTok,Video,Millennials,1928,92,9,64.12,463.01
01-10-2024,Campaign 2,TikTok,Video,Gen X,912,19,2,20.26,124.94
01-10-2024,Campaign 2,TikTok,Image,Gen Z,11227,147,6,340.69,426.56
01-10-2024,Campaign 2,TikTok,Image,Millennials,646,8,0,15.2,0
01-10-2024,Campaign 2,TikTok,Image,Gen X,463,4,0,15.43,0
01-10-2024,Campaign 2,TikTok,Carousel,Gen Z,13687,181,9,302.61,569.91
01-10-2024,Campaign 2,TikTok,Carousel,Millennials,1416,34,1,23.77,54.1
01-10-2024,Campaign 2,TikTok,Carousel,Gen X,246,6,0,5.65,0
01-10-2024,Campaign 2,Facebook,Video,Gen Z,1442,51,7,26.22,385.8
01-10-2024,Campaign 2,Facebook,Video,Millennials,4719,227,24,83.63,2182.1
01-10-2024,Campaign 2,Facebook,Video,Gen X,5298,143,12,137.64,1021.41
01-10-2024,Campaign 2,Facebook,Image,Gen Z,2705,33,1,55.61,60.3
01-10-2024,Campaign 2,Facebook,Image,Millennials,11145,161,6,425,530.65
01-10-2024,Campaign 2,Facebook,Image,Gen X,4865,69,1,185.17,56.59
01-10-2024,Campaign 2,Facebook,Carousel,Gen Z,1768,34,2,57.29,145.07
01-10-2024,Campaign 2,Facebook,Carousel,Millennials,9361,270,12,203.54,868.03
01-10-2024,Campaign 2,Facebook,Carousel,Gen X,2153,36,2,77.54,124.07
02-10-2024,Campaign 2,Instagram,Video,Gen Z,7894,257,28,229.94,1400.14
02-10-2024,Campaign 2,Instagram,Video,Millennials,2433,95,5,68.18,325.18
02-10-2024,Campaign 2,Instagram,Video,Gen X,209,5,0,3.48,0
02-10-2024,Campaign 2,Instagram,Image,Gen Z,9827,136,4,152.68,284.34
02-10-2024,Campaign 2,Instagram,Image,Millennials,4078,56,2,76.92,119.59
02-10-2024,Campaign 2,Instagram,Image,Gen X,129,1,0,3.33,0
02-10-2024,Campaign 2,Instagram,Carousel,Gen Z,5655,70,3,96.69,262.67
02-10-2024,Campaign 2,Instagram,Carousel,Millennials,5320,73,4,111.68,335.34
02-10-2024,Campaign 2,Instagram,Carousel,Gen X,356,7,0,9.99,0
02-10-2024,Campaign 2,TikTok,Video,Gen Z,8464,219,14,279.49,973.21
02-10-2024,Campaign 2,TikTok,Video,Millennials,791,32,3,14.19,282.36
02-10-2024,Campaign 2,TikTok,Video,Gen X,473,11,1,11.3,95.5
02-10-2024,Campaign 2,TikTok,Image,Gen Z,5441,99,2,76.87,172.89
02-10-2024,Campaign 2,TikTok,Image,Millennials,795,8,0,15.28,0
02-10-2024,Campaign 2,TikTok,Image,Gen X,559,5,0,18.6,0
02-10-2024,Campaign 2,TikTok,Carousel,Gen Z,8261,119,5,220.65,253.36
02-10-2024,Campaign 2,TikTok,Carousel,Millennials,1815,20,1,49.6,84.08
02-10-2024,Campaign 2,TikTok,Carousel,Gen X,756,19,0,27.25,0
02-10-2024,Campaign 2,Facebook,Video,Gen Z,2874,128,12,53.18,702.6
02-10-2024,Campaign 2,Facebook,Video,Millennials,6041,297,41,84.59,3949.8
02-10-2024,Campaign 2,Facebook,Video,Gen X,2563,69,6,52.41,416.53
02-10-2024,Campaign 2,Facebook,Image,Gen Z,1118,5,0,32.95,0
02-10-2024,Campaign 2,Facebook,Image,Millennials,9409,187,2,277.5,117.44
02-10-2024,Campaign 2,Facebook,Image,Gen X,4900,57,0,147.65,0
02-10-2024,Campaign 2,Facebook,Carousel,Gen Z,1287,16,0,27.95,0
02-10-2024,Campaign 2,Facebook,Carousel,Millennials,11343,301,12,193.92,885.11
02-10-2024,Campaign 2,Facebook,Carousel,Gen X,2392,47,2,34.58,113.38
03-10-2024,Campaign 2,Instagram,Video,Gen Z,6314,305,35,103.68,3171.11
03-10-2024,Campaign 2,Instagram,Video,Millennials,6545,218,32,191.49,2166.45
03-10-2024,Campaign 2,Instagram,Video,Gen X,682,17,2,21.39,165.14
03-10-2024,Campaign 2,Instagram,Image,Gen Z,4368,39,0,141.46,0
03-10-2024,Campaign 2,Instagram,Image,Millennials,7609,140,6,104.51,341.66
03-10-2024,Campaign 2,Instagram,Image,Gen X,621,9,0,13.16,0
03-10-2024,Campaign 2,Instagram,Carousel,Gen Z,6938,119,6,234.56,382.45
03-10-2024,Campaign 2,Instagram,Carousel,Millennials,6613,150,7,188.11,356.32
03-10-2024,Campaign 2,Instagram,Carousel,Gen X,843,23,1,18.86,59.27
03-10-2024,Campaign 2,TikTok,Video,Gen Z,6493,277,28,170.49,2405.07
03-10-2024,Campaign 2,TikTok,Video,Millennials,1389,28,3,42.06,223.07
03-10-2024,Campaign 2,TikTok,Video,Gen X,951,21,1,23.69,82.11
03-10-2024,Campaign 2,TikTok,Image,Gen Z,11248,176,6,274.15,403.02
03-10-2024,Campaign 2,TikTok,Image,Millennials,680,11,0,19.25,0
03-10-2024,Campaign 2,TikTok,Image,Gen X,699,4,0,17.42,0
03-10-2024,Campaign 2,TikTok,Carousel,Gen Z,12856,172,12,348.9,1142.53
03-10-2024,Campaign 2,TikTok,Carousel,Millennials,826,18,0,21.42,0
03-10-2024,Campaign 2,TikTok,Carousel,Gen X,604,12,0,8.77,0
03-10-2024,Campaign 2,Facebook,Video,Gen Z,2330,78,4,35.22,256.35
03-10-2024,Campaign 2,Facebook,Video,Millennials,9166,349,43,328.59,3096.41
03-10-2024,Campaign 2,Facebook,Video,Gen X,3995,115,12,135.11,638.74
03-10-2024,Campaign 2,Facebook,Image,Gen Z,1184,20,0,23.2,0
03-10-2024,Campaign 2,Facebook,Image,Millennials,7537,84,2,108.97,117.54
03-10-2024,Campaign 2,Facebook,Image,Gen X,2994,25,0,83.22,0
03-10-2024,Campaign 2,Facebook,Carousel,Gen Z,1512,16,0,19.95,0
03-10-2024,Campaign 2,Facebook,Carousel,Millennials,7976,221,8,171.08,487.19
03-10-2024,Campaign 2,Facebook,Carousel,Gen X,2741,65,3,60.59,206.51
04-10-2024,Campaign 2,Instagram,Video,Gen Z,7781,359,21,191.88,1290.72
04-10-2024,Campaign 2,Instagram,Video,Millennials,7545,368,35,249.48,2431.32
04-10-2024,Campaign 2,Instagram,Video,Gen X,639,13,0,9.55,0
04-10-2024,Campaign 2,Instagram,Image,Gen Z,3129,34,0,102.65,0
04-10-2024,Campaign 2,Instagram,Image,Millennials,6215,37,1,187.49,83.56
04-10-2024,Campaign 2,Instagram,Image,Gen X,306,5,0,9.99,0
04-10-2024,Campaign 2,Instagram,Carousel,Gen Z,9275,164,5,336.15,327.09
04-10-2024,Campaign 2,Instagram,Carousel,Millennials,4974,110,3,169.28,247.09
04-10-2024,Campaign 2,Instagram,Carousel,Gen X,268,6,0,3.87,0
04-10-2024,Campaign 2,TikTok,Video,Gen Z,9342,325,42,153.9,3472.77
04-10-2024,Campaign 2,TikTok,Video,Millennials,1921,43,6,37.49,483.45
04-10-2024,Campaign 2,TikTok,Video,Gen X,455,20,2,16.21,188.73
04-10-2024,Campaign 2,TikTok,Image,Gen Z,5531,39,1,196.06,53.75
04-10-2024,Campaign 2,TikTok,Image,Millennials,1515,11,0,22.45,0
04-10-2024,Campaign 2,TikTok,Image,Gen X,452,8,0,7.07,0
04-10-2024,Campaign 2,TikTok,Carousel,Gen Z,7577,117,7,272.62,591.36
04-10-2024,Campaign 2,TikTok,Carousel,Millennials,546,14,0,16.1,0
04-10-2024,Campaign 2,TikTok,Carousel,Gen X,823,12,0,25.19,0
04-10-2024,Campaign 2,Facebook,Video,Gen Z,1603,39,5,47.66,326.48
04-10-2024,Campaign 2,Facebook,Video,Millennials,4609,122,16,139.65,1199.13
04-10-2024,Campaign 2,Facebook,Video,Gen X,5061,244,22,143.81,1632.04
04-10-2024,Campaign 2,Facebook,Image,Gen Z,1313,14,0,20.51,0
04-10-2024,Campaign 2,Facebook,Image,Millennials,10590,151,2,174.57,119.13
04-10-2024,Campaign 2,Facebook,Image,Gen X,3953,26,0,82.99,0
04-10-2024,Campaign 2,Facebook,Carousel,Gen Z,1655,37,2,25.6,178.51
04-10-2024,Campaign 2,Facebook,Carousel,Millennials,6240,162,6,115.14,471.53
04-10-2024,Campaign 2,Facebook,Carousel,Gen X,5202,128,6,90.32,504.22
05-10-2024,Campaign 2,Instagram,Video,Gen Z,7557,254,34,102.24,1919.32
05-10-2024,Campaign 2,Instagram,Video,Millennials,3339,132,14,57.75,1310.64
05-10-2024,Campaign 2,Instagram,Video,Gen X,890,34,3,15.71,192.73
05-10-2024,Campaign 2,Instagram,Image,Gen Z,6566,130,6,149.59,359.46
05-10-2024,Campaign 2,Instagram,Image,Millennials,6266,115,1,180.53,66.99
05-10-2024,Campaign 2,Instagram,Image,Gen X,825,11,0,31.58,0
05-10-2024,Campaign 2,Instagram,Carousel,Gen Z,6482,180,8,238.79,480.96
05-10-2024,Campaign 2,Instagram,Carousel,Millennials,4292,44,0,165.2,0
05-10-2024,Campaign 2,Instagram,Carousel,Gen X,238,2,0,4.34,0
05-10-2024,Campaign 2,TikTok,Video,Gen Z,12930,548,74,415.97,6091.96
05-10-2024,Campaign 2,TikTok,Video,Millennials,540,22,2,11.64,128.28
05-10-2024,Campaign 2,TikTok,Video,Gen X,445,12,0,8.26,0
05-10-2024,Campaign 2,TikTok,Image,Gen Z,8509,143,6,248.34,580.22
05-10-2024,Campaign 2,TikTok,Image,Millennials,923,13,0,22.09,0
05-10-2024,Campaign 2,TikTok,Image,Gen X,886,5,0,29.03,0
05-10-2024,Campaign 2,TikTok,Carousel,Gen Z,12774,277,20,446.9,1836.94
05-10-2024,Campaign 2,TikTok,Carousel,Millennials,1453,18,1,44.54,85.15
05-10-2024,Campaign 2,TikTok,Carousel,Gen X,526,7,0,18.17,0
05-10-2024,Campaign 2,Facebook,Video,Gen Z,2661,123,15,57.67,829.94
05-10-2024,Campaign 2,Facebook,Video,Millennials,5074,138,19,112.22,1540.87
05-10-2024,Campaign 2,Facebook,Video,Gen X,2493,119,13,75.35,851.51
05-10-2024,Campaign 2,Facebook,Image,Gen Z,1170,13,0,27.74,0
05-10-2024,Campaign 2,Facebook,Image,Millennials,10470,120,5,392.74,331.82
05-10-2024,Campaign 2,Facebook,Image,Gen X,5509,75,2,71.43,184.27
05-10-2024,Campaign 2,Facebook,Carousel,Gen Z,2449,42,2,57.98,118.66
05-10-2024,Campaign 2,Facebook,Carousel,Millennials,5241,55,2,101.05,196.41
05-10-2024,Campaign 2,Facebook,Carousel,Gen X,2393,64,2,69.31,106.06
06-10-2024,Campaign 2,Instagram,Video,Gen Z,3388,67,8,117.44,784.87
06-10-2024,Campaign 2,Instagram,Video,Millennials,5116,247,17,170.72,1079.37
06-10-2024,Campaign 2,Instagram,Video,Gen X,174,6,0,3.46,0
06-10-2024,Campaign 2,Instagram,Image,Gen Z,8349,61,1,287.61,63.42
06-10-2024,Campaign 2,Instagram,Image,Millennials,7351,126,2,130.75,180.93
06-10-2024,Campaign 2,Instagram,Image,Gen X,465,4,0,7.79,0
06-10-2024,Campaign 2,Instagram,Carousel,Gen Z,3082,85,6,114.83,501.38
06-10-2024,Campaign 2,Instagram,Carousel,Millennials,5931,66,3,108.77,277.52
06-10-2024,Campaign 2,Instagram,Carousel,Gen X,879,17,0,19.84,0
06-10-2024,Campaign 2,TikTok,Video,Gen Z,5427,229,29,120.43,2818.35
06-10-2024,Campaign 2,TikTok,Video,Millennials,1059,24,1,23.43,51.77
06-10-2024,Campaign 2,TikTok,Video,Gen X,303,15,1,10.04,96.68
06-10-2024,Campaign 2,TikTok,Image,Gen Z,9483,74,1,277.53,90.23
06-10-2024,Campaign 2,TikTok,Image,Millennials,1911,9,0,60.85,0
06-10-2024,Campaign 2,TikTok,Image,Gen X,292,3,0,5.14,0
06-10-2024,Campaign 2,TikTok,Carousel,Gen Z,14637,192,12,468.81,1105.24
06-10-2024,Campaign 2,TikTok,Carousel,Millennials,1660,17,0,41.47,0
06-10-2024,Campaign 2,TikTok,Carousel,Gen X,479,8,0,13.37,0
06-10-2024,Campaign 2,Facebook,Video,Gen Z,1936,64,8,59.48,444.59
06-10-2024,Campaign 2,Facebook,Video,Millennials,5382,161,19,89.88,1098.67
06-10-2024,Campaign 2,Facebook,Video,Gen X,3665,128,18,101.31,1281.65
06-10-2024,Campaign 2,Facebook,Image,Gen Z,1610,11,0,41.29,0
06-10-2024,Campaign 2,Facebook,Image,Millennials,4070,56,2,65.47,170.95
06-10-2024,Campaign 2,Facebook,Image,Gen X,5831,70,1,211.98,72.54
06-10-2024,Campaign 2,Facebook,Carousel,Gen Z,2225,37,1,45.96,63.03
06-10-2024,Campaign 2,Facebook,Carousel,Millennials,11857,274,18,420.43,1253
06-10-2024,Campaign 2,Facebook,Carousel,Gen X,5730,129,2,190.56,154.62
07-10-2024,Campaign 2,Instagram,Video,Gen Z,9458,216,17,129.62,1385.92
07-10-2024,Campaign 2,Instagram,Video,Millennials,6126,260,32,121.87,3065.67
07-10-2024,Campaign 2,Instagram,Video,Gen X,696,21,1,26.84,64.22
07-10-2024,Campaign 2,Instagram,Image,Gen Z,6852,56,1,92.95,70.07
07-10-2024,Campaign 2,Instagram,Image,Millennials,2475,25,0,64.95,0
07-10-2024,Campaign 2,Instagram,Image,Gen X,530,4,0,7.33,0
07-10-2024,Campaign 2,Instagram,Carousel,Gen Z,8047,118,2,126.62,143.36
07-10-2024,Campaign 2,Instagram,Carousel,Millennials,3826,58,2,139.34,112.66
07-10-2024,Campaign 2,Instagram,Carousel,Gen X,195,3,0,6.84,0
07-10-2024,Campaign 2,TikTok,Video,Gen Z,6310,313,26,163.47,2476.1
07-10-2024,Campaign 2,TikTok,Video,Millennials,1747,47,3,60.2,265.93
07-10-2024,Campaign 2,TikTok,Video,Gen X,278,11,0,9.52,0
07-10-2024,Campaign 2,TikTok,Image,Gen Z,12501,156,4,322.45,299.36
07-10-2024,Campaign 2,TikTok,Image,Millennials,1602,31,1,46.91,94.58
07-10-2024,Campaign 2,TikTok,Image,Gen X,212,1,0,5.24,0
07-10-2024,Campaign 2,TikTok,Carousel,Gen Z,8347,104,4,203.75,387.07
07-10-2024,Campaign 2,TikTok,Carousel,Millennials,760,14,0,26.24,0
07-10-2024,Campaign 2,TikTok,Carousel,Gen X,115,1,0,3.87,0
07-10-2024,Campaign 2,Facebook,Video,Gen Z,2013,53,3,70.6,166.77
07-10-2024,Campaign 2,Facebook,Video,Millennials,5331,175,18,87.43,1225.11
07-10-2024,Campaign 2,Facebook,Video,Gen X,3432,168,11,113.51,574.33
07-10-2024,Campaign 2,Facebook,Image,Gen Z,2934,55,1,64.48,77.74
07-10-2024,Campaign 2,Facebook,Image,Millennials,5886,50,2,98.83,174.28
07-10-2024,Campaign 2,Facebook,Image,Gen X,5462,58,0,195.57,0
07-10-2024,Campaign 2,Facebook,Carousel,Gen Z,2745,31,1,67.01,56.2
07-10-2024,Campaign 2,Facebook,Carousel,Millennials,11715,168,12,449.33,1090
07-10-2024,Campaign 2,Facebook,Carousel,Gen X,2179,44,2,66.6,150.28
08-10-2024,Campaign 2,Instagram,Video,Gen Z,4582,112,7,128.14,466.71
08-10-2024,Campaign 2,Instagram,Video,Millennials,5116,196,23,66.78,1723.68
08-10-2024,Campaign 2,Instagram,Video,Gen X,983,40,3,37.44,250.53
08-10-2024,Campaign 2,Instagram,Image,Gen Z,5162,52,1,159.91,73.21
08-10-2024,Campaign 2,Instagram,Image,Millennials,2791,20,0,43.22,0
08-10-2024,Campaign 2,Instagram,Image,Gen X,715,8,0,25.62,0
08-10-2024,Campaign 2,Instagram,Carousel,Gen Z,5020,134,7,128.22,695.47
08-10-2024,Campaign 2,Instagram,Carousel,Millennials,2874,59,3,46.37,203.14
08-10-2024,Campaign 2,Instagram,Carousel,Gen X,318,3,0,4.28,0
08-10-2024,Campaign 2,TikTok,Video,Gen Z,8479,375,55,299.18,4496.62
08-10-2024,Campaign 2,TikTok,Video,Millennials,1163,33,4,40.98,257.97
08-10-2024,Campaign 2,TikTok,Video,Gen X,371,7,0,7.95,0
08-10-2024,Campaign 2,TikTok,Image,Gen Z,5228,77,1,122.47,71.7
08-10-2024,Campaign 2,TikTok,Image,Millennials,881,12,0,18.37,0
08-10-2024,Campaign 2,TikTok,Image,Gen X,345,5,0,5.5,0
08-10-2024,Campaign 2,TikTok,Carousel,Gen Z,6305,174,6,103.63,350.66
08-10-2024,Campaign 2,TikTok,Carousel,Millennials,541,15,1,20.28,85.91
08-10-2024,Campaign 2,TikTok,Carousel,Gen X,887,21,0,27.28,0
08-10-2024,Campaign 2,Facebook,Video,Gen Z,1992,64,6,59.61,532.63
08-10-2024,Campaign 2,Facebook,Video,Millennials,11905,401,34,455.68,2094.21
08-10-2024,Campaign 2,Facebook,Video,Gen X,5862,221,15,80.84,1116.51
08-10-2024,Campaign 2,Facebook,Image,Gen Z,2652,19,0,59.79,0
08-10-2024,Campaign 2,Facebook,Image,Millennials,9097,114,4,308.67,266.66
08-10-2024,Campaign 2,Facebook,Image,Gen X,3753,43,1,99.71,98.38
08-10-2024,Campaign 2,Facebook,Carousel,Gen Z,1504,15,0,21.52,0
08-10-2024,Campaign 2,Facebook,Carousel,Millennials,9318,225,9,321.65,874.14
08-10-2024,Campaign 2,Facebook,Carousel,Gen X,5664,97,4,147.37,208.45
09-10-2024,Campaign 2,Instagram,Video,Gen Z,6010,198,13,195.83,792.45
09-10-2024,Campaign 2,Instagram,Video,Millennials,7541,196,12,200.04,603.3
09-10-2024,Campaign 2,Instagram,Video,Gen X,597,14,1,13.21,98.67
09-10-2024,Campaign 2,Instagram,Image,Gen Z,4894,75,1,161.66,60.18
09-10-2024,Campaign 2,Instagram,Image,Millennials,5284,32,1,122.73,90.32
09-10-2024,Campaign 2,Instagram,Image,Gen X,463,8,0,10.01,0
09-10-2024,Campaign 2,Instagram,Carousel,Gen Z,3763,99,6,91.3,563.52
09-10-2024,Campaign 2,Instagram,Carousel,Millennials,3518,89,3,74.47,207.04
09-10-2024,Campaign 2,Instagram,Carousel,Gen X,769,13,0,27.95,0
09-10-2024,Campaign 2,TikTok,Video,Gen Z,5150,235,33,154.83,1940.36
09-10-2024,Campaign 2,TikTok,Video,Millennials,1454,58,6,29.7,533.68
09-10-2024,Campaign 2,TikTok,Video,Gen X,625,26,3,12.57,167.87
09-10-2024,Campaign 2,TikTok,Image,Gen Z,6575,45,2,86.93,145.17
09-10-2024,Campaign 2,TikTok,Image,Millennials,1675,10,0,34.78,0
09-10-2024,Campaign 2,TikTok,Image,Gen X,176,2,0,3.69,0
09-10-2024,Campaign 2,TikTok,Carousel,Gen Z,14201,145,5,294.17,414.34
09-10-2024,Campaign 2,TikTok,Carousel,Millennials,836,18,0,11.9,0
09-10-2024,Campaign 2,TikTok,Carousel,Gen X,703,13,0,13.52,0
09-10-2024,Campaign 2,Facebook,Video,Gen Z,1809,43,2,63.81,112.36
09-10-2024,Campaign 2,Facebook,Video,Millennials,7970,269,28,159.26,1880.98
09-10-2024,Campaign 2,Facebook,Video,Gen X,5393,227,30,83.32,1879.65
09-10-2024,Campaign 2,Facebook,Image,Gen Z,1516,22,0,47.4,0
09-10-2024,Campaign 2,Facebook,Image,Millennials,10624,151,2,268.47,105.11
09-10-2024,Campaign 2,Facebook,Image,Gen X,3060,28,1,83.17,80.42
09-10-2024,Campaign 2,Facebook,Carousel,Gen Z,1913,49,3,53.31,244.22
09-10-2024,Campaign 2,Facebook,Carousel,Millennials,5928,71,2,190,107.3
09-10-2024,Campaign 2,Facebook,Carousel,Gen X,5826,77,4,219.93,262
10-10-2024,Campaign 2,Instagram,Video,Gen Z,7725,305,39,157.33,3893.72
10-10-2024,Campaign 2,Instagram,Video,Millennials,4254,168,14,77.21,1328.78
10-10-2024,Campaign 2,Instagram,Video,Gen X,537,16,1,17.13,91.83
10-10-2024,Campaign 2,Instagram,Image,Gen Z,9606,178,6,314.76,319.42
10-10-2024,Campaign 2,Instagram,Image,Millennials,6640,84,2,183.18,182.83
10-10-2024,Campaign 2,Instagram,Image,Gen X,314,2,0,4.59,0
10-10-2024,Campaign 2,Instagram,Carousel,Gen Z,5222,76,3,151.01,287.27
10-10-2024,Campaign 2,Instagram,Carousel,Millennials,7183,132,5,181.69,470.18
10-10-2024,Campaign 2,Instagram,Carousel,Gen X,249,5,0,7.3,0
10-10-2024,Campaign 2,TikTok,Video,Gen Z,5174,229,32,188.53,2496.92
10-10-2024,Campaign 2,TikTok,Video,Millennials,549,20,1,18.48,65.38
10-10-2024,Campaign 2,TikTok,Video,Gen X,442,12,1,5.78,64.85
10-10-2024,Campaign 2,TikTok,Image,Gen Z,5329,45,0,153.61,0
10-10-2024,Campaign 2,TikTok,Image,Millennials,1261,18,0,45.98,0
10-10-2024,Campaign 2,TikTok,Image,Gen X,233,1,0,6.94,0
10-10-2024,Campaign 2,TikTok,Carousel,Gen Z,8366,211,8,164.4,444.51
10-10-2024,Campaign 2,TikTok,Carousel,Millennials,1490,20,0,57.49,0
10-10-2024,Campaign 2,TikTok,Carousel,Gen X,213,2,0,7.84,0
10-10-2024,Campaign 2,Facebook,Video,Gen Z,1575,77,9,36.64,621.57
10-10-2024,Campaign 2,Facebook,Video,Millennials,4614,229,26,122.49,1774.71
10-10-2024,Campaign 2,Facebook,Video,Gen X,2068,51,4,56.46,203.63
10-10-2024,Campaign 2,Facebook,Image,Gen Z,2837,55,1,105.9,80.61
10-10-2024,Campaign 2,Facebook,Image,Millennials,9504,135,2,320.36,165.81
10-10-2024,Campaign 2,Facebook,Image,Gen X,3852,33,1,58.16,57.7
10-10-2024,Campaign 2,Facebook,Carousel,Gen Z,1627,34,2,21.65,106.69
10-10-2024,Campaign 2,Facebook,Carousel,Millennials,11545,308,6,152.32,313.83
10-10-2024,Campaign 2,Facebook,Carousel,Gen X,2445,31,0,91.68,0
11-10-2024,Campaign 2,Instagram,Video,Gen Z,5529,154,11,92.61,684.42
11-10-2024,Campaign 2,Instagram,Video,Millennials,7860,335,37,220.63,2782.98
11-10-2024,Campaign 2,Instagram,Video,Gen X,320,8,0,4.7,0
11-10-2024,Campaign 2,Instagram,Image,Gen Z,9902,145,3,289.5,286.92
11-10-2024,Campaign 2,Instagram,Image,Millennials,4275,58,2,160.45,186.06
11-10-2024,Campaign 2,Instagram,Image,Gen X,597,7,0,11.43,0
11-10-2024,Campaign 2,Instagram,Carousel,Gen Z,8891,95,6,278.17,323.88
11-10-2024,Campaign 2,Instagram,Carousel,Millennials,3849,114,4,111.6,256.71
11-10-2024,Campaign 2,Instagram,Carousel,Gen X,219,3,0,7.2,0
11-10-2024,Campaign 2,TikTok,Video,Gen Z,10444,371,21,285.06,1551.46
11-10-2024,Campaign 2,TikTok,Video,Millennials,1439,31,3,25.24,154.58
11-10-2024,Campaign 2,TikTok,Video,Gen X,628,17,2,14.17,173.3
11-10-2024,Campaign 2,TikTok,Image,Gen Z,10675,160,5,359.84,417.17
11-10-2024,Campaign 2,TikTok,Image,Millennials,1621,16,0,29.06,0
11-10-2024,Campaign 2,TikTok,Image,Gen X,767,12,0,12.57,0
11-10-2024,Campaign 2,TikTok,Carousel,Gen Z,13207,187,10,346.32,772.19
11-10-2024,Campaign 2,TikTok,Carousel,Millennials,1843,46,1,62.32,87.51
11-10-2024,Campaign 2,TikTok,Carousel,Gen X,188,2,0,6.45,0
11-10-2024,Campaign 2,Facebook,Video,Gen Z,1952,57,5,57.65,434.07
11-10-2024,Campaign 2,Facebook,Video,Millennials,5367,219,28,187,1587.32
11-10-2024,Campaign 2,Facebook,Video,Gen X,3369,121,11,121.1,944.57
11-10-2024,Campaign 2,Facebook,Image,Gen Z,1965,37,1,67.81,74.79
11-10-2024,Campaign 2,Facebook,Image,Millennials,4661,68,1,119.63,86.25
11-10-2024,Campaign 2,Facebook,Image,Gen X,2579,38,1,74.65,69.33
11-10-2024,Campaign 2,Facebook,Carousel,Gen Z,2566,53,2,71.99,199.68
11-10-2024,Campaign 2,Facebook,Carousel,Millennials,7130,126,8,250.66,493.07
11-10-2024,Campaign 2,Facebook,Carousel,Gen X,4581,48,1,114.26,78.78
12-10-2024,Campaign 2,Instagram,Video,Gen Z,3257,125,15,121.28,1436.38
12-10-2024,Campaign 2,Instagram,Video,Millennials,5294,110,13,99.17,771.91
12-10-2024,Campaign 2,Instagram,Video,Gen X,482,23,1,14.37,73.7
12-10-2024,Campaign 2,Instagram,Image,Gen Z,7064,49,0,178.15,0
12-10-2024,Campaign 2,Instagram,Image,Millennials,4501,45,0,97.98,0
12-10-2024,Campaign 2,Instagram,Image,Gen X,999,11,0,28.38,0
12-10-2024,Campaign 2,Instagram,Carousel,Gen Z,6371,76,4,184.71,241.37
12-10-2024,Campaign 2,Instagram,Carousel,Millennials,6862,153,8,176.68,763.84
12-10-2024,Campaign 2,Instagram,Carousel,Gen X,336,5,0,5.6,0
12-10-2024,Campaign 2,TikTok,Video,Gen Z,13828,688,62,499.08,3628.77
12-10-2024,Campaign 2,TikTok,Video,Millennials,1329,55,4,42.29,208.2
12-10-2024,Campaign 2,TikTok,Video,Gen X,221,10,1,7.74,82.61
12-10-2024,Campaign 2,TikTok,Image,Gen Z,14730,243,3,543.59,212.77
12-10-2024,Campaign 2,TikTok,Image,Millennials,1118,15,0,20.44,0
12-10-2024,Campaign 2,TikTok,Image,Gen X,682,9,0,11.53,0
12-10-2024,Campaign 2,TikTok,Carousel,Gen Z,12549,347,25,416.95,2131.12
12-10-2024,Campaign 2,TikTok,Carousel,Millennials,844,9,0,24.8,0
12-10-2024,Campaign 2,TikTok,Carousel,Gen X,855,22,1,20.26,77.56
12-10-2024,Campaign 2,Facebook,Video,Gen Z,2591,60,4,87.68,251.72
12-10-2024,Campaign 2,Facebook,Video,Millennials,10974,543,55,184.94,3232.89
12-10-2024,Campaign 2,Facebook,Video,Gen X,5006,141,15,161.84,955.87
12-10-2024,Campaign 2,Facebook,Image,Gen Z,2436,18,0,73.52,0
12-10-2024,Campaign 2,Facebook,Image,Millennials,7718,141,5,114.13,370.93
12-10-2024,Campaign 2,Facebook,Image,Gen X,3209,47,1,102.11,71.03
12-10-2024,Campaign 2,Facebook,Carousel,Gen Z,2984,67,2,44.46,199.69
12-10-2024,Campaign 2,Facebook,Carousel,Millennials,8741,99,4,301.42,221.2
12-10-2024,Campaign 2,Facebook,Carousel,Gen X,5418,65,1,76.46,82.97
13-10-2024,Campaign 2,Instagram,Video,Gen Z,7453,300,31,245.94,1794.4
13-10-2024,Campaign 2,Instagram,Video,Millennials,2815,133,13,93.75,914.78
13-10-2024,Campaign 2,Instagram,Video,Gen X,435,12,1,11.2,79.04
13-10-2024,Campaign 2,Instagram,Image,Gen Z,6765,109,3,165.51,189.12
13-10-2024,Campaign 2,Instagram,Image,Millennials,4172,26,0,141.36,0
13-10-2024,Campaign 2,Instagram,Image,Gen X,314,3,0,6.63,0
13-10-2024,Campaign 2,Instagram,Carousel,Gen Z,8320,245,16,274.2,1279.95
13-10-2024,Campaign 2,Instagram,Carousel,Millennials,5554,101,4,210.2,289.34
13-10-2024,Campaign 2,Instagram,Carousel,Gen X,293,8,0,6.66,0
13-10-2024,Campaign 2,TikTok,Video,Gen Z,10632,398,29,354.89,2169.96
13-10-2024,Campaign 2,TikTok,Video,Millennials,1325,56,4,18.84,297.83
13-10-2024,Campaign 2,TikTok,Video,Gen X,441,19,2,6.55,193.8
13-10-2024,Campaign 2,TikTok,Image,Gen Z,6444,123,4,231.18,357.17
13-10-2024,Campaign 2,TikTok,Image,Millennials,1568,17,0,36.72,0
13-10-2024,Campaign 2,TikTok,Image,Gen X,548,10,0,13.99,0
13-10-2024,Campaign 2,TikTok,Carousel,Gen Z,10914,147,4,405.49,377.9
13-10-2024,Campaign 2,TikTok,Carousel,Millennials,1160,29,1,28.72,86.44
13-10-2024,Campaign 2,TikTok,Carousel,Gen X,826,23,0,24.62,0
13-10-2024,Campaign 2,Facebook,Video,Gen Z,1874,54,5,41.67,426.4
13-10-2024,Campaign 2,Facebook,Video,Millennials,6940,333,34,111.55,3101.08
13-10-2024,Campaign 2,Facebook,Video,Gen X,3502,169,14,72.79,820.68
13-10-2024,Campaign 2,Facebook,Image,Gen Z,1684,28,0,42.16,0
13-10-2024,Campaign 2,Facebook,Image,Millennials,5232,47,0,192.6,0
13-10-2024,Campaign 2,Facebook,Image,Gen X,2043,21,0,49.08,0
13-10-2024,Campaign 2,Facebook,Carousel,Gen Z,2359,66,3,30.6,182.83
13-10-2024,Campaign 2,Facebook,Carousel,Millennials,4460,128,3,87.63,280.26
13-10-2024,Campaign 2,Facebook,Carousel,Gen X,3833,74,2,108.77,126.38
14-10-2024,Campaign 2,Instagram,Video,Gen Z,6221,153,7,134.34,521.84
14-10-2024,Campaign 2,Instagram,Video,Millennials,3565,98,6,46.24,446.39
14-10-2024,Campaign 2,Instagram,Video,Gen X,868,24,1,25.11,52.81
14-10-2024,Campaign 2,Instagram,Image,Gen Z,3013,33,1,76.69,85.91
14-10-2024,Campaign 2,Instagram,Image,Millennials,6102,52,2,198.15,119.84
14-10-2024,Campaign 2,Instagram,Image,Gen X,605,10,0,11.77,0
14-10-2024,Campaign 2,Instagram,Carousel,Gen Z,4984,143,11,130.08,808.05
14-10-2024,Campaign 2,Instagram,Carousel,Millennials,6188,143,6,172.06,530.06
14-10-2024,Campaign 2,Instagram,Carousel,Gen X,866,23,1,17.62,84
14-10-2024,Campaign 2,TikTok,Video,Gen Z,5850,244,25,113.18,2068.29
14-10-2024,Campaign 2,TikTok,Video,Millennials,1360,52,6,29.98,439.82
14-10-2024,Campaign 2,TikTok,Video,Gen X,891,19,1,25.47,50.76
14-10-2024,Campaign 2,TikTok,Image,Gen Z,9906,183,5,308.7,365.67
14-10-2024,Campaign 2,TikTok,Image,Millennials,1640,29,1,62.7,56.95
14-10-2024,Campaign 2,TikTok,Image,Gen X,841,15,0,14.45,0
14-10-2024,Campaign 2,TikTok,Carousel,Gen Z,6418,101,3,240.65,185.77
14-10-2024,Campaign 2,TikTok,Carousel,Millennials,797,9,0,24.98,0
14-10-2024,Campaign 2,TikTok,Carousel,Gen X,484,8,0,18.6,0
14-10-2024,Campaign 2,Facebook,Video,Gen Z,1189,30,4,25.13,257.76
14-10-2024,Campaign 2,Facebook,Video,Millennials,8167,263,21,225.71,1059.8
14-10-2024,Campaign 2,Facebook,Video,Gen X,3797,170,14,73.31,1105.93
14-10-2024,Campaign 2,Facebook,Image,Gen Z,1287,23,0,23.82,0
14-10-2024,Campaign 2,Facebook,Image,Millennials,9452,61,2,255.51,160.25
14-10-2024,Campaign 2,Facebook,Image,Gen X,5481,46,2,184.11,114.02
14-10-2024,Campaign 2,Facebook,Carousel,Gen Z,1086,21,0,22.35,0
14-10-2024,Campaign 2,Facebook,Carousel,Millennials,5277,72,3,84.97,220.53
14-10-2024,Campaign 2,Facebook,Carousel,Gen X,5571,142,8,149.48,553.35
15-10-2024,Campaign 2,Instagram,Video,Gen Z,6290,140,7,132.79,495.27
15-10-2024,Campaign 2,Instagram,Video,Millennials,6799,333,42,140.04,2189.35
15-10-2024,Campaign 2,Instagram,Video,Gen X,838,34,3,20.2,227.81
15-10-2024,Campaign 2,Instagram,Image,Gen Z,4695,87,1,147.99,53.03
15-10-2024,Campaign 2,Instagram,Image,Millennials,5989,72,1,117.75,69.97
15-10-2024,Campaign 2,Instagram,Image,Gen X,893,4,0,13.13,0
15-10-2024,Campaign 2,Instagram,Carousel,Gen Z,5020,100,7,143.47,523.34
15-10-2024,Campaign 2,Instagram,Carousel,Millennials,6234,101,6,90.29,494.01
15-10-2024,Campaign 2,Instagram,Carousel,Gen X,659,18,1,13.32,80.03
15-10-2024,Campaign 2,TikTok,Video,Gen Z,6779,214,31,158.1,2606.64
15-10-2024,Campaign 2,TikTok,Video,Millennials,1568,36,3,29.06,241.77
15-10-2024,Campaign 2,TikTok,Video,Gen X,114,4,0,3.12,0
15-10-2024,Campaign 2,TikTok,Image,Gen Z,13783,123,5,311.92,463.11
15-10-2024,Campaign 2,TikTok,Image,Millennials,1092,9,0,30.09,0
15-10-2024,Campaign 2,TikTok,Image,Gen X,543,5,0,14.17,0
15-10-2024,Campaign 2,TikTok,Carousel,Gen Z,12516,272,18,174.72,1735.79
15-10-2024,Campaign 2,TikTok,Carousel,Millennials,943,15,0,15.1,0
15-10-2024,Campaign 2,TikTok,Carousel,Gen X,973,11,0,22.35,0
15-10-2024,Campaign 2,Facebook,Video,Gen Z,1507,57,7,57.98,441.03
15-10-2024,Campaign 2,Facebook,Video,Millennials,4955,151,13,118.88,709.77
15-10-2024,Campaign 2,Facebook,Video,Gen X,2637,127,17,101.46,1169.55
15-10-2024,Campaign 2,Facebook,Image,Gen Z,2940,58,1,83.84,61
15-10-2024,Campaign 2,Facebook,Image,Millennials,8689,144,5,162.41,435.48
15-10-2024,Campaign 2,Facebook,Image,Gen X,2417,44,1,84.9,54.78
15-10-2024,Campaign 2,Facebook,Carousel,Gen Z,2750,77,3,65,220.27
15-10-2024,Campaign 2,Facebook,Carousel,Millennials,6232,148,6,151.11,572.18
15-10-2024,Campaign 2,Facebook,Carousel,Gen X,5854,105,5,124.3,494.22
16-10-2024,Campaign 2,Instagram,Video,Gen Z,4449,202,11,61.08,658.63
16-10-2024,Campaign 2,Instagram,Video,Millennials,2857,103,11,109.2,572.44
16-10-2024,Campaign 2,Instagram,Video,Gen X,444,10,0,10.19,0
16-10-2024,Campaign 2,Instagram,Image,Gen Z,3480,56,1,64.48,74.69
16-10-2024,Campaign 2,Instagram,Image,Millennials,4301,46,1,162.39,92.19
16-10-2024,Campaign 2,Instagram,Image,Gen X,835,14,0,29.31,0
16-10-2024,Campaign 2,Instagram,Carousel,Gen Z,3818,66,3,129,170.05
16-10-2024,Campaign 2,Instagram,Carousel,Millennials,4319,92,2,78.24,123.47
16-10-2024,Campaign 2,Instagram,Carousel,Gen X,557,8,0,12.08,0
16-10-2024,Campaign 2,TikTok,Video,Gen Z,13899,541,72,291.38,4073.47
16-10-2024,Campaign 2,TikTok,Video,Millennials,730,32,3,25.21,207.56
16-10-2024,Campaign 2,TikTok,Video,Gen X,573,24,1,18.53,62.25
16-10-2024,Campaign 2,TikTok,Image,Gen Z,10131,130,1,130.85,51.02
16-10-2024,Campaign 2,TikTok,Image,Millennials,1156,18,0,19.84,0
16-10-2024,Campaign 2,TikTok,Image,Gen X,707,5,0,17.55,0
16-10-2024,Campaign 2,TikTok,Carousel,Gen Z,9333,115,6,355.92,498.21
16-10-2024,Campaign 2,TikTok,Carousel,Millennials,1529,45,2,45.67,163.97
16-10-2024,Campaign 2,TikTok,Carousel,Gen X,562,5,0,20.9,0
16-10-2024,Campaign 2,Facebook,Video,Gen Z,1424,44,3,22.14,239.58
16-10-2024,Campaign 2,Facebook,Video,Millennials,9251,236,22,129.9,1144.08
16-10-2024,Campaign 2,Facebook,Video,Gen X,4789,113,15,175.03,911.15
16-10-2024,Campaign 2,Facebook,Image,Gen Z,2344,23,0,59.58,0
16-10-2024,Campaign 2,Facebook,Image,Millennials,8119,125,2,275.67,126.43
16-10-2024,Campaign 2,Facebook,Image,Gen X,2598,51,1,56.59,62.02
16-10-2024,Campaign 2,Facebook,Carousel,Gen Z,1490,31,2,41.57,132.69
16-10-2024,Campaign 2,Facebook,Carousel,Millennials,4647,134,2,97.98,183.74
16-10-2024,Campaign 2,Facebook,Carousel,Gen X,4306,99,5,85.77,398.44
17-10-2024,Campaign 2,Instagram,Video,Gen Z,5855,197,22,131.01,1952.49
17-10-2024,Campaign 2,Instagram,Video,Millennials,6682,313,20,187,1783.71
17-10-2024,Campaign 2,Instagram,Video,Gen X,157,3,0,3.33,0
17-10-2024,Campaign 2,Instagram,Image,Gen Z,9069,177,6,238.02,565.63
17-10-2024,Campaign 2,Instagram,Image,Millennials,2056,14,0,79.25,0
17-10-2024,Campaign 2,Instagram,Image,Gen X,719,6,0,18.76,0
17-10-2024,Campaign 2,Instagram,Carousel,Gen Z,3665,60,2,135.11,191.19
17-10-2024,Campaign 2,Instagram,Carousel,Millennials,5608,99,6,77.72,409.74
17-10-2024,Campaign 2,Instagram,Carousel,Gen X,232,3,0,5.73,0
17-10-2024,Campaign 2,TikTok,Video,Gen Z,13606,489,65,365.98,4651.99
17-10-2024,Campaign 2,TikTok,Video,Millennials,1318,55,6,31.46,463.1
17-10-2024,Campaign 2,TikTok,Video,Gen X,241,9,1,5.16,99.33
17-10-2024,Campaign 2,TikTok,Image,Gen Z,6650,85,4,147.86,258.99
17-10-2024,Campaign 2,TikTok,Image,Millennials,1495,11,0,50.19,0
17-10-2024,Campaign 2,TikTok,Image,Gen X,373,5,0,8.49,0
17-10-2024,Campaign 2,TikTok,Carousel,Gen Z,9882,158,7,131.34,375.85
17-10-2024,Campaign 2,TikTok,Carousel,Millennials,1195,26,0,28.46,0
17-10-2024,Campaign 2,TikTok,Carousel,Gen X,757,7,0,28.57,0
17-10-2024,Campaign 2,Facebook,Video,Gen Z,2785,86,12,79.22,997.59
17-10-2024,Campaign 2,Facebook,Video,Millennials,10817,313,30,249.68,2595.69
17-10-2024,Campaign 2,Facebook,Video,Gen X,5036,133,11,148.07,1071.97
17-10-2024,Campaign 2,Facebook,Image,Gen Z,1378,17,0,27.28,0
17-10-2024,Campaign 2,Facebook,Image,Millennials,10331,116,5,305.01,391.09
17-10-2024,Campaign 2,Facebook,Image,Gen X,4365,75,1,76.07,73.06
17-10-2024,Campaign 2,Facebook,Carousel,Gen Z,1179,34,1,19.84,99.36
17-10-2024,Campaign 2,Facebook,Carousel,Millennials,11948,146,11,447.6,1082.82
17-10-2024,Campaign 2,Facebook,Carousel,Gen X,4321,102,3,158,276.05
18-10-2024,Campaign 2,Instagram,Video,Gen Z,8397,357,28,305.37,1524.92
18-10-2024,Campaign 2,Instagram,Video,Millennials,7251,331,28,127.76,1694.76
18-10-2024,Campaign 2,Instagram,Video,Gen X,564,18,2,7.61,169.14
18-10-2024,Campaign 2,Instagram,Image,Gen Z,4738,55,0,177.87,0
18-10-2024,Campaign 2,Instagram,Image,Millennials,4912,82,3,97.31,157.28
18-10-2024,Campaign 2,Instagram,Image,Gen X,138,1,0,3.61,0
18-10-2024,Campaign 2,Instagram,Carousel,Gen Z,4050,96,7,54.32,441.27
18-10-2024,Campaign 2,Instagram,Carousel,Millennials,4741,62,3,161.66,155.81
18-10-2024,Campaign 2,Instagram,Carousel,Gen X,810,20,1,16.05,56.07
18-10-2024,Campaign 2,TikTok,Video,Gen Z,10601,307,33,204.24,2657.89
18-10-2024,Campaign 2,TikTok,Video,Millennials,1091,50,4,25.93,283.86
18-10-2024,Campaign 2,TikTok,Video,Gen X,864,38,4,32.95,363.96
18-10-2024,Campaign 2,TikTok,Image,Gen Z,9773,172,3,235.05,234.67
18-10-2024,Campaign 2,TikTok,Image,Millennials,1304,8,0,48.56,0
18-10-2024,Campaign 2,TikTok,Image,Gen X,454,2,0,9.96,0
18-10-2024,Campaign 2,TikTok,Carousel,Gen Z,5153,83,3,171.68,195
18-10-2024,Campaign 2,TikTok,Carousel,Millennials,953,14,0,14.04,0
18-10-2024,Campaign 2,TikTok,Carousel,Gen X,244,4,0,5.7,0
18-10-2024,Campaign 2,Facebook,Video,Gen Z,2939,138,9,76.23,720.81
18-10-2024,Campaign 2,Facebook,Video,Millennials,5347,111,13,73.21,1248.55
18-10-2024,Campaign 2,Facebook,Video,Gen X,3396,158,19,120.07,1590.38
18-10-2024,Campaign 2,Facebook,Image,Gen Z,1220,23,0,40.2,0
18-10-2024,Campaign 2,Facebook,Image,Millennials,5730,74,2,130.44,113.64
18-10-2024,Campaign 2,Facebook,Image,Gen X,5566,77,3,164.92,202.14
18-10-2024,Campaign 2,Facebook,Carousel,Gen Z,2930,62,3,87.71,232.67
18-10-2024,Campaign 2,Facebook,Carousel,Millennials,10300,156,4,280.23,390.83
18-10-2024,Campaign 2,Facebook,Carousel,Gen X,2876,62,4,102.88,385.54
19-10-2024,Campaign 2,Instagram,Video,Gen Z,6068,176,18,113,1752.26
19-10-2024,Campaign 2,Instagram,Video,Millennials,2449,119,8,84.92,624.11
19-10-2024,Campaign 2,Instagram,Video,Gen X,336,8,0,9.11,0
19-10-2024,Campaign 2,Instagram,Image,Gen Z,9146,182,4,310.04,356.88
19-10-2024,Campaign 2,Instagram,Image,Millennials,6174,92,1,238.17,58.05
19-10-2024,Campaign 2,Instagram,Image,Gen X,388,4,0,5.14,0
19-10-2024,Campaign 2,Instagram,Carousel,Gen Z,5050,88,2,146.44,176.64
19-10-2024,Campaign 2,Instagram,Carousel,Millennials,6513,170,5,232.37,280.37
19-10-2024,Campaign 2,Instagram,Carousel,Gen X,821,21,0,20.2,0
19-10-2024,Campaign 2,TikTok,Video,Gen Z,12600,505,67,212.58,4490.55
19-10-2024,Campaign 2,TikTok,Video,Millennials,600,14,1,11.2,61.08
19-10-2024,Campaign 2,TikTok,Video,Gen X,916,36,2,16.72,192.75
19-10-2024,Campaign 2,TikTok,Image,Gen Z,14694,105,2,320.23,123.21
19-10-2024,Campaign 2,TikTok,Image,Millennials,1272,16,0,17.39,0
19-10-2024,Campaign 2,TikTok,Image,Gen X,476,8,0,10.92,0
19-10-2024,Campaign 2,TikTok,Carousel,Gen Z,14968,345,27,379.92,1883.51
19-10-2024,Campaign 2,TikTok,Carousel,Millennials,1548,45,1,32.23,57.53
19-10-2024,Campaign 2,TikTok,Carousel,Gen X,385,6,0,11.28,0
19-10-2024,Campaign 2,Facebook,Video,Gen Z,1515,44,4,45.39,256.14
19-10-2024,Campaign 2,Facebook,Video,Millennials,7975,331,26,136.48,2050.65
19-10-2024,Campaign 2,Facebook,Video,Gen X,4879,104,7,126.18,465.04
19-10-2024,Campaign 2,Facebook,Image,Gen Z,1494,18,0,49.65,0
19-10-2024,Campaign 2,Facebook,Image,Millennials,11519,179,5,247.9,315.31
19-10-2024,Campaign 2,Facebook,Image,Gen X,5051,49,2,120.12,159.1
19-10-2024,Campaign 2,Facebook,Carousel,Gen Z,2579,62,1,61.59,59.21
19-10-2024,Campaign 2,Facebook,Carousel,Millennials,9523,261,15,334.48,1195.63
19-10-2024,Campaign 2,Facebook,Carousel,Gen X,2823,43,2,65,170.47
20-10-2024,Campaign 2,Instagram,Video,Gen Z,4969,222,13,80.66,795.86
20-10-2024,Campaign 2,Instagram,Video,Millennials,7099,143,11,251.44,1073.57
20-10-2024,Campaign 2,Instagram,Video,Gen X,310,8,1,7.95,87.18
20-10-2024,Campaign 2,Instagram,Image,Gen Z,4268,52,2,79.55,190.95
20-10-2024,Campaign 2,Instagram,Image,Millennials,3249,43,1,59.81,64.82
20-10-2024,Campaign 2,Instagram,Image,Gen X,681,12,0,15.71,0
20-10-2024,Campaign 2,Instagram,Carousel,Gen Z,9468,202,4,232.32,286.88
20-10-2024,Campaign 2,Instagram,Carousel,Millennials,6662,122,4,206.28,201.1
20-10-2024,Campaign 2,Instagram,Carousel,Gen X,156,2,0,4.67,0
20-10-2024,Campaign 2,TikTok,Video,Gen Z,14890,678,48,466.31,3876.33
20-10-2024,Campaign 2,TikTok,Video,Millennials,873,18,2,33.75,163.96
20-10-2024,Campaign 2,TikTok,Video,Gen X,676,18,2,14.99,172.65
20-10-2024,Campaign 2,TikTok,Image,Gen Z,11523,221,2,252.19,159.64
20-10-2024,Campaign 2,TikTok,Image,Millennials,1194,21,0,33.06,0
20-10-2024,Campaign 2,TikTok,Image,Gen X,987,13,0,26.32,0
20-10-2024,Campaign 2,TikTok,Carousel,Gen Z,7749,187,12,211.75,728.59
20-10-2024,Campaign 2,TikTok,Carousel,Millennials,578,9,0,12.28,0
20-10-2024,Campaign 2,TikTok,Carousel,Gen X,709,9,0,13.57,0
20-10-2024,Campaign 2,Facebook,Video,Gen Z,1682,49,3,24.57,173.02
20-10-2024,Campaign 2,Facebook,Video,Millennials,6169,179,24,178.9,1552.13
20-10-2024,Campaign 2,Facebook,Video,Gen X,4945,185,10,178.98,620.22
20-10-2024,Campaign 2,Facebook,Image,Gen Z,2684,50,1,72.05,73
20-10-2024,Campaign 2,Facebook,Image,Millennials,5315,36,0,182.44,0
20-10-2024,Campaign 2,Facebook,Image,Gen X,2326,15,0,70.81,0
20-10-2024,Campaign 2,Facebook,Carousel,Gen Z,1687,28,0,53.93,0
20-10-2024,Campaign 2,Facebook,Carousel,Millennials,6898,159,12,233.76,715.3
20-10-2024,Campaign 2,Facebook,Carousel,Gen X,5730,92,4,170.33,240.45
21-10-2024,Campaign 2,Instagram,Video,Gen Z,3810,153,15,140.87,909.56
21-10-2024,Campaign 2,Instagram,Video,Millennials,5968,142,13,195.11,746.29
21-10-2024,Campaign 2,Instagram,Video,Gen X,784,37,3,14.24,167.88
21-10-2024,Campaign 2,Instagram,Image,Gen Z,7223,138,3,194.28,197.31
21-10-2024,Campaign 2,Instagram,Image,Millennials,6919,37,1,262.33,88.48
21-10-2024,Campaign 2,Instagram,Image,Gen X,329,4,0,4.77,0
21-10-2024,Campaign 2,Instagram,Carousel,Gen Z,6358,67,1,95.4,52.89
21-10-2024,Campaign 2,Instagram,Carousel,Millennials,5664,63,1,185.92,87.97
21-10-2024,Campaign 2,Instagram,Carousel,Gen X,655,13,0,17.21,0
21-10-2024,Campaign 2,TikTok,Video,Gen Z,13797,449,60,280.34,4444.46
21-10-2024,Campaign 2,TikTok,Video,Millennials,1550,45,3,58.78,286.89
21-10-2024,Campaign 2,TikTok,Video,Gen X,563,13,1,10.97,58.43
21-10-2024,Campaign 2,TikTok,Image,Gen Z,13885,262,8,424.25,641.83
21-10-2024,Campaign 2,TikTok,Image,Millennials,1169,21,0,37.18,0
21-10-2024,Campaign 2,TikTok,Image,Gen X,569,5,0,13.26,0
21-10-2024,Campaign 2,TikTok,Carousel,Gen Z,7099,115,4,165.92,390.36
21-10-2024,Campaign 2,TikTok,Carousel,Millennials,1445,15,0,43.51,0
21-10-2024,Campaign 2,TikTok,Carousel,Gen X,639,7,0,11.33,0
21-10-2024,Campaign 2,Facebook,Video,Gen Z,1741,84,11,62.29,570.67
21-10-2024,Campaign 2,Facebook,Video,Millennials,4907,240,19,146.03,1080.58
21-10-2024,Campaign 2,Facebook,Video,Gen X,5823,152,16,155.21,1258.84
21-10-2024,Campaign 2,Facebook,Image,Gen Z,2465,25,0,73.72,0
21-10-2024,Campaign 2,Facebook,Image,Millennials,8832,136,3,329.24,221.95
21-10-2024,Campaign 2,Facebook,Image,Gen X,2933,46,1,87.68,77.27
21-10-2024,Campaign 2,Facebook,Carousel,Gen Z,2372,49,2,40.38,179.08
21-10-2024,Campaign 2,Facebook,Carousel,Millennials,8362,231,12,278.2,869.92
21-10-2024,Campaign 2,Facebook,Carousel,Gen X,4215,69,3,133.38,194.47
22-10-2024,Campaign 2,Instagram,Video,Gen Z,4599,104,11,163.08,933.55
22-10-2024,Campaign 2,Instagram,Video,Millennials,3787,111,15,90.19,1391.55
22-10-2024,Campaign 2,Instagram,Video,Gen X,465,13,1,10.04,91.06
22-10-2024,Campaign 2,Instagram,Image,Gen Z,7510,38,0,266.25,0
22-10-2024,Campaign 2,Instagram,Image,Millennials,3488,18,0,125.9,0
22-10-2024,Campaign 2,Instagram,Image,Gen X,196,2,0,5.83,0
22-10-2024,Campaign 2,Instagram,Carousel,Gen Z,3395,71,1,64.23,85.24
22-10-2024,Campaign 2,Instagram,Carousel,Millennials,6517,139,5,152.19,274.01
22-10-2024,Campaign 2,Instagram,Carousel,Gen X,167,3,0,6.27,0
22-10-2024,Campaign 2,TikTok,Video,Gen Z,5135,138,19,166.36,1209.63
22-10-2024,Campaign 2,TikTok,Video,Millennials,1711,62,6,34.91,301.02
22-10-2024,Campaign 2,TikTok,Video,Gen X,705,17,1,17.29,61.76
22-10-2024,Campaign 2,TikTok,Image,Gen Z,10797,120,2,285.63,106.5
22-10-2024,Campaign 2,TikTok,Image,Millennials,1184,9,0,38.04,0
22-10-2024,Campaign 2,TikTok,Image,Gen X,449,6,0,12.7,0
22-10-2024,Campaign 2,TikTok,Carousel,Gen Z,6564,96,4,218.46,249.5
22-10-2024,Campaign 2,TikTok,Carousel,Millennials,1334,19,1,42.71,54.77
22-10-2024,Campaign 2,TikTok,Carousel,Gen X,1000,17,1,32.1,70.75
22-10-2024,Campaign 2,Facebook,Video,Gen Z,1917,78,7,32.54,571.51
22-10-2024,Campaign 2,Facebook,Video,Millennials,10925,427,36,336.44,2405.21
22-10-2024,Campaign 2,Facebook,Video,Gen X,3827,173,15,136.38,1236.42
22-10-2024,Campaign 2,Facebook,Image,Gen Z,2235,31,1,75.58,99.62
22-10-2024,Campaign 2,Facebook,Image,Millennials,6261,44,1,233.86,79.42
22-10-2024,Campaign 2,Facebook,Image,Gen X,5345,32,0,204.68,0
22-10-2024,Campaign 2,Facebook,Carousel,Gen Z,2952,35,2,71.61,140.56
22-10-2024,Campaign 2,Facebook,Carousel,Millennials,10023,144,4,352.2,323.19
22-10-2024,Campaign 2,Facebook,Carousel,Gen X,3984,55,4,122.85,337.34
23-10-2024,Campaign 2,Instagram,Video,Gen Z,6973,213,13,229.48,804.51
23-10-2024,Campaign 2,Instagram,Video,Millennials,6085,252,26,79.35,2435.88
23-10-2024,Campaign 2,Instagram,Video,Gen X,635,16,2,24.15,132.7
23-10-2024,Campaign 2,Instagram,Image,Gen Z,3613,22,0,129.77,0
23-10-2024,Campaign 2,Instagram,Image,Millennials,4518,64,2,140.84,168.61
23-10-2024,Campaign 2,Instagram,Image,Gen X,912,8,0,14.94,0
23-10-2024,Campaign 2,Instagram,Carousel,Gen Z,5109,97,2,189.61,108.04
23-10-2024,Campaign 2,Instagram,Carousel,Millennials,4094,113,5,131.89,293.54
23-10-2024,Campaign 2,Instagram,Carousel,Gen X,895,26,1,31.61,83.93
23-10-2024,Campaign 2,TikTok,Video,Gen Z,9365,307,31,121.95,1601.63
23-10-2024,Campaign 2,TikTok,Video,Millennials,910,42,4,18.19,331.67
23-10-2024,Campaign 2,TikTok,Video,Gen X,234,9,1,4.75,84.37
23-10-2024,Campaign 2,TikTok,Image,Gen Z,9469,162,2,226.92,143.46
23-10-2024,Campaign 2,TikTok,Image,Millennials,1376,15,0,17.8,0
23-10-2024,Campaign 2,TikTok,Image,Gen X,779,6,0,10.42,0
23-10-2024,Campaign 2,TikTok,Carousel,Gen Z,13699,317,24,203.08,1698.83
23-10-2024,Campaign 2,TikTok,Carousel,Millennials,837,19,0,14.32,0
23-10-2024,Campaign 2,TikTok,Carousel,Gen X,916,9,0,16.54,0
23-10-2024,Campaign 2,Facebook,Video,Gen Z,1797,73,10,30.68,907.78
23-10-2024,Campaign 2,Facebook,Video,Millennials,7795,248,30,292.78,2878.45
23-10-2024,Campaign 2,Facebook,Video,Gen X,5029,248,28,181.92,2798.72
23-10-2024,Campaign 2,Facebook,Image,Gen Z,2673,47,0,62.16,0
23-10-2024,Campaign 2,Facebook,Image,Millennials,4187,50,1,72.2,72.09
23-10-2024,Campaign 2,Facebook,Image,Gen X,5731,44,1,133.36,78.89
23-10-2024,Campaign 2,Facebook,Carousel,Gen Z,1615,41,1,25.55,76.57
23-10-2024,Campaign 2,Facebook,Carousel,Millennials,4335,54,1,115.63,82.03
23-10-2024,Campaign 2,Facebook,Carousel,Gen X,4117,52,2,77.41,179.83
24-10-2024,Campaign 2,Instagram,Video,Gen Z,8626,173,12,209.14,937.85
24-10-2024,Campaign 2,Instagram,Video,Millennials,5704,266,30,111.47,2674.93
24-10-2024,Campaign 2,Instagram,Video,Gen X,248,7,0,4.62,0
24-10-2024,Campaign 2,Instagram,Image,Gen Z,9768,108,3,299.85,267.84
24-10-2024,Campaign 2,Instagram,Image,Millennials,6867,57,1,245.12,56.93
24-10-2024,Campaign 2,Instagram,Image,Gen X,391,6,0,11.48,0
24-10-2024,Campaign 2,Instagram,Carousel,Gen Z,3204,79,4,105.23,230.4
24-10-2024,Campaign 2,Instagram,Carousel,Millennials,4762,67,4,98.42,254.48
24-10-2024,Campaign 2,Instagram,Carousel,Gen X,369,7,0,9.7,0
24-10-2024,Campaign 2,TikTok,Video,Gen Z,11771,393,31,213.94,2091.14
24-10-2024,Campaign 2,TikTok,Video,Millennials,1781,62,7,23.69,455.51
24-10-2024,Campaign 2,TikTok,Video,Gen X,703,33,4,13.24,345.18
24-10-2024,Campaign 2,TikTok,Image,Gen Z,13129,177,4,379.45,263.8
24-10-2024,Campaign 2,TikTok,Image,Millennials,1937,16,0,30.45,0
24-10-2024,Campaign 2,TikTok,Image,Gen X,916,8,0,14.06,0
24-10-2024,Campaign 2,TikTok,Carousel,Gen Z,7708,192,15,222.64,833.74
24-10-2024,Campaign 2,TikTok,Carousel,Millennials,820,20,1,14.01,62.67
24-10-2024,Campaign 2,TikTok,Carousel,Gen X,363,5,0,7.2,0
24-10-2024,Campaign 2,Facebook,Video,Gen Z,2324,100,13,74.16,1024.64
24-10-2024,Campaign 2,Facebook,Video,Millennials,10353,385,31,314.81,2342.37
24-10-2024,Campaign 2,Facebook,Video,Gen X,4705,177,26,180.29,2062.2
24-10-2024,Campaign 2,Facebook,Image,Gen Z,2107,28,0,55.35,0
24-10-2024,Campaign 2,Facebook,Image,Millennials,5843,36,1,153.1,62.77
24-10-2024,Campaign 2,Facebook,Image,Gen X,4739,83,0,76.46,0
24-10-2024,Campaign 2,Facebook,Carousel,Gen Z,1732,27,1,29.75,63.23
24-10-2024,Campaign 2,Facebook,Carousel,Millennials,8937,210,4,304.57,239.81
24-10-2024,Campaign 2,Facebook,Carousel,Gen X,5855,83,3,169.1,261.8
25-10-2024,Campaign 2,Instagram,Video,Gen Z,9569,319,43,265.66,4116.09
25-10-2024,Campaign 2,Instagram,Video,Millennials,6067,221,19,88.59,1495.55
25-10-2024,Campaign 2,Instagram,Video,Gen X,482,15,1,13.78,94.21
25-10-2024,Campaign 2,Instagram,Image,Gen Z,7867,154,3,165.82,212.77
25-10-2024,Campaign 2,Instagram,Image,Millennials,5794,81,3,111.45,204.94
25-10-2024,Campaign 2,Instagram,Image,Gen X,459,9,0,7.92,0
25-10-2024,Campaign 2,Instagram,Carousel,Gen Z,8232,181,9,248.78,616.99
25-10-2024,Campaign 2,Instagram,Carousel,Millennials,4530,121,2,167.06,182.92
25-10-2024,Campaign 2,Instagram,Carousel,Gen X,330,5,0,8.93,0
25-10-2024,Campaign 2,TikTok,Video,Gen Z,9864,270,29,137.51,2662.48
25-10-2024,Campaign 2,TikTok,Video,Millennials,1678,72,10,54.73,912.68
25-10-2024,Campaign 2,TikTok,Video,Gen X,510,15,1,18.32,69.22
25-10-2024,Campaign 2,TikTok,Image,Gen Z,13604,198,6,430.31,552.09
25-10-2024,Campaign 2,TikTok,Image,Millennials,580,11,0,19.84,0
25-10-2024,Campaign 2,TikTok,Image,Gen X,393,3,0,9.88,0
25-10-2024,Campaign 2,TikTok,Carousel,Gen Z,12432,145,9,452.09,732.96
25-10-2024,Campaign 2,TikTok,Carousel,Millennials,729,11,0,13.55,0
25-10-2024,Campaign 2,TikTok,Carousel,Gen X,710,17,0,10.61,0
25-10-2024,Campaign 2,Facebook,Video,Gen Z,2359,50,3,36.56,233.42
25-10-2024,Campaign 2,Facebook,Video,Millennials,6934,216,31,207.62,2762.38
25-10-2024,Campaign 2,Facebook,Video,Gen X,5731,159,20,209.66,1315.94
25-10-2024,Campaign 2,Facebook,Image,Gen Z,2574,29,0,75.35,0
25-10-2024,Campaign 2,Facebook,Image,Millennials,4027,69,1,147.01,60.84
25-10-2024,Campaign 2,Facebook,Image,Gen X,2260,12,0,57.13,0
25-10-2024,Campaign 2,Facebook,Carousel,Gen Z,1624,20,1,25.88,54.87
25-10-2024,Campaign 2,Facebook,Carousel,Millennials,11514,273,16,289.03,1112.64
25-10-2024,Campaign 2,Facebook,Carousel,Gen X,3615,64,2,125.64,172.38
26-10-2024,Campaign 2,Instagram,Video,Gen Z,7669,173,18,198.62,1613.19
26-10-2024,Campaign 2,Instagram,Video,Millennials,2456,61,3,86.68,230.33
26-10-2024,Campaign 2,Instagram,Video,Gen X,680,24,2,18.11,143.48
26-10-2024,Campaign 2,Instagram,Image,Gen Z,6684,80,3,175.86,291.44
26-10-2024,Campaign 2,Instagram,Image,Millennials,4511,42,1,108.71,65.1
26-10-2024,Campaign 2,Instagram,Image,Gen X,379,4,0,10.58,0
26-10-2024,Campaign 2,Instagram,Carousel,Gen Z,7470,184,3,113.69,164.17
26-10-2024,Campaign 2,Instagram,Carousel,Millennials,2927,52,3,82.37,267.09
26-10-2024,Campaign 2,Instagram,Carousel,Gen X,137,2,0,2.99,0
26-10-2024,Campaign 2,TikTok,Video,Gen Z,5291,144,18,75.04,1031.55
26-10-2024,Campaign 2,TikTok,Video,Millennials,1374,63,4,41.93,321.52
26-10-2024,Campaign 2,TikTok,Video,Gen X,953,25,2,21.16,145.16
26-10-2024,Campaign 2,TikTok,Image,Gen Z,12777,192,4,383.43,309.35
26-10-2024,Campaign 2,TikTok,Image,Millennials,1365,11,0,19.25,0
26-10-2024,Campaign 2,TikTok,Image,Gen X,943,8,0,24.1,0
26-10-2024,Campaign 2,TikTok,Carousel,Gen Z,5364,139,6,150.34,349.07
26-10-2024,Campaign 2,TikTok,Carousel,Millennials,1165,30,1,44.38,72.81
26-10-2024,Campaign 2,TikTok,Carousel,Gen X,300,5,0,4.9,0
26-10-2024,Campaign 2,Facebook,Video,Gen Z,2011,95,6,67.66,422.82
26-10-2024,Campaign 2,Facebook,Video,Millennials,10683,504,44,393.62,2320.34
26-10-2024,Campaign 2,Facebook,Video,Gen X,2276,62,5,68.59,469.27
26-10-2024,Campaign 2,Facebook,Image,Gen Z,1340,15,0,49.78,0
26-10-2024,Campaign 2,Facebook,Image,Millennials,10333,185,6,268.96,393.76
26-10-2024,Campaign 2,Facebook,Image,Gen X,5358,57,2,198.62,186.44
26-10-2024,Campaign 2,Facebook,Carousel,Gen Z,2765,82,3,101.02,168.81
26-10-2024,Campaign 2,Facebook,Carousel,Millennials,6586,70,3,157.23,159.77
26-10-2024,Campaign 2,Facebook,Carousel,Gen X,5270,115,8,172.19,616.15
27-10-2024,Campaign 2,Instagram,Video,Gen Z,8229,377,43,139.81,2457.17
27-10-2024,Campaign 2,Instagram,Video,Millennials,7302,232,20,131.21,1301.01
27-10-2024,Campaign 2,Instagram,Video,Gen X,326,9,0,5.88,0
27-10-2024,Campaign 2,Instagram,Image,Gen Z,5670,37,1,181.51,94.56
27-10-2024,Campaign 2,Instagram,Image,Millennials,2318,16,0,80.51,0
27-10-2024,Campaign 2,Instagram,Image,Gen X,467,7,0,17.78,0
27-10-2024,Campaign 2,Instagram,Carousel,Gen Z,7181,184,14,158.59,1006.48
27-10-2024,Campaign 2,Instagram,Carousel,Millennials,5212,144,8,182.46,434.08
27-10-2024,Campaign 2,Instagram,Carousel,Gen X,154,2,0,4.39,0
27-10-2024,Campaign 2,TikTok,Video,Gen Z,14355,559,65,223.67,5410.8
27-10-2024,Campaign 2,TikTok,Video,Millennials,783,18,2,24.15,195.4
27-10-2024,Campaign 2,TikTok,Video,Gen X,109,4,0,2.53,0
27-10-2024,Campaign 2,TikTok,Image,Gen Z,11631,140,1,371.48,78.3
27-10-2024,Campaign 2,TikTok,Image,Millennials,1757,29,0,31.43,0
27-10-2024,Campaign 2,TikTok,Image,Gen X,610,4,0,20,0
27-10-2024,Campaign 2,TikTok,Carousel,Gen Z,11890,300,17,247.54,1645.62
27-10-2024,Campaign 2,TikTok,Carousel,Millennials,1450,34,0,39.48,0
27-10-2024,Campaign 2,TikTok,Carousel,Gen X,275,5,0,6.17,0
27-10-2024,Campaign 2,Facebook,Video,Gen Z,2945,125,15,52.62,1375.49
27-10-2024,Campaign 2,Facebook,Video,Millennials,6858,180,20,252.52,1599.71
27-10-2024,Campaign 2,Facebook,Video,Gen X,3333,142,19,67.3,1163.1
27-10-2024,Campaign 2,Facebook,Image,Gen Z,2502,30,1,87.37,92.29
27-10-2024,Campaign 2,Facebook,Image,Millennials,8831,102,3,234.51,202
27-10-2024,Campaign 2,Facebook,Image,Gen X,4263,39,0,147.78,0
27-10-2024,Campaign 2,Facebook,Carousel,Gen Z,2721,45,1,91.24,73.1
27-10-2024,Campaign 2,Facebook,Carousel,Millennials,11145,261,19,269.78,1606.79
27-10-2024,Campaign 2,Facebook,Carousel,Gen X,3016,41,2,42.58,103.79
28-10-2024,Campaign 2,Instagram,Video,Gen Z,9719,276,26,126.67,1694.47
28-10-2024,Campaign 2,Instagram,Video,Millennials,4733,173,8,163.47,540.07
28-10-2024,Campaign 2,Instagram,Video,Gen X,495,23,2,9.16,155.45
28-10-2024,Campaign 2,Instagram,Image,Gen Z,5582,70,1,190,51.31
28-10-2024,Campaign 2,Instagram,Image,Millennials,7323,81,3,111.4,242.34
28-10-2024,Campaign 2,Instagram,Image,Gen X,618,3,0,13.06,0
28-10-2024,Campaign 2,Instagram,Carousel,Gen Z,3675,80,6,122.8,403.68
28-10-2024,Campaign 2,Instagram,Carousel,Millennials,6993,110,6,227.44,335.13
28-10-2024,Campaign 2,Instagram,Carousel,Gen X,984,24,0,34.24,0
28-10-2024,Campaign 2,TikTok,Video,Gen Z,12371,383,36,447.52,2132.36
28-10-2024,Campaign 2,TikTok,Video,Millennials,1900,49,4,43.14,239.74
28-10-2024,Campaign 2,TikTok,Video,Gen X,751,15,1,14.42,81.56
28-10-2024,Campaign 2,TikTok,Image,Gen Z,10940,69,2,300.49,145.26
28-10-2024,Campaign 2,TikTok,Image,Millennials,874,10,0,14.84,0
28-10-2024,Campaign 2,TikTok,Image,Gen X,264,1,0,7.02,0
28-10-2024,Campaign 2,TikTok,Carousel,Gen Z,8704,143,7,129.02,610.54
28-10-2024,Campaign 2,TikTok,Carousel,Millennials,967,18,1,26.35,89.81
28-10-2024,Campaign 2,TikTok,Carousel,Gen X,559,16,0,15.79,0
28-10-2024,Campaign 2,Facebook,Video,Gen Z,1527,47,6,32.44,346.09
28-10-2024,Campaign 2,Facebook,Video,Millennials,6724,318,30,178.05,1995.51
28-10-2024,Campaign 2,Facebook,Video,Gen X,4306,206,29,146.21,2882.08
28-10-2024,Campaign 2,Facebook,Image,Gen Z,1052,7,0,18.32,0
28-10-2024,Campaign 2,Facebook,Image,Millennials,4209,59,2,135.86,166.82
28-10-2024,Campaign 2,Facebook,Image,Gen X,2336,26,0,50.52,0
28-10-2024,Campaign 2,Facebook,Carousel,Gen Z,2733,81,5,82.57,491.65
28-10-2024,Campaign 2,Facebook,Carousel,Millennials,10694,244,5,270.4,497.74
28-10-2024,Campaign 2,Facebook,Carousel,Gen X,2200,42,2,56.92,147.47
29-10-2024,Campaign 2,Instagram,Video,Gen Z,6012,164,19,99.01,1829.84
29-10-2024,Campaign 2,Instagram,Video,Millennials,5428,202,16,137,1523.04
29-10-2024,Campaign 2,Instagram,Video,Gen X,994,45,4,29.88,211.18
29-10-2024,Campaign 2,Instagram,Image,Gen Z,6454,93,2,196.14,123.71
29-10-2024,Campaign 2,Instagram,Image,Millennials,7305,68,2,126.52,160.85
29-10-2024,Campaign 2,Instagram,Image,Gen X,670,8,0,19.25,0
29-10-2024,Campaign 2,Instagram,Carousel,Gen Z,5633,95,3,192.81,183.85
29-10-2024,Campaign 2,Instagram,Carousel,Millennials,6359,90,3,84.07,285.47
29-10-2024,Campaign 2,Instagram,Carousel,Gen X,753,19,0,19.92,0
29-10-2024,Campaign 2,TikTok,Video,Gen Z,13173,493,52,174.36,4478.68
29-10-2024,Campaign 2,TikTok,Video,Millennials,1561,64,8,22.84,565.13
29-10-2024,Campaign 2,TikTok,Video,Gen X,364,15,1,13.44,63.3
29-10-2024,Campaign 2,TikTok,Image,Gen Z,8441,80,2,235.1,186.88
29-10-2024,Campaign 2,TikTok,Image,Millennials,1761,10,0,34.55,0
29-10-2024,Campaign 2,TikTok,Image,Gen X,691,12,0,17.83,0
29-10-2024,Campaign 2,TikTok,Carousel,Gen Z,14237,397,16,333.73,1004.56
29-10-2024,Campaign 2,TikTok,Carousel,Millennials,1553,41,3,31.46,252.96
29-10-2024,Campaign 2,TikTok,Carousel,Gen X,519,15,0,19.15,0
29-10-2024,Campaign 2,Facebook,Video,Gen Z,1466,44,4,43.4,265.74
29-10-2024,Campaign 2,Facebook,Video,Millennials,11026,494,47,217.17,2516.51
29-10-2024,Campaign 2,Facebook,Video,Gen X,5409,191,22,81.72,2057.13
29-10-2024,Campaign 2,Facebook,Image,Gen Z,1673,20,0,62.99,0
29-10-2024,Campaign 2,Facebook,Image,Millennials,5881,41,0,210.15,0
29-10-2024,Campaign 2,Facebook,Image,Gen X,2555,33,1,98.68,99.31
29-10-2024,Campaign 2,Facebook,Carousel,Gen Z,2066,45,1,56.69,85.43
29-10-2024,Campaign 2,Facebook,Carousel,Millennials,7275,147,10,204.6,936.33
29-10-2024,Campaign 2,Facebook,Carousel,Gen X,2150,63,1,48.85,59.02
30-10-2024,Campaign 2,Instagram,Video,Gen Z,6339,196,13,153.48,938.41
30-10-2024,Campaign 2,Instagram,Video,Millennials,6982,173,23,155.16,1649.77
30-10-2024,Campaign 2,Instagram,Video,Gen X,372,13,1,7.64,54.74
30-10-2024,Campaign 2,Instagram,Image,Gen Z,3350,56,1,86.93,62.98
30-10-2024,Campaign 2,Instagram,Image,Millennials,5821,98,2,97.49,105.56
30-10-2024,Campaign 2,Instagram,Image,Gen X,850,13,0,26.71,0
30-10-2024,Campaign 2,Instagram,Carousel,Gen Z,4937,127,4,92.17,393.93
30-10-2024,Campaign 2,Instagram,Carousel,Millennials,4301,97,3,139.52,170.36
30-10-2024,Campaign 2,Instagram,Carousel,Gen X,325,3,0,9.78,0
30-10-2024,Campaign 2,TikTok,Video,Gen Z,9445,370,19,243.64,1029.01
30-10-2024,Campaign 2,TikTok,Video,Millennials,1817,38,5,49.83,390.84
30-10-2024,Campaign 2,TikTok,Video,Gen X,947,41,3,23.84,212.95
30-10-2024,Campaign 2,TikTok,Image,Gen Z,9502,50,0,223.85,0
30-10-2024,Campaign 2,TikTok,Image,Millennials,611,3,0,8.54,0
30-10-2024,Campaign 2,TikTok,Image,Gen X,284,5,0,5.29,0
30-10-2024,Campaign 2,TikTok,Carousel,Gen Z,8369,139,8,214.9,559.54
30-10-2024,Campaign 2,TikTok,Carousel,Millennials,1605,42,1,22.97,78.23
30-10-2024,Campaign 2,TikTok,Carousel,Gen X,203,4,0,5.73,0
30-10-2024,Campaign 2,Facebook,Video,Gen Z,2767,84,8,99.24,689.02
30-10-2024,Campaign 2,Facebook,Video,Millennials,10767,370,26,145.46,1928.19
30-10-2024,Campaign 2,Facebook,Video,Gen X,3340,112,14,75.68,1391.02
30-10-2024,Campaign 2,Facebook,Image,Gen Z,1660,25,1,38.27,79.07
30-10-2024,Campaign 2,Facebook,Image,Millennials,10804,158,2,266.97,146.82
30-10-2024,Campaign 2,Facebook,Image,Gen X,2291,38,0,34.73,0
30-10-2024,Campaign 2,Facebook,Carousel,Gen Z,2111,63,3,75.17,213.9
30-10-2024,Campaign 2,Facebook,Carousel,Millennials,4627,66,4,118.78,274.59
30-10-2024,Campaign 2,Facebook,Carousel,Gen X,2160,32,1,50.45,51.57
31-10-2024,Campaign 2,Instagram,Video,Gen Z,5223,177,10,69.67,564.19
31-10-2024,Campaign 2,Instagram,Video,Millennials,3995,120,11,99.06,627.04
31-10-2024,Campaign 2,Instagram,Video,Gen X,250,6,0,8.28,0
31-10-2024,Campaign 2,Instagram,Image,Gen Z,4328,84,1,148.58,74.57
31-10-2024,Campaign 2,Instagram,Image,Millennials,3531,20,0,69.41,0
31-10-2024,Campaign 2,Instagram,Image,Gen X,369,6,0,8.75,0
31-10-2024,Campaign 2,Instagram,Carousel,Gen Z,6389,141,2,147.14,121.9
31-10-2024,Campaign 2,Instagram,Carousel,Millennials,6683,129,3,90.26,170.73
31-10-2024,Campaign 2,Instagram,Carousel,Gen X,139,3,0,3.97,0
31-10-2024,Campaign 2,TikTok,Video,Gen Z,6684,141,13,152.19,1193.33
31-10-2024,Campaign 2,TikTok,Video,Millennials,1581,38,5,51.84,430.06
31-10-2024,Campaign 2,TikTok,Video,Gen X,717,21,1,9.37,85.97
31-10-2024,Campaign 2,TikTok,Image,Gen Z,13305,87,4,438.57,345.23
31-10-2024,Campaign 2,TikTok,Image,Millennials,1752,19,0,31.92,0
31-10-2024,Campaign 2,TikTok,Image,Gen X,503,3,0,6.66,0
31-10-2024,Campaign 2,TikTok,Carousel,Gen Z,11345,254,6,199.36,483.99
31-10-2024,Campaign 2,TikTok,Carousel,Millennials,1894,32,2,55.14,159.04
31-10-2024,Campaign 2,TikTok,Carousel,Gen X,496,9,0,18.09,0
31-10-2024,Campaign 2,Facebook,Video,Gen Z,1364,41,3,35.02,188.1
31-10-2024,Campaign 2,Facebook,Video,Millennials,8996,445,58,263.33,3076.19
31-10-2024,Campaign 2,Facebook,Video,Gen X,5478,127,13,206.49,1083.06
31-10-2024,Campaign 2,Facebook,Image,Gen Z,1534,26,0,42.65,0
31-10-2024,Campaign 2,Facebook,Image,Millennials,7178,56,1,188.14,81.12
31-10-2024,Campaign 2,Facebook,Image,Gen X,4241,42,1,63.87,82.07
31-10-2024,Campaign 2,Facebook,Carousel,Gen Z,1319,19,0,25,0
31-10-2024,Campaign 2,Facebook,Carousel,Millennials,8636,180,8,306.66,559.48
31-10-2024,Campaign 2,Facebook,Carousel,Gen X,5825,70,5,115.37,251.54
01-11-2024,Campaign 2,Instagram,Video,Gen Z,5921,194,19,202.1,1343.69
01-11-2024,Campaign 2,Instagram,Video,Millennials,6566,222,16,100.2,890.43
01-11-2024,Campaign 2,Instagram,Video,Gen X,949,32,4,32.72,344.67
01-11-2024,Campaign 2,Instagram,Image,Gen Z,5562,37,1,161.1,53
01-11-2024,Campaign 2,Instagram,Image,Millennials,4334,84,2,123.37,140.62
01-11-2024,Campaign 2,Instagram,Image,Gen X,335,3,0,4.62,0
01-11-2024,Campaign 2,Instagram,Carousel,Gen Z,7450,211,4,286.63,241.56
01-11-2024,Campaign 2,Instagram,Carousel,Millennials,6010,130,6,180.94,462.8
01-11-2024,Campaign 2,Instagram,Carousel,Gen X,790,17,1,29.03,98.19
01-11-2024,Campaign 2,TikTok,Video,Gen Z,13835,457,59,229.35,5710.64
01-11-2024,Campaign 2,TikTok,Video,Millennials,1307,31,4,35.33,267.2
01-11-2024,Campaign 2,TikTok,Video,Gen X,800,34,4,25.39,250.6
01-11-2024,Campaign 2,TikTok,Image,Gen Z,12245,193,4,228.27,242.92
01-11-2024,Campaign 2,TikTok,Image,Millennials,1153,5,0,40.59,0
01-11-2024,Campaign 2,TikTok,Image,Gen X,614,9,0,17.44,0
01-11-2024,Campaign 2,TikTok,Carousel,Gen Z,11490,248,8,160.53,469.48
01-11-2024,Campaign 2,TikTok,Carousel,Millennials,885,16,1,28.98,93.67
01-11-2024,Campaign 2,TikTok,Carousel,Gen X,271,5,0,7.9,0
01-11-2024,Campaign 2,Facebook,Video,Gen Z,1105,38,2,18.01,143.39
01-11-2024,Campaign 2,Facebook,Video,Millennials,6895,332,33,259.75,1978.92
01-11-2024,Campaign 2,Facebook,Video,Gen X,4266,156,21,117.54,1585.57
01-11-2024,Campaign 2,Facebook,Image,Gen Z,1768,27,0,43.74,0
01-11-2024,Campaign 2,Facebook,Image,Millennials,8876,153,5,261.37,432.41
01-11-2024,Campaign 2,Facebook,Image,Gen X,3823,41,1,74.78,77.11
01-11-2024,Campaign 2,Facebook,Carousel,Gen Z,1101,19,0,17.93,0
01-11-2024,Campaign 2,Facebook,Carousel,Millennials,8929,256,17,176.94,1245.63
01-11-2024,Campaign 2,Facebook,Carousel,Gen X,5719,111,4,171.73,274.27
02-11-2024,Campaign 2,Instagram,Video,Gen Z,6101,289,38,107.89,3490.2
02-11-2024,Campaign 2,Instagram,Video,Millennials,3064,137,18,73.77,1237.22
02-11-2024,Campaign 2,Instagram,Video,Gen X,763,29,2,28.05,103.63
02-11-2024,Campaign 2,Instagram,Image,Gen Z,8413,64,0,246.9,0
02-11-2024,Campaign 2,Instagram,Image,Millennials,6620,64,3,199.39,213.87
02-11-2024,Campaign 2,Instagram,Image,Gen X,858,7,0,29.11,0
02-11-2024,Campaign 2,Instagram,Carousel,Gen Z,7732,153,6,281.19,449.17
02-11-2024,Campaign 2,Instagram,Carousel,Millennials,7665,213,14,107.47,1274.62
02-11-2024,Campaign 2,Instagram,Carousel,Gen X,846,10,0,27.79,0
02-11-2024,Campaign 2,TikTok,Video,Gen Z,12333,437,60,435.04,5819.51
02-11-2024,Campaign 2,TikTok,Video,Millennials,742,23,2,17.55,104.19
02-11-2024,Campaign 2,TikTok,Video,Gen X,529,20,1,8.05,52.02
02-11-2024,Campaign 2,TikTok,Image,Gen Z,8501,63,3,284.83,254.01
02-11-2024,Campaign 2,TikTok,Image,Millennials,975,6,0,19.87,0
02-11-2024,Campaign 2,TikTok,Image,Gen X,514,2,0,19.87,0
02-11-2024,Campaign 2,TikTok,Carousel,Gen Z,11216,165,4,401,282.68
02-11-2024,Campaign 2,TikTok,Carousel,Millennials,977,23,1,34.66,81.61
02-11-2024,Campaign 2,TikTok,Carousel,Gen X,798,15,0,11.48,0
02-11-2024,Campaign 2,Facebook,Video,Gen Z,2384,112,11,83.79,847.93
02-11-2024,Campaign 2,Facebook,Video,Millennials,10599,429,29,283.67,2060.07
02-11-2024,Campaign 2,Facebook,Video,Gen X,4609,201,25,135.99,1684.89
02-11-2024,Campaign 2,Facebook,Image,Gen Z,2731,15,0,70.08,0
02-11-2024,Campaign 2,Facebook,Image,Millennials,4905,44,0,105.77,0
02-11-2024,Campaign 2,Facebook,Image,Gen X,2540,41,1,87.73,75.99
02-11-2024,Campaign 2,Facebook,Carousel,Gen Z,1416,36,2,30.6,181.78
02-11-2024,Campaign 2,Facebook,Carousel,Millennials,6012,65,1,87.58,83.63
02-11-2024,Campaign 2,Facebook,Carousel,Gen X,4645,84,2,78.78,179.78
03-11-2024,Campaign 2,Instagram,Video,Gen Z,9041,233,27,140.38,2047.82
03-11-2024,Campaign 2,Instagram,Video,Millennials,7494,328,16,183.78,1496.76
03-11-2024,Campaign 2,Instagram,Video,Gen X,301,13,0,10.04,0
03-11-2024,Campaign 2,Instagram,Image,Gen Z,6673,46,0,203.6,0
03-11-2024,Campaign 2,Instagram,Image,Millennials,4421,57,2,140.09,100.84
03-11-2024,Campaign 2,Instagram,Image,Gen X,145,2,0,2.37,0
03-11-2024,Campaign 2,Instagram,Carousel,Gen Z,5895,89,3,205.48,289.08
03-11-2024,Campaign 2,Instagram,Carousel,Millennials,6928,206,13,102.8,1216.45
03-11-2024,Campaign 2,Instagram,Carousel,Gen X,394,5,0,8.33,0
03-11-2024,Campaign 2,TikTok,Video,Gen Z,7899,329,38,260.91,2805.39
03-11-2024,Campaign 2,TikTok,Video,Millennials,1806,85,9,69.23,463.95
03-11-2024,Campaign 2,TikTok,Video,Gen X,668,13,1,15.28,80.57
03-11-2024,Campaign 2,TikTok,Image,Gen Z,13988,230,10,309.52,571.17
03-11-2024,Campaign 2,TikTok,Image,Millennials,1878,35,0,59.89,0
03-11-2024,Campaign 2,TikTok,Image,Gen X,376,7,0,10.48,0
03-11-2024,Campaign 2,TikTok,Carousel,Gen Z,9839,228,17,174.02,1311.77
03-11-2024,Campaign 2,TikTok,Carousel,Millennials,1061,30,0,40.77,0
03-11-2024,Campaign 2,TikTok,Carousel,Gen X,575,8,0,17.29,0
03-11-2024,Campaign 2,Facebook,Video,Gen Z,2362,93,8,35.09,723.08
03-11-2024,Campaign 2,Facebook,Video,Millennials,8736,289,28,293.73,2296.63
03-11-2024,Campaign 2,Facebook,Video,Gen X,2400,94,11,81.9,637.87
03-11-2024,Campaign 2,Facebook,Image,Gen Z,1580,13,0,24.67,0
03-11-2024,Campaign 2,Facebook,Image,Millennials,4803,65,1,183.98,55.22
03-11-2024,Campaign 2,Facebook,Image,Gen X,4676,37,0,137.05,0
03-11-2024,Campaign 2,Facebook,Carousel,Gen Z,1600,27,0,30.29,0
03-11-2024,Campaign 2,Facebook,Carousel,Millennials,5434,133,6,134.23,363.35
03-11-2024,Campaign 2,Facebook,Carousel,Gen X,5991,119,5,218.87,402.81
04-11-2024,Campaign 2,Instagram,Video,Gen Z,8645,228,19,189.79,1403.79
04-11-2024,Campaign 2,Instagram,Video,Millennials,6649,319,38,99.76,2583.92
04-11-2024,Campaign 2,Instagram,Video,Gen X,829,17,1,17.24,83.73
04-11-2024,Campaign 2,Instagram,Image,Gen Z,3236,40,1,118.7,98.71
04-11-2024,Campaign 2,Instagram,Image,Millennials,4862,91,1,105.05,88.13
04-11-2024,Campaign 2,Instagram,Image,Gen X,433,4,0,8.75,0
04-11-2024,Campaign 2,Instagram,Carousel,Gen Z,4883,94,4,85.46,288.36
04-11-2024,Campaign 2,Instagram,Carousel,Millennials,2168,25,1,76.72,92.79
04-11-2024,Campaign 2,Instagram,Carousel,Gen X,868,13,0,18.94,0
04-11-2024,Campaign 2,TikTok,Video,Gen Z,9720,352,47,243.39,4337.16
04-11-2024,Campaign 2,TikTok,Video,Millennials,1130,27,2,37.44,171.21
04-11-2024,Campaign 2,TikTok,Video,Gen X,142,6,0,5.08,0
04-11-2024,Campaign 2,TikTok,Image,Gen Z,7663,53,2,109.98,111.76
04-11-2024,Campaign 2,TikTok,Image,Millennials,1684,28,0,62.14,0
04-11-2024,Campaign 2,TikTok,Image,Gen X,603,6,0,20.7,0
04-11-2024,Campaign 2,TikTok,Carousel,Gen Z,5223,153,6,181.2,511.34
04-11-2024,Campaign 2,TikTok,Carousel,Millennials,510,14,1,18.4,99.91
04-11-2024,Campaign 2,TikTok,Carousel,Gen X,961,26,1,18.66,99.25
04-11-2024,Campaign 2,Facebook,Video,Gen Z,1971,53,5,29,488.33
04-11-2024,Campaign 2,Facebook,Video,Millennials,8585,330,22,231.13,1411.41
04-11-2024,Campaign 2,Facebook,Video,Gen X,5168,168,16,79.81,860.02
04-11-2024,Campaign 2,Facebook,Image,Gen Z,1451,21,0,31.48,0
04-11-2024,Campaign 2,Facebook,Image,Millennials,5811,111,2,85.75,116.95
04-11-2024,Campaign 2,Facebook,Image,Gen X,4687,85,3,105.67,169.86
04-11-2024,Campaign 2,Facebook,Carousel,Gen Z,1787,45,1,57.41,84
04-11-2024,Campaign 2,Facebook,Carousel,Millennials,9464,128,6,179.29,570.91
04-11-2024,Campaign 2,Facebook,Carousel,Gen X,4607,64,4,147.65,396.15
05-11-2024,Campaign 2,Instagram,Video,Gen Z,3278,111,13,112.25,859.88
05-11-2024,Campaign 2,Instagram,Video,Millennials,3106,104,9,58.94,482.94
05-11-2024,Campaign 2,Instagram,Video,Gen X,144,4,0,3.97,0
05-11-2024,Campaign 2,Instagram,Image,Gen Z,9566,101,1,133.1,83.47
05-11-2024,Campaign 2,Instagram,Image,Millennials,2058,26,0,27.04,0
05-11-2024,Campaign 2,Instagram,Image,Gen X,910,5,0,32.46,0
05-11-2024,Campaign 2,Instagram,Carousel,Gen Z,5502,116,4,162.31,287.91
05-11-2024,Campaign 2,Instagram,Carousel,Millennials,2111,52,1,58.94,95
05-11-2024,Campaign 2,Instagram,Carousel,Gen X,513,9,0,18.32,0
05-11-2024,Campaign 2,TikTok,Video,Gen Z,6654,181,10,253.66,576.42
05-11-2024,Campaign 2,TikTok,Video,Millennials,728,24,3,16.85,225.33
05-11-2024,Campaign 2,TikTok,Video,Gen X,293,11,1,9.01,87.33
05-11-2024,Campaign 2,TikTok,Image,Gen Z,12139,112,3,172.73,183.75
05-11-2024,Campaign 2,TikTok,Image,Millennials,1622,14,0,28.98,0
05-11-2024,Campaign 2,TikTok,Image,Gen X,593,7,0,16.31,0
05-11-2024,Campaign 2,TikTok,Carousel,Gen Z,13552,310,14,458.67,1002.09
05-11-2024,Campaign 2,TikTok,Carousel,Millennials,973,27,1,31.46,98.56
05-11-2024,Campaign 2,TikTok,Carousel,Gen X,734,11,0,27.33,0
05-11-2024,Campaign 2,Facebook,Video,Gen Z,1010,48,2,18.63,134.13
05-11-2024,Campaign 2,Facebook,Video,Millennials,10019,450,45,193.87,3812.6
05-11-2024,Campaign 2,Facebook,Video,Gen X,2606,103,6,70.45,476.53
05-11-2024,Campaign 2,Facebook,Image,Gen Z,1212,16,0,22.84,0
05-11-2024,Campaign 2,Facebook,Image,Millennials,9380,101,2,149.25,100.99
05-11-2024,Campaign 2,Facebook,Image,Gen X,4442,66,3,88.51,190.45
05-11-2024,Campaign 2,Facebook,Carousel,Gen Z,1832,37,2,43.12,161.31
05-11-2024,Campaign 2,Facebook,Carousel,Millennials,8555,208,14,276.67,1173.77
05-11-2024,Campaign 2,Facebook,Carousel,Gen X,4873,99,4,185.28,388.4
06-11-2024,Campaign 2,Instagram,Video,Gen Z,9144,349,52,140.07,3318.42
06-11-2024,Campaign 2,Instagram,Video,Millennials,6728,273,15,156.58,1297.7
06-11-2024,Campaign 2,Instagram,Video,Gen X,824,19,1,12.26,77.81
06-11-2024,Campaign 2,Instagram,Image,Gen Z,6565,97,1,249.63,87.93
06-11-2024,Campaign 2,Instagram,Image,Millennials,6833,97,2,178.64,190.94
06-11-2024,Campaign 2,Instagram,Image,Gen X,362,5,0,11.72,0
06-11-2024,Campaign 2,Instagram,Carousel,Gen Z,7544,102,7,279.02,428.68
06-11-2024,Campaign 2,Instagram,Carousel,Millennials,5196,140,5,124.87,481.42
06-11-2024,Campaign 2,Instagram,Carousel,Gen X,514,13,0,8.08,0
06-11-2024,Campaign 2,TikTok,Video,Gen Z,7870,326,31,275.8,1800.69
06-11-2024,Campaign 2,TikTok,Video,Millennials,779,23,1,20.82,50.72
06-11-2024,Campaign 2,TikTok,Video,Gen X,295,6,0,4.9,0
06-11-2024,Campaign 2,TikTok,Image,Gen Z,13691,138,6,430.6,454.16
06-11-2024,Campaign 2,TikTok,Image,Millennials,1009,16,0,38.5,0
06-11-2024,Campaign 2,TikTok,Image,Gen X,277,1,0,8.46,0
06-11-2024,Campaign 2,TikTok,Carousel,Gen Z,6606,85,4,174.2,315.19
06-11-2024,Campaign 2,TikTok,Carousel,Millennials,1574,45,2,41.34,198.41
06-11-2024,Campaign 2,TikTok,Carousel,Gen X,680,19,0,13.93,0
06-11-2024,Campaign 2,Facebook,Video,Gen Z,1328,64,6,17.93,366.51
06-11-2024,Campaign 2,Facebook,Video,Millennials,8822,181,22,294.94,1552.56
06-11-2024,Campaign 2,Facebook,Video,Gen X,2474,93,9,49.67,881.06
06-11-2024,Campaign 2,Facebook,Image,Gen Z,2907,55,1,89,87.35
06-11-2024,Campaign 2,Facebook,Image,Millennials,8367,154,2,222.72,131.61
06-11-2024,Campaign 2,Facebook,Image,Gen X,4166,55,1,152.25,77.11
06-11-2024,Campaign 2,Facebook,Carousel,Gen Z,2356,27,1,38.11,66.72
06-11-2024,Campaign 2,Facebook,Carousel,Millennials,7910,124,3,191.78,224.64
06-11-2024,Campaign 2,Facebook,Carousel,Gen X,4823,97,3,162.52,217.04
07-11-2024,Campaign 2,Instagram,Video,Gen Z,8171,394,29,280.54,2633.8
07-11-2024,Campaign 2,Instagram,Video,Millennials,7784,191,27,213.32,2691.48
07-11-2024,Campaign 2,Instagram,Video,Gen X,263,7,0,6.84,0
07-11-2024,Campaign 2,Instagram,Image,Gen Z,8171,133,5,283.67,305.73
07-11-2024,Campaign 2,Instagram,Image,Millennials,7133,74,3,173.07,293.96
07-11-2024,Campaign 2,Instagram,Image,Gen X,232,3,0,6.48,0
07-11-2024,Campaign 2,Instagram,Carousel,Gen Z,6529,103,7,218.07,630.49
07-11-2024,Campaign 2,Instagram,Carousel,Millennials,3911,74,2,117.1,157.3
07-11-2024,Campaign 2,Instagram,Carousel,Gen X,318,8,0,9.03,0
07-11-2024,Campaign 2,TikTok,Video,Gen Z,6177,305,22,187.75,1599.52
07-11-2024,Campaign 2,TikTok,Video,Millennials,1387,60,6,51.4,599.2
07-11-2024,Campaign 2,TikTok,Video,Gen X,370,11,1,6.73,54.96
07-11-2024,Campaign 2,TikTok,Image,Gen Z,10736,166,8,215,695.98
07-11-2024,Campaign 2,TikTok,Image,Millennials,555,10,0,10.55,0
07-11-2024,Campaign 2,TikTok,Image,Gen X,406,5,0,5.68,0
07-11-2024,Campaign 2,TikTok,Carousel,Gen Z,5680,153,4,107.22,302.47
07-11-2024,Campaign 2,TikTok,Carousel,Millennials,1375,33,1,32.31,58.25
07-11-2024,Campaign 2,TikTok,Carousel,Gen X,240,3,0,8.85,0
07-11-2024,Campaign 2,Facebook,Video,Gen Z,1091,48,7,15.33,608.76
07-11-2024,Campaign 2,Facebook,Video,Millennials,7718,300,36,228.11,2014.53
07-11-2024,Campaign 2,Facebook,Video,Gen X,3494,142,21,53.34,1493.23
07-11-2024,Campaign 2,Facebook,Image,Gen Z,2244,32,1,37.96,77.41
07-11-2024,Campaign 2,Facebook,Image,Millennials,4173,33,0,109.44,0
07-11-2024,Campaign 2,Facebook,Image,Gen X,4649,52,1,120.51,96.05
07-11-2024,Campaign 2,Facebook,Carousel,Gen Z,2043,37,0,46.45,0
07-11-2024,Campaign 2,Facebook,Carousel,Millennials,5750,118,9,153.61,651.48
07-11-2024,Campaign 2,Facebook,Carousel,Gen X,3243,77,4,98.31,272.04
08-11-2024,Campaign 2,Instagram,Video,Gen Z,4177,187,16,124.48,1105
08-11-2024,Campaign 2,Instagram,Video,Millennials,7761,386,44,220.73,4049.82
08-11-2024,Campaign 2,Instagram,Video,Gen X,166,6,0,5.68,0
08-11-2024,Campaign 2,Instagram,Image,Gen Z,8901,54,1,277.16,60.37
08-11-2024,Campaign 2,Instagram,Image,Millennials,4929,70,2,162.36,130.08
08-11-2024,Campaign 2,Instagram,Image,Gen X,616,7,0,22.63,0
08-11-2024,Campaign 2,Instagram,Carousel,Gen Z,6554,158,3,166.85,224.8
08-11-2024,Campaign 2,Instagram,Carousel,Millennials,3136,54,1,65.9,66.36
08-11-2024,Campaign 2,Instagram,Carousel,Gen X,934,10,0,31.02,0
08-11-2024,Campaign 2,TikTok,Video,Gen Z,11927,519,69,338.04,6650.45
08-11-2024,Campaign 2,TikTok,Video,Millennials,969,24,3,21.26,180.51
08-11-2024,Campaign 2,TikTok,Video,Gen X,907,27,3,14.58,221.03
08-11-2024,Campaign 2,TikTok,Image,Gen Z,7434,117,5,195.6,321.35
08-11-2024,Campaign 2,TikTok,Image,Millennials,1630,22,0,28.95,0
08-11-2024,Campaign 2,TikTok,Image,Gen X,708,7,0,9.19,0
08-11-2024,Campaign 2,TikTok,Carousel,Gen Z,9823,110,2,239.34,181.02
08-11-2024,Campaign 2,TikTok,Carousel,Millennials,993,16,0,21.34,0
08-11-2024,Campaign 2,TikTok,Carousel,Gen X,418,7,0,6.17,0
08-11-2024,Campaign 2,Facebook,Video,Gen Z,1634,66,5,38.55,390.71
08-11-2024,Campaign 2,Facebook,Video,Millennials,8349,267,39,187.18,3520.34
08-11-2024,Campaign 2,Facebook,Video,Gen X,5185,194,13,117.38,824.99
08-11-2024,Campaign 2,Facebook,Image,Gen Z,2193,12,0,35.64,0
08-11-2024,Campaign 2,Facebook,Image,Millennials,9016,49,0,138.41,0
08-11-2024,Campaign 2,Facebook,Image,Gen X,5968,68,2,220.34,130.83
08-11-2024,Campaign 2,Facebook,Carousel,Gen Z,1095,32,0,38.19,0
08-11-2024,Campaign 2,Facebook,Carousel,Millennials,6283,133,8,242.46,568.63
08-11-2024,Campaign 2,Facebook,Carousel,Gen X,5723,70,5,82.88,275.04
09-11-2024,Campaign 2,Instagram,Video,Gen Z,3083,93,7,65.93,682.67
09-11-2024,Campaign 2,Instagram,Video,Millennials,4684,230,27,73.85,1871.59
09-11-2024,Campaign 2,Instagram,Video,Gen X,901,28,2,28.69,134.11
09-11-2024,Campaign 2,Instagram,Image,Gen Z,4840,81,3,146.05,277.79
09-11-2024,Campaign 2,Instagram,Image,Millennials,7514,39,1,108.35,59.64
09-11-2024,Campaign 2,Instagram,Image,Gen X,785,11,0,14.37,0
09-11-2024,Campaign 2,Instagram,Carousel,Gen Z,3604,56,3,126.03,203.97
09-11-2024,Campaign 2,Instagram,Carousel,Millennials,4098,103,2,124.69,148.92
09-11-2024,Campaign 2,Instagram,Carousel,Gen X,907,20,0,16.57,0
09-11-2024,Campaign 2,TikTok,Video,Gen Z,12723,421,49,313.06,4400.9
09-11-2024,Campaign 2,TikTok,Video,Millennials,1875,48,3,28.02,291.86
09-11-2024,Campaign 2,TikTok,Video,Gen X,328,9,1,8.85,54.73
09-11-2024,Campaign 2,TikTok,Image,Gen Z,14724,182,3,296,260.44
09-11-2024,Campaign 2,TikTok,Image,Millennials,1963,25,0,72.64,0
09-11-2024,Campaign 2,TikTok,Image,Gen X,455,6,0,16.28,0
09-11-2024,Campaign 2,TikTok,Carousel,Gen Z,6015,174,12,95.27,1125.96
09-11-2024,Campaign 2,TikTok,Carousel,Millennials,1844,24,0,68.15,0
09-11-2024,Campaign 2,TikTok,Carousel,Gen X,877,17,0,17.91,0
09-11-2024,Campaign 2,Facebook,Video,Gen Z,1789,77,6,35.79,317.25
09-11-2024,Campaign 2,Facebook,Video,Millennials,7175,326,28,150.88,2521.02
09-11-2024,Campaign 2,Facebook,Video,Gen X,3305,101,7,73.16,474.01
09-11-2024,Campaign 2,Facebook,Image,Gen Z,2087,38,1,54.47,91.13
09-11-2024,Campaign 2,Facebook,Image,Millennials,7387,53,1,270.46,56.18
09-11-2024,Campaign 2,Facebook,Image,Gen X,2117,20,0,44.07,0
09-11-2024,Campaign 2,Facebook,Carousel,Gen Z,2202,32,2,63.69,140.88
09-11-2024,Campaign 2,Facebook,Carousel,Millennials,6161,174,11,138.03,993.8
09-11-2024,Campaign 2,Facebook,Carousel,Gen X,4481,88,5,127.47,355.42
10-11-2024,Campaign 2,Instagram,Video,Gen Z,4698,148,8,165.25,769.08
10-11-2024,Campaign 2,Instagram,Video,Millennials,4883,178,17,69.83,1387.63
10-11-2024,Campaign 2,Instagram,Video,Gen X,393,9,0,11.28,0
10-11-2024,Campaign 2,Instagram,Image,Gen Z,4577,76,2,167.55,118.94
10-11-2024,Campaign 2,Instagram,Image,Millennials,4852,92,1,138.26,82.16
10-11-2024,Campaign 2,Instagram,Image,Gen X,745,14,0,13.78,0
10-11-2024,Campaign 2,Instagram,Carousel,Gen Z,5429,67,4,73.23,273.67
10-11-2024,Campaign 2,Instagram,Carousel,Millennials,5674,156,10,82.06,775.23
10-11-2024,Campaign 2,Instagram,Carousel,Gen X,482,6,0,16.36,0
10-11-2024,Campaign 2,TikTok,Video,Gen Z,13094,271,33,494.95,2425.89
10-11-2024,Campaign 2,TikTok,Video,Millennials,1483,56,5,47.35,479.06
10-11-2024,Campaign 2,TikTok,Video,Gen X,410,10,1,15.35,70.51
10-11-2024,Campaign 2,TikTok,Image,Gen Z,12227,156,2,268.13,116.38
10-11-2024,Campaign 2,TikTok,Image,Millennials,1968,33,1,38.47,53.09
10-11-2024,Campaign 2,TikTok,Image,Gen X,469,7,0,8.54,0
10-11-2024,Campaign 2,TikTok,Carousel,Gen Z,5637,126,5,116.33,312.28
10-11-2024,Campaign 2,TikTok,Carousel,Millennials,595,7,0,10.09,0
10-11-2024,Campaign 2,TikTok,Carousel,Gen X,506,7,0,12.13,0
10-11-2024,Campaign 2,Facebook,Video,Gen Z,2178,58,8,76.07,794.01
10-11-2024,Campaign 2,Facebook,Video,Millennials,5955,181,21,222.85,1148.84
10-11-2024,Campaign 2,Facebook,Video,Gen X,2545,121,12,81.21,1150.18
10-11-2024,Campaign 2,Facebook,Image,Gen Z,1604,9,0,53.39,0
10-11-2024,Campaign 2,Facebook,Image,Millennials,4202,51,2,74.34,111.1
10-11-2024,Campaign 2,Facebook,Image,Gen X,4579,76,1,127.78,68.8
10-11-2024,Campaign 2,Facebook,Carousel,Gen Z,2879,73,3,110.44,271.31
10-11-2024,Campaign 2,Facebook,Carousel,Millennials,6126,96,2,152.09,176.59
10-11-2024,Campaign 2,Facebook,Carousel,Gen X,4958,53,4,175.47,390.42
11-11-2024,Campaign 2,Instagram,Video,Gen Z,5150,138,17,130.21,1368.76
11-11-2024,Campaign 2,Instagram,Video,Millennials,3545,92,11,66.21,600.89
11-11-2024,Campaign 2,Instagram,Video,Gen X,213,8,0,2.81,0
11-11-2024,Campaign 2,Instagram,Image,Gen Z,9415,116,5,251.18,404.33
11-11-2024,Campaign 2,Instagram,Image,Millennials,2317,41,0,63.22,0
11-11-2024,Campaign 2,Instagram,Image,Gen X,922,5,0,33.88,0
11-11-2024,Campaign 2,Instagram,Carousel,Gen Z,6622,176,6,94.44,448.96
11-11-2024,Campaign 2,Instagram,Carousel,Millennials,7211,81,1,203.78,62.5
11-11-2024,Campaign 2,Instagram,Carousel,Gen X,632,8,0,18.04,0
11-11-2024,Campaign 2,TikTok,Video,Gen Z,6567,309,45,166.9,3565.46
11-11-2024,Campaign 2,TikTok,Video,Millennials,857,23,1,26.4,54.03
11-11-2024,Campaign 2,TikTok,Video,Gen X,355,7,0,10.06,0
11-11-2024,Campaign 2,TikTok,Image,Gen Z,14480,135,6,535.62,393.3
11-11-2024,Campaign 2,TikTok,Image,Millennials,1234,17,0,33.67,0
11-11-2024,Campaign 2,TikTok,Image,Gen X,590,5,0,9.73,0
11-11-2024,Campaign 2,TikTok,Carousel,Gen Z,6176,165,13,139.78,1250.84
11-11-2024,Campaign 2,TikTok,Carousel,Millennials,1242,23,0,17.47,0
11-11-2024,Campaign 2,TikTok,Carousel,Gen X,751,9,0,10.92,0
11-11-2024,Campaign 2,Facebook,Video,Gen Z,1569,42,3,32.95,269.55
11-11-2024,Campaign 2,Facebook,Video,Millennials,11737,545,66,344.18,5236.6
11-11-2024,Campaign 2,Facebook,Video,Gen X,5762,226,23,181.58,1402.93
11-11-2024,Campaign 2,Facebook,Image,Gen Z,2788,42,2,61.96,161.67
11-11-2024,Campaign 2,Facebook,Image,Millennials,5470,88,3,96.59,239.68
11-11-2024,Campaign 2,Facebook,Image,Gen X,4524,49,0,137.64,0
11-11-2024,Campaign 2,Facebook,Carousel,Gen Z,2308,64,3,31.71,262.69
11-11-2024,Campaign 2,Facebook,Carousel,Millennials,7764,117,6,196.68,415.91
11-11-2024,Campaign 2,Facebook,Carousel,Gen X,4560,88,5,116.74,461.8
12-11-2024,Campaign 2,Instagram,Video,Gen Z,8974,303,16,170.08,820.61
12-11-2024,Campaign 2,Instagram,Video,Millennials,4325,128,19,152.74,1734.39
12-11-2024,Campaign 2,Instagram,Video,Gen X,255,10,0,8.26,0
12-11-2024,Campaign 2,Instagram,Image,Gen Z,5124,38,0,139.91,0
12-11-2024,Campaign 2,Instagram,Image,Millennials,5334,53,1,170.72,51.76
12-11-2024,Campaign 2,Instagram,Image,Gen X,432,4,0,15.48,0
12-11-2024,Campaign 2,Instagram,Carousel,Gen Z,6055,70,1,189.61,69.93
12-11-2024,Campaign 2,Instagram,Carousel,Millennials,6023,134,5,223.28,448.67
12-11-2024,Campaign 2,Instagram,Carousel,Gen X,913,24,0,22.4,0
12-11-2024,Campaign 2,TikTok,Video,Gen Z,13992,493,48,456.01,4477.62
12-11-2024,Campaign 2,TikTok,Video,Millennials,1128,29,2,31.3,196.73
12-11-2024,Campaign 2,TikTok,Video,Gen X,422,15,2,12.52,121.19
12-11-2024,Campaign 2,TikTok,Image,Gen Z,14805,160,6,197.2,458.86
12-11-2024,Campaign 2,TikTok,Image,Millennials,1018,20,0,30.27,0
12-11-2024,Campaign 2,TikTok,Image,Gen X,390,7,0,14.27,0
12-11-2024,Campaign 2,TikTok,Carousel,Gen Z,11485,259,18,410.96,1563.53
12-11-2024,Campaign 2,TikTok,Carousel,Millennials,1696,49,3,53.03,227.62
12-11-2024,Campaign 2,TikTok,Carousel,Gen X,696,16,0,21.37,0
12-11-2024,Campaign 2,Facebook,Video,Gen Z,1392,67,5,45.11,333.67
12-11-2024,Campaign 2,Facebook,Video,Millennials,6860,294,24,102,2182.94
12-11-2024,Campaign 2,Facebook,Video,Gen X,4874,97,14,75.58,749.29
12-11-2024,Campaign 2,Facebook,Image,Gen Z,2762,35,1,96.1,78.15
12-11-2024,Campaign 2,Facebook,Image,Millennials,9187,56,1,184.42,53.83
12-11-2024,Campaign 2,Facebook,Image,Gen X,3343,33,1,72.12,62.82
12-11-2024,Campaign 2,Facebook,Carousel,Gen Z,2251,32,1,49.03,81.7
12-11-2024,Campaign 2,Facebook,Carousel,Millennials,7007,190,14,132.92,1020.86
12-11-2024,Campaign 2,Facebook,Carousel,Gen X,2101,47,2,67.4,185.93
13-11-2024,Campaign 2,Instagram,Video,Gen Z,3885,122,9,85.52,811.69
13-11-2024,Campaign 2,Instagram,Video,Millennials,7690,378,50,195.62,3105.94
13-11-2024,Campaign 2,Instagram,Video,Gen X,784,34,4,18.19,245.82
13-11-2024,Campaign 2,Instagram,Image,Gen Z,8182,108,3,305.32,211.21
13-11-2024,Campaign 2,Instagram,Image,Millennials,6302,99,3,178.41,242.15
13-11-2024,Campaign 2,Instagram,Image,Gen X,282,3,0,5.86,0
13-11-2024,Campaign 2,Instagram,Carousel,Gen Z,3930,66,1,87.55,80.41
13-11-2024,Campaign 2,Instagram,Carousel,Millennials,7827,121,3,153.2,171.99
13-11-2024,Campaign 2,Instagram,Carousel,Gen X,757,14,0,9.86,0
13-11-2024,Campaign 2,TikTok,Video,Gen Z,14358,375,26,407.86,1513.58
13-11-2024,Campaign 2,TikTok,Video,Millennials,1583,41,4,45.57,276.22
13-11-2024,Campaign 2,TikTok,Video,Gen X,537,11,1,7.12,71.81
13-11-2024,Campaign 2,TikTok,Image,Gen Z,11632,113,1,439.52,75.85
13-11-2024,Campaign 2,TikTok,Image,Millennials,706,8,0,16.8,0
13-11-2024,Campaign 2,TikTok,Image,Gen X,705,7,0,24.85,0
13-11-2024,Campaign 2,TikTok,Carousel,Gen Z,6846,119,7,175.68,594.74
13-11-2024,Campaign 2,TikTok,Carousel,Millennials,1147,13,0,23.38,0
13-11-2024,Campaign 2,TikTok,Carousel,Gen X,749,14,0,19.97,0
13-11-2024,Campaign 2,Facebook,Video,Gen Z,1356,39,2,46.24,155.22
13-11-2024,Campaign 2,Facebook,Video,Millennials,4178,184,9,137.77,537.58
13-11-2024,Campaign 2,Facebook,Video,Gen X,4033,86,11,66.65,734.5
13-11-2024,Campaign 2,Facebook,Image,Gen Z,2795,15,0,83.5,0
13-11-2024,Campaign 2,Facebook,Image,Millennials,10391,100,4,347.74,234.87
13-11-2024,Campaign 2,Facebook,Image,Gen X,5060,99,2,175.42,170.51
13-11-2024,Campaign 2,Facebook,Carousel,Gen Z,2904,35,1,75.94,99.36
13-11-2024,Campaign 2,Facebook,Carousel,Millennials,8396,176,6,153.59,525.86
13-11-2024,Campaign 2,Facebook,Carousel,Gen X,2522,41,2,66.32,126.52
14-11-2024,Campaign 2,Instagram,Video,Gen Z,6508,243,23,227.13,1908.23
14-11-2024,Campaign 2,Instagram,Video,Millennials,2115,44,3,68.2,247.77
14-11-2024,Campaign 2,Instagram,Video,Gen X,510,20,1,16.49,59.59
14-11-2024,Campaign 2,Instagram,Image,Gen Z,5593,91,2,133.43,101.4
14-11-2024,Campaign 2,Instagram,Image,Millennials,6047,92,4,189.46,390.79
14-11-2024,Campaign 2,Instagram,Image,Gen X,902,12,0,14.4,0
14-11-2024,Campaign 2,Instagram,Carousel,Gen Z,8186,221,11,313.21,614.64
14-11-2024,Campaign 2,Instagram,Carousel,Millennials,7050,171,10,194.46,938.98
14-11-2024,Campaign 2,Instagram,Carousel,Gen X,876,8,0,12.1,0
14-11-2024,Campaign 2,TikTok,Video,Gen Z,12855,334,43,358.19,2925.27
14-11-2024,Campaign 2,TikTok,Video,Millennials,1749,70,10,51.58,630.56
14-11-2024,Campaign 2,TikTok,Video,Gen X,555,19,1,11.33,72.64
14-11-2024,Campaign 2,TikTok,Image,Gen Z,11506,224,8,352.49,492.82
14-11-2024,Campaign 2,TikTok,Image,Millennials,1157,21,0,16.8,0
14-11-2024,Campaign 2,TikTok,Image,Gen X,538,4,0,9.68,0
14-11-2024,Campaign 2,TikTok,Carousel,Gen Z,8238,234,16,256.21,1051.66
14-11-2024,Campaign 2,TikTok,Carousel,Millennials,1619,40,1,35.95,83.56
14-11-2024,Campaign 2,TikTok,Carousel,Gen X,802,10,0,11.59,0
14-11-2024,Campaign 2,Facebook,Video,Gen Z,2664,58,4,97.02,205.39
14-11-2024,Campaign 2,Facebook,Video,Millennials,5678,257,18,140.61,1471.36
14-11-2024,Campaign 2,Facebook,Video,Gen X,4346,121,10,136.3,558.45
14-11-2024,Campaign 2,Facebook,Image,Gen Z,2892,53,1,65.62,89.05
14-11-2024,Campaign 2,Facebook,Image,Millennials,9177,62,2,279.33,129.09
14-11-2024,Campaign 2,Facebook,Image,Gen X,4142,80,2,111.06,172.46
14-11-2024,Campaign 2,Facebook,Carousel,Gen Z,1118,19,0,34.58,0
14-11-2024,Campaign 2,Facebook,Carousel,Millennials,5117,143,10,100.25,748.69
14-11-2024,Campaign 2,Facebook,Carousel,Gen X,3998,61,4,147.47,251.38
15-11-2024,Campaign 2,Instagram,Video,Gen Z,3174,126,14,71.4,1141.05
15-11-2024,Campaign 2,Instagram,Video,Millennials,7976,251,35,152.74,2389.56
15-11-2024,Campaign 2,Instagram,Video,Gen X,551,16,1,13.26,59.82
15-11-2024,Campaign 2,Instagram,Image,Gen Z,5221,97,3,72.28,291.41
15-11-2024,Campaign 2,Instagram,Image,Millennials,6729,102,2,190.02,159.58
15-11-2024,Campaign 2,Instagram,Image,Gen X,889,14,0,22.5,0
15-11-2024,Campaign 2,Instagram,Carousel,Gen Z,9407,186,5,238.66,297.12
15-11-2024,Campaign 2,Instagram,Carousel,Millennials,3644,42,3,65.39,249.1
15-11-2024,Campaign 2,Instagram,Carousel,Gen X,977,17,1,14.27,77.8
15-11-2024,Campaign 2,TikTok,Video,Gen Z,5357,263,18,184.01,1074.08
15-11-2024,Campaign 2,TikTok,Video,Millennials,1319,49,3,27.46,227.49
15-11-2024,Campaign 2,TikTok,Video,Gen X,559,24,1,21.19,52.49
15-11-2024,Campaign 2,TikTok,Image,Gen Z,9634,165,4,286.56,268.94
15-11-2024,Campaign 2,TikTok,Image,Millennials,727,3,0,18.3,0
15-11-2024,Campaign 2,TikTok,Image,Gen X,119,0,0,3.54,0
15-11-2024,Campaign 2,TikTok,Carousel,Gen Z,10504,210,6,373.57,536.57
15-11-2024,Campaign 2,TikTok,Carousel,Millennials,1213,15,1,19.82,93.5
15-11-2024,Campaign 2,TikTok,Carousel,Gen X,965,26,1,21.11,60.89
15-11-2024,Campaign 2,Facebook,Video,Gen Z,1800,87,7,51.66,662.1
15-11-2024,Campaign 2,Facebook,Video,Millennials,5661,166,21,140.69,1870.73
15-11-2024,Campaign 2,Facebook,Video,Gen X,5667,248,12,175.78,759.9
15-11-2024,Campaign 2,Facebook,Image,Gen Z,2531,16,0,37.18,0
15-11-2024,Campaign 2,Facebook,Image,Millennials,11383,76,1,320.85,93.36
15-11-2024,Campaign 2,Facebook,Image,Gen X,5762,82,2,95.81,116.89
15-11-2024,Campaign 2,Facebook,Carousel,Gen Z,1870,40,2,64.95,132.26
15-11-2024,Campaign 2,Facebook,Carousel,Millennials,7607,181,5,265.45,298.6
15-11-2024,Campaign 2,Facebook,Carousel,Gen X,4217,115,5,94.11,336.68
16-11-2024,Campaign 2,Instagram,Video,Gen Z,9414,338,39,260.8,2230.69
16-11-2024,Campaign 2,Instagram,Video,Millennials,5557,251,29,135.99,1714.77
16-11-2024,Campaign 2,Instagram,Video,Gen X,674,21,2,25.16,159.34
16-11-2024,Campaign 2,Instagram,Image,Gen Z,3047,28,1,94.7,56.26
16-11-2024,Campaign 2,Instagram,Image,Millennials,2541,35,0,74.37,0
16-11-2024,Campaign 2,Instagram,Image,Gen X,565,7,0,9.52,0
16-11-2024,Campaign 2,Instagram,Carousel,Gen Z,9505,258,8,207.85,590.31
16-11-2024,Campaign 2,Instagram,Carousel,Millennials,3209,81,2,107.22,174.17
16-11-2024,Campaign 2,Instagram,Carousel,Gen X,831,9,0,22.94,0
16-11-2024,Campaign 2,TikTok,Video,Gen Z,14738,383,34,266.17,2681.73
16-11-2024,Campaign 2,TikTok,Video,Millennials,1682,77,3,27.56,187.18
16-11-2024,Campaign 2,TikTok,Video,Gen X,223,8,0,3.79,0
16-11-2024,Campaign 2,TikTok,Image,Gen Z,7655,49,1,194.1,97.88
16-11-2024,Campaign 2,TikTok,Image,Millennials,1224,10,0,25.6,0
16-11-2024,Campaign 2,TikTok,Image,Gen X,598,11,0,10.84,0
16-11-2024,Campaign 2,TikTok,Carousel,Gen Z,6281,116,5,242.25,446.61
16-11-2024,Campaign 2,TikTok,Carousel,Millennials,793,12,0,30.55,0
16-11-2024,Campaign 2,TikTok,Carousel,Gen X,663,18,1,22.55,55.7
16-11-2024,Campaign 2,Facebook,Video,Gen Z,2636,73,10,38.16,637.34
16-11-2024,Campaign 2,Facebook,Video,Millennials,6183,173,18,97.1,1507.32
16-11-2024,Campaign 2,Facebook,Video,Gen X,3138,64,9,62.47,621.14
16-11-2024,Campaign 2,Facebook,Image,Gen Z,1112,16,0,36.31,0
16-11-2024,Campaign 2,Facebook,Image,Millennials,8221,76,1,161.46,51.53
16-11-2024,Campaign 2,Facebook,Image,Gen X,5223,88,3,126.93,187.48
16-11-2024,Campaign 2,Facebook,Carousel,Gen Z,2203,56,2,81.83,127.96
16-11-2024,Campaign 2,Facebook,Carousel,Millennials,11251,207,6,261.99,366.47
16-11-2024,Campaign 2,Facebook,Carousel,Gen X,4758,127,4,92.66,309.29
17-11-2024,Campaign 2,Instagram,Video,Gen Z,7214,145,16,252.52,1547.17
17-11-2024,Campaign 2,Instagram,Video,Millennials,6077,248,15,133.69,1298.94
17-11-2024,Campaign 2,Instagram,Video,Gen X,999,30,1,19.59,53.67
17-11-2024,Campaign 2,Instagram,Image,Gen Z,6797,35,1,222.51,78.39
17-11-2024,Campaign 2,Instagram,Image,Millennials,3312,17,0,52.25,0
17-11-2024,Campaign 2,Instagram,Image,Gen X,592,8,0,14.48,0
17-11-2024,Campaign 2,Instagram,Carousel,Gen Z,7942,132,5,114.65,289.48
17-11-2024,Campaign 2,Instagram,Carousel,Millennials,3778,96,3,112.74,167.1
17-11-2024,Campaign 2,Instagram,Carousel,Gen X,665,11,0,21.11,0
17-11-2024,Campaign 2,TikTok,Video,Gen Z,12138,529,59,350.84,4386.78
17-11-2024,Campaign 2,TikTok,Video,Millennials,1859,49,4,30.09,277.52
17-11-2024,Campaign 2,TikTok,Video,Gen X,848,28,2,14.06,195.84
17-11-2024,Campaign 2,TikTok,Image,Gen Z,9478,86,2,361.11,110.92
17-11-2024,Campaign 2,TikTok,Image,Millennials,1482,22,0,56.18,0
17-11-2024,Campaign 2,TikTok,Image,Gen X,965,17,0,17.06,0
17-11-2024,Campaign 2,TikTok,Carousel,Gen Z,12911,227,17,426.11,1377.11
17-11-2024,Campaign 2,TikTok,Carousel,Millennials,1500,37,1,32.36,70.62
17-11-2024,Campaign 2,TikTok,Carousel,Gen X,232,3,0,4.21,0
17-11-2024,Campaign 2,Facebook,Video,Gen Z,1915,43,4,31.84,307.83
17-11-2024,Campaign 2,Facebook,Video,Millennials,6118,219,14,227,1386.16
17-11-2024,Campaign 2,Facebook,Video,Gen X,4136,140,19,60.72,1261.19
17-11-2024,Campaign 2,Facebook,Image,Gen Z,1925,25,1,57.67,64.4
17-11-2024,Campaign 2,Facebook,Image,Millennials,8777,171,1,242.17,55.27
17-11-2024,Campaign 2,Facebook,Image,Gen X,3928,36,1,102.31,61.63
17-11-2024,Campaign 2,Facebook,Carousel,Gen Z,1185,19,1,45.42,58.07
17-11-2024,Campaign 2,Facebook,Carousel,Millennials,5184,106,4,130.34,264.69
17-11-2024,Campaign 2,Facebook,Carousel,Gen X,5974,151,5,144.04,371.86
18-11-2024,Campaign 2,Instagram,Video,Gen Z,9720,298,17,210.59,1562.37
18-11-2024,Campaign 2,Instagram,Video,Millennials,7135,288,28,261.89,2157.62
18-11-2024,Campaign 2,Instagram,Video,Gen X,209,7,0,7.69,0
18-11-2024,Campaign 2,Instagram,Image,Gen Z,6756,41,1,103.37,58.72
18-11-2024,Campaign 2,Instagram,Image,Millennials,2420,16,0,79.5,0
18-11-2024,Campaign 2,Instagram,Image,Gen X,429,2,0,16.15,0
18-11-2024,Campaign 2,Instagram,Carousel,Gen Z,9246,162,7,320.41,380.73
18-11-2024,Campaign 2,Instagram,Carousel,Millennials,2046,31,0,47.48,0
18-11-2024,Campaign 2,Instagram,Carousel,Gen X,306,5,0,7.92,0
18-11-2024,Campaign 2,TikTok,Video,Gen Z,14218,379,21,531.7,1324.12
18-11-2024,Campaign 2,TikTok,Video,Millennials,1153,27,2,21.7,107.63
18-11-2024,Campaign 2,TikTok,Video,Gen X,638,31,1,15.46,76.84
18-11-2024,Campaign 2,TikTok,Image,Gen Z,5901,61,1,188.06,95.97
18-11-2024,Campaign 2,TikTok,Image,Millennials,563,9,0,18.14,0
18-11-2024,Campaign 2,TikTok,Image,Gen X,360,4,0,9.75,0
18-11-2024,Campaign 2,TikTok,Carousel,Gen Z,6938,191,9,258.35,820.33
18-11-2024,Campaign 2,TikTok,Carousel,Millennials,1316,38,2,21.19,139.72
18-11-2024,Campaign 2,TikTok,Carousel,Gen X,296,8,0,7.17,0
18-11-2024,Campaign 2,Facebook,Video,Gen Z,2270,78,7,71.79,426.27
18-11-2024,Campaign 2,Facebook,Video,Millennials,9040,306,37,186.9,2706.04
18-11-2024,Campaign 2,Facebook,Video,Gen X,2973,60,6,59.92,303.56
18-11-2024,Campaign 2,Facebook,Image,Gen Z,2969,16,0,75.68,0
18-11-2024,Campaign 2,Facebook,Image,Millennials,11447,98,1,352.67,90
18-11-2024,Campaign 2,Facebook,Image,Gen X,4466,46,0,161.66,0
18-11-2024,Campaign 2,Facebook,Carousel,Gen Z,1333,23,1,32.36,71.11
18-11-2024,Campaign 2,Facebook,Carousel,Millennials,4836,123,9,182.64,454.2
18-11-2024,Campaign 2,Facebook,Carousel,Gen X,3903,46,1,71.74,64.66
19-11-2024,Campaign 2,Instagram,Video,Gen Z,8942,242,34,320.77,2237.72
19-11-2024,Campaign 2,Instagram,Video,Millennials,4244,208,15,89.72,1431.02
19-11-2024,Campaign 2,Instagram,Video,Gen X,735,22,3,10.45,176.23
19-11-2024,Campaign 2,Instagram,Image,Gen Z,4803,27,1,136.53,97.81
19-11-2024,Campaign 2,Instagram,Image,Millennials,6055,119,3,91.63,265.91
19-11-2024,Campaign 2,Instagram,Image,Gen X,310,5,0,8.95,0
19-11-2024,Campaign 2,Instagram,Carousel,Gen Z,3905,47,1,91.55,64.64
19-11-2024,Campaign 2,Instagram,Carousel,Millennials,5991,164,7,124.94,528.1
19-11-2024,Campaign 2,Instagram,Carousel,Gen X,586,9,0,16.64,0
19-11-2024,Campaign 2,TikTok,Video,Gen Z,14768,737,84,285.99,5203.02
19-11-2024,Campaign 2,TikTok,Video,Millennials,1968,78,4,35.22,257.9
19-11-2024,Campaign 2,TikTok,Video,Gen X,765,31,4,13.26,287.56
19-11-2024,Campaign 2,TikTok,Image,Gen Z,5403,60,2,143.32,137.12
19-11-2024,Campaign 2,TikTok,Image,Millennials,1569,17,0,59.4,0
19-11-2024,Campaign 2,TikTok,Image,Gen X,389,4,0,13.13,0
19-11-2024,Campaign 2,TikTok,Carousel,Gen Z,14861,374,24,573.63,2137.12
19-11-2024,Campaign 2,TikTok,Carousel,Millennials,1496,43,1,39.2,91.36
19-11-2024,Campaign 2,TikTok,Carousel,Gen X,484,9,0,13.6,0
19-11-2024,Campaign 2,Facebook,Video,Gen Z,1823,77,4,65.85,385.59
19-11-2024,Campaign 2,Facebook,Video,Millennials,11559,512,57,435.19,3528.69
19-11-2024,Campaign 2,Facebook,Video,Gen X,4796,176,25,125.28,1388.64
19-11-2024,Campaign 2,Facebook,Image,Gen Z,1930,27,0,61.9,0
19-11-2024,Campaign 2,Facebook,Image,Millennials,6894,124,5,243.23,324.4
19-11-2024,Campaign 2,Facebook,Image,Gen X,4577,67,0,103.22,0
19-11-2024,Campaign 2,Facebook,Carousel,Gen Z,2916,36,1,71.53,52.59
19-11-2024,Campaign 2,Facebook,Carousel,Millennials,4199,118,8,146.77,617.75
19-11-2024,Campaign 2,Facebook,Carousel,Gen X,5657,91,6,187.8,476.13
20-11-2024,Campaign 2,Instagram,Video,Gen Z,3589,107,12,121.05,1039.01
20-11-2024,Campaign 2,Instagram,Video,Millennials,3888,158,14,63.79,890.32
20-11-2024,Campaign 2,Instagram,Video,Gen X,401,9,0,12.21,0
20-11-2024,Campaign 2,Instagram,Image,Gen Z,8636,152,2,299.12,153.63
20-11-2024,Campaign 2,Instagram,Image,Millennials,7500,98,1,259.72,92.27
20-11-2024,Campaign 2,Instagram,Image,Gen X,132,0,0,2.45,0
20-11-2024,Campaign 2,Instagram,Carousel,Gen Z,8795,216,15,296.36,760.95
20-11-2024,Campaign 2,Instagram,Carousel,Millennials,2956,54,1,94.19,53.51
20-11-2024,Campaign 2,Instagram,Carousel,Gen X,378,6,0,11.02,0
20-11-2024,Campaign 2,TikTok,Video,Gen Z,12655,476,68,412.82,4890.13
20-11-2024,Campaign 2,TikTok,Video,Millennials,569,19,2,7.43,139.64
20-11-2024,Campaign 2,TikTok,Video,Gen X,483,20,1,7.87,60.95
20-11-2024,Campaign 2,TikTok,Image,Gen Z,14170,201,7,300.54,665.3
20-11-2024,Campaign 2,TikTok,Image,Millennials,703,13,0,24.44,0
20-11-2024,Campaign 2,TikTok,Image,Gen X,703,13,0,14.66,0
20-11-2024,Campaign 2,TikTok,Carousel,Gen Z,14648,284,11,411.3,880.08
20-11-2024,Campaign 2,TikTok,Carousel,Millennials,905,9,0,30.94,0
20-11-2024,Campaign 2,TikTok,Carousel,Gen X,807,13,0,22.01,0
20-11-2024,Campaign 2,Facebook,Video,Gen Z,1947,44,6,74.63,536.73
20-11-2024,Campaign 2,Facebook,Video,Millennials,5488,207,12,154.65,739.35
20-11-2024,Campaign 2,Facebook,Video,Gen X,5060,109,16,120.66,1541.89
20-11-2024,Campaign 2,Facebook,Image,Gen Z,1702,31,0,61.83,0
20-11-2024,Campaign 2,Facebook,Image,Millennials,8971,78,0,277.09,0
20-11-2024,Campaign 2,Facebook,Image,Gen X,2705,46,0,65.96,0
20-11-2024,Campaign 2,Facebook,Carousel,Gen Z,2026,47,3,36.1,194.5
20-11-2024,Campaign 2,Facebook,Carousel,Millennials,9335,256,9,232.63,783.5
20-11-2024,Campaign 2,Facebook,Carousel,Gen X,3619,73,4,98.39,200.7
21-11-2024,Campaign 2,Instagram,Video,Gen Z,3927,166,11,128.07,720.25
21-11-2024,Campaign 2,Instagram,Video,Millennials,7171,277,17,225.81,1209.27
21-11-2024,Campaign 2,Instagram,Video,Gen X,450,20,2,12.36,159.7
21-11-2024,Campaign 2,Instagram,Image,Gen Z,6928,72,3,179.52,181.2
21-11-2024,Campaign 2,Instagram,Image,Millennials,3795,69,1,98.34,81.71
21-11-2024,Campaign 2,Instagram,Image,Gen X,344,5,0,12.08,0
21-11-2024,Campaign 2,Instagram,Carousel,Gen Z,4450,73,3,59.87,261.4
21-11-2024,Campaign 2,Instagram,Carousel,Millennials,5758,171,11,187.47,930.25
21-11-2024,Campaign 2,Instagram,Carousel,Gen X,974,15,1,13.16,74.06
21-11-2024,Campaign 2,TikTok,Video,Gen Z,14434,434,63,521.51,4938
21-11-2024,Campaign 2,TikTok,Video,Millennials,1251,59,4,34.84,296.34
21-11-2024,Campaign 2,TikTok,Video,Gen X,809,30,3,19.61,271.03
21-11-2024,Campaign 2,TikTok,Image,Gen Z,8959,67,1,314.97,58.83
21-11-2024,Campaign 2,TikTok,Image,Millennials,733,5,0,20.77,0
21-11-2024,Campaign 2,TikTok,Image,Gen X,372,4,0,11.33,0
21-11-2024,Campaign 2,TikTok,Carousel,Gen Z,13061,322,15,380.77,1384.67
21-11-2024,Campaign 2,TikTok,Carousel,Millennials,1889,31,1,55.48,53.59
21-11-2024,Campaign 2,TikTok,Carousel,Gen X,569,13,0,21.52,0
21-11-2024,Campaign 2,Facebook,Video,Gen Z,2426,51,6,55.4,529.34
21-11-2024,Campaign 2,Facebook,Video,Millennials,4984,103,14,103.14,1026.23
21-11-2024,Campaign 2,Facebook,Video,Gen X,5173,174,22,188.94,1894.87
21-11-2024,Campaign 2,Facebook,Image,Gen Z,1472,11,0,46.76,0
21-11-2024,Campaign 2,Facebook,Image,Millennials,7905,149,6,131.94,524.29
21-11-2024,Campaign 2,Facebook,Image,Gen X,2047,29,0,48.15,0
21-11-2024,Campaign 2,Facebook,Carousel,Gen Z,1354,13,0,34.01,0
21-11-2024,Campaign 2,Facebook,Carousel,Millennials,6986,122,4,262.38,360.35
21-11-2024,Campaign 2,Facebook,Carousel,Gen X,4180,44,1,149.67,56.49
22-11-2024,Campaign 2,Instagram,Video,Gen Z,7197,150,9,151.37,595.41
22-11-2024,Campaign 2,Instagram,Video,Millennials,7703,328,30,287.54,2139.95
22-11-2024,Campaign 2,Instagram,Video,Gen X,334,16,2,11.28,126.1
22-11-2024,Campaign 2,Instagram,Image,Gen Z,7053,84,3,99.55,267.58
22-11-2024,Campaign 2,Instagram,Image,Millennials,4013,42,1,95.14,87.83
22-11-2024,Campaign 2,Instagram,Image,Gen X,121,0,0,3.92,0
22-11-2024,Campaign 2,Instagram,Carousel,Gen Z,8670,188,11,117.13,767.78
22-11-2024,Campaign 2,Instagram,Carousel,Millennials,4334,103,6,120.53,454.12
22-11-2024,Campaign 2,Instagram,Carousel,Gen X,716,12,0,11.74,0
22-11-2024,Campaign 2,TikTok,Video,Gen Z,10370,407,44,259.54,2540.44
22-11-2024,Campaign 2,TikTok,Video,Millennials,1261,32,3,31.09,198.71
22-11-2024,Campaign 2,TikTok,Video,Gen X,144,4,0,4.03,0
22-11-2024,Campaign 2,TikTok,Image,Gen Z,14442,283,5,248.65,373.92
22-11-2024,Campaign 2,TikTok,Image,Millennials,727,8,0,16.41,0
22-11-2024,Campaign 2,TikTok,Image,Gen X,868,11,0,14.3,0
22-11-2024,Campaign 2,TikTok,Carousel,Gen Z,11775,186,13,290.63,1029.15
22-11-2024,Campaign 2,TikTok,Carousel,Millennials,1290,18,0,31.69,0
22-11-2024,Campaign 2,TikTok,Carousel,Gen X,408,8,0,7.46,0
22-11-2024,Campaign 2,Facebook,Video,Gen Z,2162,94,13,60.56,1161.37
22-11-2024,Campaign 2,Facebook,Video,Millennials,4858,181,17,140.45,1193.48
22-11-2024,Campaign 2,Facebook,Video,Gen X,5549,243,28,78.37,1891.7
22-11-2024,Campaign 2,Facebook,Image,Gen Z,2295,37,0,41.52,0
22-11-2024,Campaign 2,Facebook,Image,Millennials,11445,190,2,274.71,140.98
22-11-2024,Campaign 2,Facebook,Image,Gen X,4826,37,1,121.8,65.82
22-11-2024,Campaign 2,Facebook,Carousel,Gen Z,1739,38,2,67.25,143.48
22-11-2024,Campaign 2,Facebook,Carousel,Millennials,7024,132,4,92.97,230.19
22-11-2024,Campaign 2,Facebook,Carousel,Gen X,3366,93,6,70.52,437.09
23-11-2024,Campaign 2,Instagram,Video,Gen Z,8821,314,19,290.22,1280.42
23-11-2024,Campaign 2,Instagram,Video,Millennials,5306,140,12,74.6,796.64
23-11-2024,Campaign 2,Instagram,Video,Gen X,590,15,1,21.49,67.53
23-11-2024,Campaign 2,Instagram,Image,Gen Z,5809,104,1,97.62,56.72
23-11-2024,Campaign 2,Instagram,Image,Millennials,7670,76,3,148.84,186.63
23-11-2024,Campaign 2,Instagram,Image,Gen X,848,5,0,17.42,0
23-11-2024,Campaign 2,Instagram,Carousel,Gen Z,9943,206,16,309.94,1143.62
23-11-2024,Campaign 2,Instagram,Carousel,Millennials,3414,82,6,88.87,452.26
23-11-2024,Campaign 2,Instagram,Carousel,Gen X,845,12,0,17.37,0
23-11-2024,Campaign 2,TikTok,Video,Gen Z,12646,506,46,341.49,2646.14
23-11-2024,Campaign 2,TikTok,Video,Millennials,1568,54,4,44.95,220.4
23-11-2024,Campaign 2,TikTok,Video,Gen X,302,10,0,9.63,0
23-11-2024,Campaign 2,TikTok,Image,Gen Z,6632,86,2,212.55,156.45
23-11-2024,Campaign 2,TikTok,Image,Millennials,957,12,0,22.45,0
23-11-2024,Campaign 2,TikTok,Image,Gen X,487,9,0,6.76,0
23-11-2024,Campaign 2,TikTok,Carousel,Gen Z,5840,93,2,102.21,112.67
23-11-2024,Campaign 2,TikTok,Carousel,Millennials,1308,16,0,38.42,0
23-11-2024,Campaign 2,TikTok,Carousel,Gen X,663,6,0,8.72,0
23-11-2024,Campaign 2,Facebook,Video,Gen Z,2929,97,13,79.58,1256.35
23-11-2024,Campaign 2,Facebook,Video,Millennials,10819,462,29,169.69,2238.39
23-11-2024,Campaign 2,Facebook,Video,Gen X,2002,56,7,42.01,459.56
23-11-2024,Campaign 2,Facebook,Image,Gen Z,1724,9,0,29.57,0
23-11-2024,Campaign 2,Facebook,Image,Millennials,10049,88,2,229.74,107.55
23-11-2024,Campaign 2,Facebook,Image,Gen X,4892,64,1,143.01,75.09
23-11-2024,Campaign 2,Facebook,Carousel,Gen Z,2613,69,3,68.87,227.86
23-11-2024,Campaign 2,Facebook,Carousel,Millennials,10179,296,16,165.69,843.08
23-11-2024,Campaign 2,Facebook,Carousel,Gen X,2778,68,2,51.43,121.34
24-11-2024,Campaign 2,Instagram,Video,Gen Z,7508,224,15,281.73,1316.54
24-11-2024,Campaign 2,Instagram,Video,Millennials,5653,165,24,217.61,1424.46
24-11-2024,Campaign 2,Instagram,Video,Gen X,766,21,1,14.55,59.27
24-11-2024,Campaign 2,Instagram,Image,Gen Z,3151,31,1,107.99,99.39
24-11-2024,Campaign 2,Instagram,Image,Millennials,5433,93,2,167.52,107.76
24-11-2024,Campaign 2,Instagram,Image,Gen X,857,16,0,18.76,0
24-11-2024,Campaign 2,Instagram,Carousel,Gen Z,5967,87,3,101.41,272.22
24-11-2024,Campaign 2,Instagram,Carousel,Millennials,4627,50,3,70.21,236.99
24-11-2024,Campaign 2,Instagram,Carousel,Gen X,807,14,0,27.15,0
24-11-2024,Campaign 2,TikTok,Video,Gen Z,5081,174,22,118,1573.71
24-11-2024,Campaign 2,TikTok,Video,Millennials,1308,32,2,17.83,114.96
24-11-2024,Campaign 2,TikTok,Video,Gen X,361,13,1,12.18,84.05
24-11-2024,Campaign 2,TikTok,Image,Gen Z,14106,265,6,236.52,527.39
24-11-2024,Campaign 2,TikTok,Image,Millennials,1689,18,0,54.09,0
24-11-2024,Campaign 2,TikTok,Image,Gen X,489,2,0,17.62,0
24-11-2024,Campaign 2,TikTok,Carousel,Gen Z,5571,153,7,99.32,613.34
24-11-2024,Campaign 2,TikTok,Carousel,Millennials,1010,14,0,32.31,0
24-11-2024,Campaign 2,TikTok,Carousel,Gen X,445,8,0,5.75,0
24-11-2024,Campaign 2,Facebook,Video,Gen Z,1470,44,2,35.53,135.48
24-11-2024,Campaign 2,Facebook,Video,Millennials,8533,318,30,150.08,1948.91
24-11-2024,Campaign 2,Facebook,Video,Gen X,2398,104,9,41.24,567.35
24-11-2024,Campaign 2,Facebook,Image,Gen Z,1264,24,0,17.16,0
24-11-2024,Campaign 2,Facebook,Image,Millennials,11785,65,2,211.31,129.23
24-11-2024,Campaign 2,Facebook,Image,Gen X,2151,15,0,66.58,0
24-11-2024,Campaign 2,Facebook,Carousel,Gen Z,1252,15,0,32.54,0
24-11-2024,Campaign 2,Facebook,Carousel,Millennials,11807,131,4,433.51,237.52
24-11-2024,Campaign 2,Facebook,Carousel,Gen X,4367,98,1,99.19,64.52
25-11-2024,Campaign 2,Instagram,Video,Gen Z,8076,222,32,205.53,2956.33
25-11-2024,Campaign 2,Instagram,Video,Millennials,5946,201,24,109.49,2021.61
25-11-2024,Campaign 2,Instagram,Video,Gen X,445,9,1,10.5,57.77
25-11-2024,Campaign 2,Instagram,Image,Gen Z,5812,110,3,120.07,266.58
25-11-2024,Campaign 2,Instagram,Image,Millennials,7952,78,1,183.13,61.03
25-11-2024,Campaign 2,Instagram,Image,Gen X,954,18,0,36.64,0
25-11-2024,Campaign 2,Instagram,Carousel,Gen Z,6982,107,3,206.38,265.58
25-11-2024,Campaign 2,Instagram,Carousel,Millennials,5999,79,2,154.57,198.18
25-11-2024,Campaign 2,Instagram,Carousel,Gen X,507,10,0,9.11,0
25-11-2024,Campaign 2,TikTok,Video,Gen Z,11673,236,22,271.72,2092.92
25-11-2024,Campaign 2,TikTok,Video,Millennials,666,32,3,13.26,168.4
25-11-2024,Campaign 2,TikTok,Video,Gen X,323,8,0,4.28,0
25-11-2024,Campaign 2,TikTok,Image,Gen Z,11223,164,5,152.97,349.81
25-11-2024,Campaign 2,TikTok,Image,Millennials,1946,20,0,33.62,0
25-11-2024,Campaign 2,TikTok,Image,Gen X,455,3,0,16.39,0
25-11-2024,Campaign 2,TikTok,Carousel,Gen Z,7408,136,4,156.68,355.58
25-11-2024,Campaign 2,TikTok,Carousel,Millennials,1693,42,1,36.05,85.51
25-11-2024,Campaign 2,TikTok,Carousel,Gen X,227,4,0,4.03,0
25-11-2024,Campaign 2,Facebook,Video,Gen Z,2870,95,10,87.12,998.1
25-11-2024,Campaign 2,Facebook,Video,Millennials,5639,254,14,108.69,1374.48
25-11-2024,Campaign 2,Facebook,Video,Gen X,3771,138,11,58.06,718.55
25-11-2024,Campaign 2,Facebook,Image,Gen Z,2786,20,0,104.35,0
25-11-2024,Campaign 2,Facebook,Image,Millennials,11361,170,5,418.26,259.42
25-11-2024,Campaign 2,Facebook,Image,Gen X,5310,35,1,119.06,61.42
25-11-2024,Campaign 2,Facebook,Carousel,Gen Z,2472,44,3,49.78,150.95
25-11-2024,Campaign 2,Facebook,Carousel,Millennials,8716,121,8,329.57,619.58
25-11-2024,Campaign 2,Facebook,Carousel,Gen X,5734,66,4,134,297.98
26-11-2024,Campaign 2,Instagram,Video,Gen Z,9992,270,17,189.51,1043.25
26-11-2024,Campaign 2,Instagram,Video,Millennials,2837,93,13,58.19,654.53
26-11-2024,Campaign 2,Instagram,Video,Gen X,331,12,1,5.93,62.14
26-11-2024,Campaign 2,Instagram,Image,Gen Z,4172,27,1,144.68,95.27
26-11-2024,Campaign 2,Instagram,Image,Millennials,4250,50,2,78.37,128.9
26-11-2024,Campaign 2,Instagram,Image,Gen X,681,8,0,26.29,0
26-11-2024,Campaign 2,Instagram,Carousel,Gen Z,5094,134,4,90.52,289.74
26-11-2024,Campaign 2,Instagram,Carousel,Millennials,2770,71,5,74.42,377.64
26-11-2024,Campaign 2,Instagram,Carousel,Gen X,241,3,0,6.22,0
26-11-2024,Campaign 2,TikTok,Video,Gen Z,12675,361,43,434.52,2955.83
26-11-2024,Campaign 2,TikTok,Video,Millennials,1260,47,5,24.08,440.39
26-11-2024,Campaign 2,TikTok,Video,Gen X,988,27,3,20.08,231.58
26-11-2024,Campaign 2,TikTok,Image,Gen Z,8195,95,3,271.56,153.65
26-11-2024,Campaign 2,TikTok,Image,Millennials,816,16,0,28.05,0
26-11-2024,Campaign 2,TikTok,Image,Gen X,152,1,0,5.06,0
26-11-2024,Campaign 2,TikTok,Carousel,Gen Z,9959,121,9,364.98,456.06
26-11-2024,Campaign 2,TikTok,Carousel,Millennials,592,17,1,13.06,79.77
26-11-2024,Campaign 2,TikTok,Carousel,Gen X,360,6,0,7.97,0
26-11-2024,Campaign 2,Facebook,Video,Gen Z,2572,93,4,39.82,355.48
26-11-2024,Campaign 2,Facebook,Video,Millennials,9942,310,20,142.26,1106.35
26-11-2024,Campaign 2,Facebook,Video,Gen X,3488,88,7,68.85,564.68
26-11-2024,Campaign 2,Facebook,Image,Gen Z,1270,7,0,35.76,0
26-11-2024,Campaign 2,Facebook,Image,Millennials,4002,63,1,145.72,82.58
26-11-2024,Campaign 2,Facebook,Image,Gen X,4059,46,1,148.99,94.57
26-11-2024,Campaign 2,Facebook,Carousel,Gen Z,2462,35,2,51.97,104.44
26-11-2024,Campaign 2,Facebook,Carousel,Millennials,7436,120,3,168.66,193.26
26-11-2024,Campaign 2,Facebook,Carousel,Gen X,5463,132,5,87.37,290.07
27-11-2024,Campaign 2,Instagram,Video,Gen Z,9443,262,24,266.84,1593.21
27-11-2024,Campaign 2,Instagram,Video,Millennials,6324,244,14,190.26,1013.26
27-11-2024,Campaign 2,Instagram,Video,Gen X,250,8,0,7.04,0
27-11-2024,Campaign 2,Instagram,Image,Gen Z,9797,104,1,209.48,58.47
27-11-2024,Campaign 2,Instagram,Image,Millennials,7670,132,6,172.91,451.66
27-11-2024,Campaign 2,Instagram,Image,Gen X,746,4,0,28.28,0
27-11-2024,Campaign 2,Instagram,Carousel,Gen Z,5627,99,3,107.4,270.07
27-11-2024,Campaign 2,Instagram,Carousel,Millennials,2509,45,3,70.57,261.97
27-11-2024,Campaign 2,Instagram,Carousel,Gen X,879,24,1,29.24,80.03
27-11-2024,Campaign 2,TikTok,Video,Gen Z,5091,218,15,98.19,1438.42
27-11-2024,Campaign 2,TikTok,Video,Millennials,647,23,1,12.21,53.69
27-11-2024,Campaign 2,TikTok,Video,Gen X,322,10,1,7.17,96.22
27-11-2024,Campaign 2,TikTok,Image,Gen Z,12072,92,1,181.84,72.61
27-11-2024,Campaign 2,TikTok,Image,Millennials,1587,15,0,54.76,0
27-11-2024,Campaign 2,TikTok,Image,Gen X,191,2,0,5.16,0
27-11-2024,Campaign 2,TikTok,Carousel,Gen Z,5362,83,4,191.11,208.58
27-11-2024,Campaign 2,TikTok,Carousel,Millennials,921,13,0,29.29,0
27-11-2024,Campaign 2,TikTok,Carousel,Gen X,582,7,0,14.58,0
27-11-2024,Campaign 2,Facebook,Video,Gen Z,1699,51,7,35.15,661.6
27-11-2024,Campaign 2,Facebook,Video,Millennials,4122,113,13,103.71,1047.66
27-11-2024,Campaign 2,Facebook,Video,Gen X,3480,114,7,94.19,508.77
27-11-2024,Campaign 2,Facebook,Image,Gen Z,1566,20,0,59.71,0
27-11-2024,Campaign 2,Facebook,Image,Millennials,6274,81,1,110.13,82.11
27-11-2024,Campaign 2,Facebook,Image,Gen X,4984,44,0,191.16,0
27-11-2024,Campaign 2,Facebook,Carousel,Gen Z,2086,35,1,34.6,55.93
27-11-2024,Campaign 2,Facebook,Carousel,Millennials,8714,175,10,246.69,819.08
27-11-2024,Campaign 2,Facebook,Carousel,Gen X,2560,44,1,52.18,94.56
28-11-2024,Campaign 2,Instagram,Video,Gen Z,8403,359,25,203.13,1475.93
28-11-2024,Campaign 2,Instagram,Video,Millennials,2721,79,9,82.06,756.34
28-11-2024,Campaign 2,Instagram,Video,Gen X,114,3,0,2.79,0
28-11-2024,Campaign 2,Instagram,Image,Gen Z,5699,45,2,130.29,169.09
28-11-2024,Campaign 2,Instagram,Image,Millennials,3231,21,0,92.59,0
28-11-2024,Campaign 2,Instagram,Image,Gen X,447,4,0,15.43,0
28-11-2024,Campaign 2,Instagram,Carousel,Gen Z,7744,199,13,279.59,1121.28
28-11-2024,Campaign 2,Instagram,Carousel,Millennials,5433,69,1,97.8,78.85
28-11-2024,Campaign 2,Instagram,Carousel,Gen X,687,14,0,26.04,0
28-11-2024,Campaign 2,TikTok,Video,Gen Z,10580,359,42,184.45,4058.68
28-11-2024,Campaign 2,TikTok,Video,Millennials,821,31,4,26.01,335.45
28-11-2024,Campaign 2,TikTok,Video,Gen X,496,17,2,18.3,172.97
28-11-2024,Campaign 2,TikTok,Image,Gen Z,13995,230,4,471.55,394.03
28-11-2024,Campaign 2,TikTok,Image,Millennials,767,3,0,14.55,0
28-11-2024,Campaign 2,TikTok,Image,Gen X,830,10,0,25.6,0
28-11-2024,Campaign 2,TikTok,Carousel,Gen Z,9670,219,7,357.11,440.83
28-11-2024,Campaign 2,TikTok,Carousel,Millennials,1305,15,0,29.55,0
28-11-2024,Campaign 2,TikTok,Carousel,Gen X,221,5,0,8.46,0
28-11-2024,Campaign 2,Facebook,Video,Gen Z,2801,98,11,44.38,1099.94
28-11-2024,Campaign 2,Facebook,Video,Millennials,11053,425,58,257.68,3066.39
28-11-2024,Campaign 2,Facebook,Video,Gen X,5982,222,24,199,1257.88
28-11-2024,Campaign 2,Facebook,Image,Gen Z,1433,9,0,22.5,0
28-11-2024,Campaign 2,Facebook,Image,Millennials,9325,67,2,187.03,195.96
28-11-2024,Campaign 2,Facebook,Image,Gen X,2812,45,0,106.57,0
28-11-2024,Campaign 2,Facebook,Carousel,Gen Z,2144,59,3,73.85,267.21
28-11-2024,Campaign 2,Facebook,Carousel,Millennials,7052,95,5,110.98,381.07
28-11-2024,Campaign 2,Facebook,Carousel,Gen X,3434,102,4,70.24,247.84
29-11-2024,Campaign 2,Instagram,Video,Gen Z,5702,191,15,196.89,786.81
29-11-2024,Campaign 2,Instagram,Video,Millennials,2262,65,4,84.64,310.78
29-11-2024,Campaign 2,Instagram,Video,Gen X,267,7,0,6.48,0
29-11-2024,Campaign 2,Instagram,Image,Gen Z,5655,53,1,217.35,52.06
29-11-2024,Campaign 2,Instagram,Image,Millennials,7365,145,6,157.56,428.55
29-11-2024,Campaign 2,Instagram,Image,Gen X,352,6,0,7.84,0
29-11-2024,Campaign 2,Instagram,Carousel,Gen Z,7994,211,5,132.56,351.04
29-11-2024,Campaign 2,Instagram,Carousel,Millennials,2797,66,2,86.37,106.06
29-11-2024,Campaign 2,Instagram,Carousel,Gen X,326,4,0,10.14,0
29-11-2024,Campaign 2,TikTok,Video,Gen Z,5019,224,29,176.45,1503.22
29-11-2024,Campaign 2,TikTok,Video,Millennials,1830,64,8,66.34,605.8
29-11-2024,Campaign 2,TikTok,Video,Gen X,274,10,0,5.01,0
29-11-2024,Campaign 2,TikTok,Image,Gen Z,12302,171,3,204.42,291.17
29-11-2024,Campaign 2,TikTok,Image,Millennials,1904,34,1,34.71,85.79
29-11-2024,Campaign 2,TikTok,Image,Gen X,477,6,0,12.57,0
29-11-2024,Campaign 2,TikTok,Carousel,Gen Z,10739,150,9,334.91,792.38
29-11-2024,Campaign 2,TikTok,Carousel,Millennials,1449,17,0,48.77,0
29-11-2024,Campaign 2,TikTok,Carousel,Gen X,372,9,0,14.19,0
29-11-2024,Campaign 2,Facebook,Video,Gen Z,2628,118,12,68.3,757.53
29-11-2024,Campaign 2,Facebook,Video,Millennials,7762,353,52,224.27,3588.25
29-11-2024,Campaign 2,Facebook,Video,Gen X,3593,110,9,125.41,778.11
29-11-2024,Campaign 2,Facebook,Image,Gen Z,1045,6,0,20.9,0
29-11-2024,Campaign 2,Facebook,Image,Millennials,4625,83,2,137.72,146.59
29-11-2024,Campaign 2,Facebook,Image,Gen X,4593,67,1,124.2,97.2
29-11-2024,Campaign 2,Facebook,Carousel,Gen Z,1539,41,1,54.96,70.17
29-11-2024,Campaign 2,Facebook,Carousel,Millennials,4270,46,2,93.28,164.62
29-11-2024,Campaign 2,Facebook,Carousel,Gen X,5753,168,5,208.03,378.99
30-11-2024,Campaign 2,Instagram,Video,Gen Z,3750,78,7,87.66,547.65
30-11-2024,Campaign 2,Instagram,Video,Millennials,7937,289,34,282.27,2495.91
30-11-2024,Campaign 2,Instagram,Video,Gen X,428,17,1,6.68,78.27
30-11-2024,Campaign 2,Instagram,Image,Gen Z,7246,37,0,204.06,0
30-11-2024,Campaign 2,Instagram,Image,Millennials,2620,22,0,48.54,0
30-11-2024,Campaign 2,Instagram,Image,Gen X,939,12,0,28.36,0
30-11-2024,Campaign 2,Instagram,Carousel,Gen Z,3043,88,2,86.81,126.69
30-11-2024,Campaign 2,Instagram,Carousel,Millennials,3027,66,4,97.02,260.38
30-11-2024,Campaign 2,Instagram,Carousel,Gen X,692,13,0,23.22,0
30-11-2024,Campaign 2,TikTok,Video,Gen Z,14461,598,73,252.68,6088.97
30-11-2024,Campaign 2,TikTok,Video,Millennials,1513,43,3,51.09,296
30-11-2024,Campaign 2,TikTok,Video,Gen X,589,17,1,22.55,96.18
30-11-2024,Campaign 2,TikTok,Image,Gen Z,9976,167,3,179.75,281.21
30-11-2024,Campaign 2,TikTok,Image,Millennials,598,5,0,13.7,0
30-11-2024,Campaign 2,TikTok,Image,Gen X,126,1,0,2.79,0
30-11-2024,Campaign 2,TikTok,Carousel,Gen Z,8355,231,5,196.84,364.12
30-11-2024,Campaign 2,TikTok,Carousel,Millennials,794,8,0,16.95,0
30-11-2024,Campaign 2,TikTok,Carousel,Gen X,112,2,0,4,0
30-11-2024,Campaign 2,Facebook,Video,Gen Z,2392,106,11,71.53,631
30-11-2024,Campaign 2,Facebook,Video,Millennials,6213,265,23,100.25,2001.46
30-11-2024,Campaign 2,Facebook,Video,Gen X,4173,85,7,88.53,497.15
30-11-2024,Campaign 2,Facebook,Image,Gen Z,2691,21,0,86.13,0
30-11-2024,Campaign 2,Facebook,Image,Millennials,6981,103,3,128.4,154.28
30-11-2024,Campaign 2,Facebook,Image,Gen X,3760,31,1,120.27,58.94
30-11-2024,Campaign 2,Facebook,Carousel,Gen Z,2590,67,5,81.31,432.15
30-11-2024,Campaign 2,Facebook,Carousel,Millennials,4587,116,6,106.24,597.59
30-11-2024,Campaign 2,Facebook,Carousel,Gen X,5408,139,9,125.25,693.57
01-12-2024,Campaign 2,Instagram,Video,Gen Z,4897,130,12,117.72,1063.87
01-12-2024,Campaign 2,Instagram,Video,Millennials,7054,214,14,219.7,1310.41
01-12-2024,Campaign 2,Instagram,Video,Gen X,647,30,3,23.02,291.85
01-12-2024,Campaign 2,Instagram,Image,Gen Z,9055,83,2,170.72,126.43
01-12-2024,Campaign 2,Instagram,Image,Millennials,2134,18,0,71.92,0
01-12-2024,Campaign 2,Instagram,Image,Gen X,490,3,0,12.28,0
01-12-2024,Campaign 2,Instagram,Carousel,Gen Z,3827,66,2,146.75,195.84
01-12-2024,Campaign 2,Instagram,Carousel,Millennials,2406,46,2,85.64,155.59
01-12-2024,Campaign 2,Instagram,Carousel,Gen X,829,8,0,24.59,0
01-12-2024,Campaign 2,TikTok,Video,Gen Z,6093,249,20,183.8,1581.07
01-12-2024,Campaign 2,TikTok,Video,Millennials,559,22,2,20.41,151.33
01-12-2024,Campaign 2,TikTok,Video,Gen X,999,42,5,29.42,344.84
01-12-2024,Campaign 2,TikTok,Image,Gen Z,10512,155,2,358.03,137.03
01-12-2024,Campaign 2,TikTok,Image,Millennials,1889,24,0,54.91,0
01-12-2024,Campaign 2,TikTok,Image,Gen X,205,3,0,3.87,0
01-12-2024,Campaign 2,TikTok,Carousel,Gen Z,8172,127,9,148.61,524.94
01-12-2024,Campaign 2,TikTok,Carousel,Millennials,670,6,0,24.44,0
01-12-2024,Campaign 2,TikTok,Carousel,Gen X,237,5,0,3.46,0
01-12-2024,Campaign 2,Facebook,Video,Gen Z,2071,76,7,40.87,648.58
01-12-2024,Campaign 2,Facebook,Video,Millennials,9266,235,17,180.68,1658.88
01-12-2024,Campaign 2,Facebook,Video,Gen X,5289,107,8,179.6,709.11
01-12-2024,Campaign 2,Facebook,Image,Gen Z,2173,32,0,54.96,0
01-12-2024,Campaign 2,Facebook,Image,Millennials,8267,45,1,183.47,77.93
01-12-2024,Campaign 2,Facebook,Image,Gen X,5169,41,1,100.66,70.86
01-12-2024,Campaign 2,Facebook,Carousel,Gen Z,2432,35,1,31.4,66.2
01-12-2024,Campaign 2,Facebook,Carousel,Millennials,8542,179,8,170.95,717.05
01-12-2024,Campaign 2,Facebook,Carousel,Gen X,5099,103,6,157.28,371.12
02-12-2024,Campaign 2,Instagram,Video,Gen Z,8755,308,22,279.28,1493.3
02-12-2024,Campaign 2,Instagram,Video,Millennials,3509,128,10,61.47,513.47
02-12-2024,Campaign 2,Instagram,Video,Gen X,890,21,1,18.94,98.04
02-12-2024,Campaign 2,Instagram,Image,Gen Z,4501,87,0,100.28,0
02-12-2024,Campaign 2,Instagram,Image,Millennials,6140,72,1,84.41,55.82
02-12-2024,Campaign 2,Instagram,Image,Gen X,813,11,0,16.49,0
02-12-2024,Campaign 2,Instagram,Carousel,Gen Z,3567,44,3,77.23,214.84
02-12-2024,Campaign 2,Instagram,Carousel,Millennials,7426,186,4,110.75,330.83
02-12-2024,Campaign 2,Instagram,Carousel,Gen X,571,13,0,14.3,0
02-12-2024,Campaign 2,TikTok,Video,Gen Z,10762,495,37,344.41,2418.34
02-12-2024,Campaign 2,TikTok,Video,Millennials,1344,32,1,50.5,74.46
02-12-2024,Campaign 2,TikTok,Video,Gen X,735,14,1,22.58,66.29
02-12-2024,Campaign 2,TikTok,Image,Gen Z,12415,223,2,228.78,109.63
02-12-2024,Campaign 2,TikTok,Image,Millennials,1782,32,1,54.73,51.48
02-12-2024,Campaign 2,TikTok,Image,Gen X,689,12,0,11.02,0
02-12-2024,Campaign 2,TikTok,Carousel,Gen Z,8538,166,8,160.66,659.35
02-12-2024,Campaign 2,TikTok,Carousel,Millennials,1516,25,1,32.54,89.64
02-12-2024,Campaign 2,TikTok,Carousel,Gen X,625,16,1,21.96,82.64
02-12-2024,Campaign 2,Facebook,Video,Gen Z,2292,111,10,42.65,832.33
02-12-2024,Campaign 2,Facebook,Video,Millennials,5488,171,19,99.01,1055.01
02-12-2024,Campaign 2,Facebook,Video,Gen X,4844,217,20,156.66,1581.23
02-12-2024,Campaign 2,Facebook,Image,Gen Z,2566,43,1,94.11,55.65
02-12-2024,Campaign 2,Facebook,Image,Millennials,6235,101,3,217.79,223.96
02-12-2024,Campaign 2,Facebook,Image,Gen X,2801,54,2,66.73,107.05
02-12-2024,Campaign 2,Facebook,Carousel,Gen Z,1773,27,2,54.14,156.93
02-12-2024,Campaign 2,Facebook,Carousel,Millennials,8618,211,4,172.42,271.04
02-12-2024,Campaign 2,Facebook,Carousel,Gen X,5594,69,4,208.73,261.53
03-12-2024,Campaign 2,Instagram,Video,Gen Z,9815,351,27,243.88,1546.25
03-12-2024,Campaign 2,Instagram,Video,Millennials,7938,246,25,226.25,2295.66
03-12-2024,Campaign 2,Instagram,Video,Gen X,768,30,1,15.59,71.24
03-12-2024,Campaign 2,Instagram,Image,Gen Z,5426,34,1,81.9,81.55
03-12-2024,Campaign 2,Instagram,Image,Millennials,3785,71,1,96.48,53.61
03-12-2024,Campaign 2,Instagram,Image,Gen X,615,5,0,12.18,0
03-12-2024,Campaign 2,Instagram,Carousel,Gen Z,3292,85,4,91.09,338.99
03-12-2024,Campaign 2,Instagram,Carousel,Millennials,3920,101,6,91.84,546.42
03-12-2024,Campaign 2,Instagram,Carousel,Gen X,861,19,1,17.68,87.45
03-12-2024,Campaign 2,TikTok,Video,Gen Z,7692,225,18,113.72,1543.24
03-12-2024,Campaign 2,TikTok,Video,Millennials,1995,76,10,34.68,752.31
03-12-2024,Campaign 2,TikTok,Video,Gen X,984,37,2,16.77,145.82
03-12-2024,Campaign 2,TikTok,Image,Gen Z,8671,77,2,298.09,125.46
03-12-2024,Campaign 2,TikTok,Image,Millennials,1233,10,0,39.82,0
03-12-2024,Campaign 2,TikTok,Image,Gen X,880,14,0,31.2,0
03-12-2024,Campaign 2,TikTok,Carousel,Gen Z,12450,162,3,404.71,220.08
03-12-2024,Campaign 2,TikTok,Carousel,Millennials,809,15,1,26.55,93.33
03-12-2024,Campaign 2,TikTok,Carousel,Gen X,126,1,0,3.43,0
03-12-2024,Campaign 2,Facebook,Video,Gen Z,2220,57,4,33.36,290.66
03-12-2024,Campaign 2,Facebook,Video,Millennials,9755,399,43,223.21,3491.77
03-12-2024,Campaign 2,Facebook,Video,Gen X,3412,125,15,121.05,976.18
03-12-2024,Campaign 2,Facebook,Image,Gen Z,1504,27,1,46.47,57.66
03-12-2024,Campaign 2,Facebook,Image,Millennials,10635,111,4,400.64,383.64
03-12-2024,Campaign 2,Facebook,Image,Gen X,3627,62,2,117.36,156.47
03-12-2024,Campaign 2,Facebook,Carousel,Gen Z,2428,32,2,73.49,160.6
03-12-2024,Campaign 2,Facebook,Carousel,Millennials,9863,282,8,311.46,473.85
03-12-2024,Campaign 2,Facebook,Carousel,Gen X,3846,46,2,62.55,105.38
04-12-2024,Campaign 2,Instagram,Video,Gen Z,3894,103,13,116.27,793.18
04-12-2024,Campaign 2,Instagram,Video,Millennials,5225,135,8,138.26,770.22
04-12-2024,Campaign 2,Instagram,Video,Gen X,468,16,1,15.48,84.1
04-12-2024,Campaign 2,Instagram,Image,Gen Z,4640,76,2,132.09,156.64
04-12-2024,Campaign 2,Instagram,Image,Millennials,7766,56,2,213.2,137.47
04-12-2024,Campaign 2,Instagram,Image,Gen X,206,1,0,6.12,0
04-12-2024,Campaign 2,Instagram,Carousel,Gen Z,9068,261,16,141.2,1299.01
04-12-2024,Campaign 2,Instagram,Carousel,Millennials,5301,61,3,137.36,158.6
04-12-2024,Campaign 2,Instagram,Carousel,Gen X,978,13,0,13.78,0
04-12-2024,Campaign 2,TikTok,Video,Gen Z,11354,462,48,257.73,2711.42
04-12-2024,Campaign 2,TikTok,Video,Millennials,1599,36,3,36.07,254.91
04-12-2024,Campaign 2,TikTok,Video,Gen X,511,21,2,19.33,119.09
04-12-2024,Campaign 2,TikTok,Image,Gen Z,13475,216,8,294.09,435.69
04-12-2024,Campaign 2,TikTok,Image,Millennials,1066,19,0,22.5,0
04-12-2024,Campaign 2,TikTok,Image,Gen X,866,16,0,33.36,0
04-12-2024,Campaign 2,TikTok,Carousel,Gen Z,8951,153,6,343.53,491.85
04-12-2024,Campaign 2,TikTok,Carousel,Millennials,1777,39,2,29.62,159.96
04-12-2024,Campaign 2,TikTok,Carousel,Gen X,147,2,0,2.63,0
04-12-2024,Campaign 2,Facebook,Video,Gen Z,1283,52,3,20.1,181.75
04-12-2024,Campaign 2,Facebook,Video,Millennials,9128,278,34,279.02,1790.69
04-12-2024,Campaign 2,Facebook,Video,Gen X,5141,184,17,139.01,1115.28
04-12-2024,Campaign 2,Facebook,Image,Gen Z,2209,17,0,81.23,0
04-12-2024,Campaign 2,Facebook,Image,Millennials,9406,150,3,128.66,161.38
04-12-2024,Campaign 2,Facebook,Image,Gen X,5013,99,4,190.69,373.3
04-12-2024,Campaign 2,Facebook,Carousel,Gen Z,1045,11,0,18.3,0
04-12-2024,Campaign 2,Facebook,Carousel,Millennials,4846,119,7,152.12,647.43
04-12-2024,Campaign 2,Facebook,Carousel,Gen X,4572,98,7,132.97,597.06
05-12-2024,Campaign 2,Instagram,Video,Gen Z,5405,199,13,103.68,873.65
05-12-2024,Campaign 2,Instagram,Video,Millennials,7239,161,10,95.58,999.35
05-12-2024,Campaign 2,Instagram,Video,Gen X,821,32,1,31.74,54.02
05-12-2024,Campaign 2,Instagram,Image,Gen Z,5066,30,1,65.41,84.96
05-12-2024,Campaign 2,Instagram,Image,Millennials,2986,50,0,92.79,0
05-12-2024,Campaign 2,Instagram,Image,Gen X,855,12,0,31.64,0
05-12-2024,Campaign 2,Instagram,Carousel,Gen Z,3405,80,2,85.72,105.04
05-12-2024,Campaign 2,Instagram,Carousel,Millennials,6646,141,8,208.11,691.51
05-12-2024,Campaign 2,Instagram,Carousel,Gen X,886,25,0,21.31,0
05-12-2024,Campaign 2,TikTok,Video,Gen Z,7636,172,21,204.65,1114.48
05-12-2024,Campaign 2,TikTok,Video,Millennials,868,41,5,13.42,256.18
05-12-2024,Campaign 2,TikTok,Video,Gen X,330,8,0,9.44,0
05-12-2024,Campaign 2,TikTok,Image,Gen Z,10148,165,7,258.71,684.78
05-12-2024,Campaign 2,TikTok,Image,Millennials,1730,25,0,56.33,0
05-12-2024,Campaign 2,TikTok,Image,Gen X,127,2,0,4.41,0
05-12-2024,Campaign 2,TikTok,Carousel,Gen Z,11522,224,5,411.24,389.98
05-12-2024,Campaign 2,TikTok,Carousel,Millennials,1575,34,2,36.54,173.12
05-12-2024,Campaign 2,TikTok,Carousel,Gen X,772,9,0,14.63,0
05-12-2024,Campaign 2,Facebook,Video,Gen Z,1905,54,6,60.23,362.28
05-12-2024,Campaign 2,Facebook,Video,Millennials,10071,453,43,334.84,3540.05
05-12-2024,Campaign 2,Facebook,Video,Gen X,2379,88,9,78.34,820.72
05-12-2024,Campaign 2,Facebook,Image,Gen Z,2547,28,0,44.69,0
05-12-2024,Campaign 2,Facebook,Image,Millennials,10851,143,5,227.93,387.19
05-12-2024,Campaign 2,Facebook,Image,Gen X,3409,49,0,101.23,0
05-12-2024,Campaign 2,Facebook,Carousel,Gen Z,1142,22,1,30.71,97.55
05-12-2024,Campaign 2,Facebook,Carousel,Millennials,5108,85,4,189.25,376.61
05-12-2024,Campaign 2,Facebook,Carousel,Gen X,3730,47,1,98.44,99.81
06-12-2024,Campaign 2,Instagram,Video,Gen Z,3926,142,13,127.29,1175.7
06-12-2024,Campaign 2,Instagram,Video,Millennials,3133,106,12,114.34,720.31
06-12-2024,Campaign 2,Instagram,Video,Gen X,974,28,3,27.95,214.86
06-12-2024,Campaign 2,Instagram,Image,Gen Z,8071,125,2,196.86,157.8
06-12-2024,Campaign 2,Instagram,Image,Millennials,5744,80,1,94.31,68.98
06-12-2024,Campaign 2,Instagram,Image,Gen X,111,1,0,2.22,0
06-12-2024,Campaign 2,Instagram,Carousel,Gen Z,6375,146,5,141.49,485.54
06-12-2024,Campaign 2,Instagram,Carousel,Millennials,7608,215,9,287.46,630.84
06-12-2024,Campaign 2,Instagram,Carousel,Gen X,707,8,0,22.37,0
06-12-2024,Campaign 2,TikTok,Video,Gen Z,12709,589,64,318.22,6122.15
06-12-2024,Campaign 2,TikTok,Video,Millennials,1779,63,7,64.2,447.96
06-12-2024,Campaign 2,TikTok,Video,Gen X,457,17,2,16.8,163.57
06-12-2024,Campaign 2,TikTok,Image,Gen Z,7505,85,2,201.02,164.08
06-12-2024,Campaign 2,TikTok,Image,Millennials,902,4,0,28.51,0
06-12-2024,Campaign 2,TikTok,Image,Gen X,359,3,0,6.35,0
06-12-2024,Campaign 2,TikTok,Carousel,Gen Z,7726,151,8,211.96,705.2
06-12-2024,Campaign 2,TikTok,Carousel,Millennials,640,13,1,20.36,66.54
06-12-2024,Campaign 2,TikTok,Carousel,Gen X,542,7,0,13.88,0
06-12-2024,Campaign 2,Facebook,Video,Gen Z,1932,80,6,71.4,325.91
06-12-2024,Campaign 2,Facebook,Video,Millennials,4210,130,8,96.38,625.12
06-12-2024,Campaign 2,Facebook,Video,Gen X,2803,121,7,54.45,393.3
06-12-2024,Campaign 2,Facebook,Image,Gen Z,1793,15,0,55.87,0
06-12-2024,Campaign 2,Facebook,Image,Millennials,4831,87,3,96.07,207.61
06-12-2024,Campaign 2,Facebook,Image,Gen X,2269,12,0,33.96,0
06-12-2024,Campaign 2,Facebook,Carousel,Gen Z,2540,67,5,94.37,392.42
06-12-2024,Campaign 2,Facebook,Carousel,Millennials,9682,165,11,232.42,1052.13
06-12-2024,Campaign 2,Facebook,Carousel,Gen X,3115,35,1,74.7,61.88
07-12-2024,Campaign 2,Instagram,Video,Gen Z,5426,192,17,190.72,1526.23
07-12-2024,Campaign 2,Instagram,Video,Millennials,7772,316,35,221.89,2443.88
07-12-2024,Campaign 2,Instagram,Video,Gen X,831,21,3,19.25,243.34
07-12-2024,Campaign 2,Instagram,Image,Gen Z,7304,62,2,220.03,136.83
07-12-2024,Campaign 2,Instagram,Image,Millennials,6742,92,1,188.04,72.75
07-12-2024,Campaign 2,Instagram,Image,Gen X,262,5,0,8.39,0
07-12-2024,Campaign 2,Instagram,Carousel,Gen Z,8118,183,4,197.61,260.63
07-12-2024,Campaign 2,Instagram,Carousel,Millennials,3191,69,2,48.59,120.56
07-12-2024,Campaign 2,Instagram,Carousel,Gen X,914,16,1,31.97,78
07-12-2024,Campaign 2,TikTok,Video,Gen Z,12417,351,23,256.7,1411.19
07-12-2024,Campaign 2,TikTok,Video,Millennials,1739,65,7,30.94,627.15
07-12-2024,Campaign 2,TikTok,Video,Gen X,711,29,2,25.7,179.04
07-12-2024,Campaign 2,TikTok,Image,Gen Z,9852,149,6,159.34,520.51
07-12-2024,Campaign 2,TikTok,Image,Millennials,1599,18,0,48.59,0
07-12-2024,Campaign 2,TikTok,Image,Gen X,108,1,0,4.1,0
07-12-2024,Campaign 2,TikTok,Carousel,Gen Z,13271,299,14,397.36,1233.01
07-12-2024,Campaign 2,TikTok,Carousel,Millennials,1256,37,2,18.14,126.64
07-12-2024,Campaign 2,TikTok,Carousel,Gen X,982,17,1,16.15,58.01
07-12-2024,Campaign 2,Facebook,Video,Gen Z,2158,51,3,30.42,222.22
07-12-2024,Campaign 2,Facebook,Video,Millennials,11805,388,51,333.57,4615.91
07-12-2024,Campaign 2,Facebook,Video,Gen X,2312,89,6,79.17,318.44
07-12-2024,Campaign 2,Facebook,Image,Gen Z,1794,24,0,26.01,0
07-12-2024,Campaign 2,Facebook,Image,Millennials,6680,128,3,216.73,259.07
07-12-2024,Campaign 2,Facebook,Image,Gen X,4139,63,0,100.56,0
07-12-2024,Campaign 2,Facebook,Carousel,Gen Z,2675,61,3,87.48,213.05
07-12-2024,Campaign 2,Facebook,Carousel,Millennials,6164,67,4,180.73,313.33
07-12-2024,Campaign 2,Facebook,Carousel,Gen X,2418,37,0,47.51,0
08-12-2024,Campaign 2,Instagram,Video,Gen Z,8196,401,48,255.26,3487.62
08-12-2024,Campaign 2,Instagram,Video,Millennials,6337,299,43,97.95,4041.23
08-12-2024,Campaign 2,Instagram,Video,Gen X,148,4,0,2.48,0
08-12-2024,Campaign 2,Instagram,Image,Gen Z,3427,22,0,83.09,0
08-12-2024,Campaign 2,Instagram,Image,Millennials,2708,43,2,88.43,113.95
08-12-2024,Campaign 2,Instagram,Image,Gen X,105,1,0,2.92,0
08-12-2024,Campaign 2,Instagram,Carousel,Gen Z,7681,119,6,163.03,451.87
08-12-2024,Campaign 2,Instagram,Carousel,Millennials,2853,52,3,101.88,226.31
08-12-2024,Campaign 2,Instagram,Carousel,Gen X,604,6,0,12.05,0
08-12-2024,Campaign 2,TikTok,Video,Gen Z,10781,315,46,296.03,3504.99
08-12-2024,Campaign 2,TikTok,Video,Millennials,1759,48,4,34.99,356.12
08-12-2024,Campaign 2,TikTok,Video,Gen X,737,34,3,22.68,262.19
08-12-2024,Campaign 2,TikTok,Image,Gen Z,7163,136,4,109.51,279.42
08-12-2024,Campaign 2,TikTok,Image,Millennials,1054,18,0,32.64,0
08-12-2024,Campaign 2,TikTok,Image,Gen X,874,12,0,17.01,0
08-12-2024,Campaign 2,TikTok,Carousel,Gen Z,7907,91,2,121.51,157.64
08-12-2024,Campaign 2,TikTok,Carousel,Millennials,1111,11,0,17.99,0
08-12-2024,Campaign 2,TikTok,Carousel,Gen X,816,10,0,15.97,0
08-12-2024,Campaign 2,Facebook,Video,Gen Z,2603,122,12,59.3,913.14
08-12-2024,Campaign 2,Facebook,Video,Millennials,7575,264,30,235.1,1757.89
08-12-2024,Campaign 2,Facebook,Video,Gen X,5405,268,36,175.5,2117.7
08-12-2024,Campaign 2,Facebook,Image,Gen Z,1597,25,1,60.46,91.35
08-12-2024,Campaign 2,Facebook,Image,Millennials,5857,43,1,82.91,85.09
08-12-2024,Campaign 2,Facebook,Image,Gen X,5176,57,1,108.22,92.77
08-12-2024,Campaign 2,Facebook,Carousel,Gen Z,1706,38,1,30.24,82.38
08-12-2024,Campaign 2,Facebook,Carousel,Millennials,4052,85,4,150.16,270.31
08-12-2024,Campaign 2,Facebook,Carousel,Gen X,2224,57,2,77.15,144.17
09-12-2024,Campaign 2,Instagram,Video,Gen Z,9903,391,39,223.93,3045.96
09-12-2024,Campaign 2,Instagram,Video,Millennials,2534,99,9,43.3,496.14
09-12-2024,Campaign 2,Instagram,Video,Gen X,573,23,1,17.37,78.54
09-12-2024,Campaign 2,Instagram,Image,Gen Z,5772,101,1,151.83,82.96
09-12-2024,Campaign 2,Instagram,Image,Millennials,5695,58,1,151.01,77.9
09-12-2024,Campaign 2,Instagram,Image,Gen X,268,2,0,7.51,0
09-12-2024,Campaign 2,Instagram,Carousel,Gen Z,4179,94,1,76.46,89.47
09-12-2024,Campaign 2,Instagram,Carousel,Millennials,4812,81,3,120.45,275.28
09-12-2024,Campaign 2,Instagram,Carousel,Gen X,872,24,1,14.35,67.94
09-12-2024,Campaign 2,TikTok,Video,Gen Z,11697,445,50,331.95,4305.05
09-12-2024,Campaign 2,TikTok,Video,Millennials,786,18,1,10.94,77.41
09-12-2024,Campaign 2,TikTok,Video,Gen X,437,11,0,7.2,0
09-12-2024,Campaign 2,TikTok,Image,Gen Z,13239,236,2,269.63,188.93
09-12-2024,Campaign 2,TikTok,Image,Millennials,1798,15,0,25.29,0
09-12-2024,Campaign 2,TikTok,Image,Gen X,745,6,0,16.1,0
09-12-2024,Campaign 2,TikTok,Carousel,Gen Z,7561,197,6,194.75,426.93
09-12-2024,Campaign 2,TikTok,Carousel,Millennials,637,18,1,10.86,63.64
09-12-2024,Campaign 2,TikTok,Carousel,Gen X,484,6,0,18.66,0
09-12-2024,Campaign 2,Facebook,Video,Gen Z,1379,37,2,22.27,127.78
09-12-2024,Campaign 2,Facebook,Video,Millennials,4488,141,8,97.59,789.54
09-12-2024,Campaign 2,Facebook,Video,Gen X,4957,224,12,133.33,990.37
09-12-2024,Campaign 2,Facebook,Image,Gen Z,1319,16,0,28.08,0
09-12-2024,Campaign 2,Facebook,Image,Millennials,6089,91,4,204.99,235.32
09-12-2024,Campaign 2,Facebook,Image,Gen X,4790,84,2,161.92,129.71
09-12-2024,Campaign 2,Facebook,Carousel,Gen Z,2319,27,1,81.57,73.41
09-12-2024,Campaign 2,Facebook,Carousel,Millennials,7498,80,4,149.51,376.8
09-12-2024,Campaign 2,Facebook,Carousel,Gen X,2558,72,2,38.68,146.58
10-12-2024,Campaign 2,Instagram,Video,Gen Z,5770,269,22,127.01,1529.3
10-12-2024,Campaign 2,Instagram,Video,Millennials,5639,223,26,135.76,2136.59
10-12-2024,Campaign 2,Instagram,Video,Gen X,282,11,1,9.57,81.28
10-12-2024,Campaign 2,Instagram,Image,Gen Z,4459,27,0,119.34,0
10-12-2024,Campaign 2,Instagram,Image,Millennials,3884,29,0,51.82,0
10-12-2024,Campaign 2,Instagram,Image,Gen X,536,10,0,13.44,0
10-12-2024,Campaign 2,Instagram,Carousel,Gen Z,3035,90,4,116.82,344.03
10-12-2024,Campaign 2,Instagram,Carousel,Millennials,7958,216,11,195.65,966.82
10-12-2024,Campaign 2,Instagram,Carousel,Gen X,745,19,0,21.49,0
10-12-2024,Campaign 2,TikTok,Video,Gen Z,13232,605,72,205.32,5923.8
10-12-2024,Campaign 2,TikTok,Video,Millennials,1748,35,2,29.52,110.21
10-12-2024,Campaign 2,TikTok,Video,Gen X,709,26,1,14.27,92.48
10-12-2024,Campaign 2,TikTok,Image,Gen Z,10128,113,5,220.76,382.76
10-12-2024,Campaign 2,TikTok,Image,Millennials,904,14,0,27.04,0
10-12-2024,Campaign 2,TikTok,Image,Gen X,258,4,0,6.71,0
10-12-2024,Campaign 2,TikTok,Carousel,Gen Z,6286,117,2,154.62,147.98
10-12-2024,Campaign 2,TikTok,Carousel,Millennials,1548,45,2,37.55,108.35
10-12-2024,Campaign 2,TikTok,Carousel,Gen X,485,10,0,6.5,0
10-12-2024,Campaign 2,Facebook,Video,Gen Z,1200,56,6,20.26,446.23
10-12-2024,Campaign 2,Facebook,Video,Millennials,6594,261,23,176.86,1621.64
10-12-2024,Campaign 2,Facebook,Video,Gen X,5110,119,13,97.36,1032.09
10-12-2024,Campaign 2,Facebook,Image,Gen Z,2455,23,1,87.19,91.57
10-12-2024,Campaign 2,Facebook,Image,Millennials,10846,171,6,283.9,383.64
10-12-2024,Campaign 2,Facebook,Image,Gen X,2999,31,1,104.82,81.02
10-12-2024,Campaign 2,Facebook,Carousel,Gen Z,2513,54,2,94.68,177.5
10-12-2024,Campaign 2,Facebook,Carousel,Millennials,7634,227,16,109.38,935.31
10-12-2024,Campaign 2,Facebook,Carousel,Gen X,3206,50,3,52.95,266.64
11-12-2024,Campaign 2,Instagram,Video,Gen Z,6621,208,16,173.1,1054.01
11-12-2024,Campaign 2,Instagram,Video,Millennials,6319,260,16,122.96,923.42
11-12-2024,Campaign 2,Instagram,Video,Gen X,713,31,2,27.51,147.58
11-12-2024,Campaign 2,Instagram,Image,Gen Z,9374,142,4,361.83,243.46
11-12-2024,Campaign 2,Instagram,Image,Millennials,5166,56,1,189.2,87.95
11-12-2024,Campaign 2,Instagram,Image,Gen X,425,3,0,11.77,0
11-12-2024,Campaign 2,Instagram,Carousel,Gen Z,6450,183,11,139.21,589.01
11-12-2024,Campaign 2,Instagram,Carousel,Millennials,6924,165,8,212.42,615.91
11-12-2024,Campaign 2,Instagram,Carousel,Gen X,364,10,0,8.95,0
11-12-2024,Campaign 2,TikTok,Video,Gen Z,6988,217,23,156.3,1702.23
11-12-2024,Campaign 2,TikTok,Video,Millennials,1749,45,3,67.12,242.3
11-12-2024,Campaign 2,TikTok,Video,Gen X,912,23,3,31.4,202.35
11-12-2024,Campaign 2,TikTok,Image,Gen Z,9937,82,1,198.31,81.36
11-12-2024,Campaign 2,TikTok,Image,Millennials,1005,6,0,13.11,0
11-12-2024,Campaign 2,TikTok,Image,Gen X,806,9,0,26.37,0
11-12-2024,Campaign 2,TikTok,Carousel,Gen Z,13519,358,15,319.23,1101.77
11-12-2024,Campaign 2,TikTok,Carousel,Millennials,1405,36,1,41.73,58.1
11-12-2024,Campaign 2,TikTok,Carousel,Gen X,432,8,0,8.75,0
11-12-2024,Campaign 2,Facebook,Video,Gen Z,1766,83,12,67.35,951.46
11-12-2024,Campaign 2,Facebook,Video,Millennials,4797,211,30,87.24,2626.38
11-12-2024,Campaign 2,Facebook,Video,Gen X,4141,201,22,153.28,1525.84
11-12-2024,Campaign 2,Facebook,Image,Gen Z,2968,24,0,89.95,0
11-12-2024,Campaign 2,Facebook,Image,Millennials,10110,119,3,363.32,178.92
11-12-2024,Campaign 2,Facebook,Image,Gen X,2921,51,0,66.63,0
11-12-2024,Campaign 2,Facebook,Carousel,Gen Z,1619,34,0,56.49,0
11-12-2024,Campaign 2,Facebook,Carousel,Millennials,8830,111,2,287.31,133.1
11-12-2024,Campaign 2,Facebook,Carousel,Gen X,3978,72,5,76.66,256.06
12-12-2024,Campaign 2,Instagram,Video,Gen Z,3776,140,14,64.07,826.65
12-12-2024,Campaign 2,Instagram,Video,Millennials,6775,286,30,234.72,2388.56
12-12-2024,Campaign 2,Instagram,Video,Gen X,667,18,2,19.66,144.99
12-12-2024,Campaign 2,Instagram,Image,Gen Z,6085,97,4,146.34,291.94
12-12-2024,Campaign 2,Instagram,Image,Millennials,2678,26,0,37.13,0
12-12-2024,Campaign 2,Instagram,Image,Gen X,310,2,0,9.21,0
12-12-2024,Campaign 2,Instagram,Carousel,Gen Z,3592,64,4,99.91,305.58
12-12-2024,Campaign 2,Instagram,Carousel,Millennials,4614,136,6,175.55,547.16
12-12-2024,Campaign 2,Instagram,Carousel,Gen X,721,20,0,9.96,0
12-12-2024,Campaign 2,TikTok,Video,Gen Z,11725,554,67,394.91,5129.26
12-12-2024,Campaign 2,TikTok,Video,Millennials,1210,31,3,18.84,274.16
12-12-2024,Campaign 2,TikTok,Video,Gen X,537,24,2,10.04,181.91
12-12-2024,Campaign 2,TikTok,Image,Gen Z,12094,159,3,182.36,175.7
12-12-2024,Campaign 2,TikTok,Image,Millennials,578,6,0,9.93,0
12-12-2024,Campaign 2,TikTok,Image,Gen X,434,2,0,10.73,0
12-12-2024,Campaign 2,TikTok,Carousel,Gen Z,12937,202,10,328.9,834.11
12-12-2024,Campaign 2,TikTok,Carousel,Millennials,1073,22,0,31.95,0
12-12-2024,Campaign 2,TikTok,Carousel,Gen X,657,12,0,24.75,0
12-12-2024,Campaign 2,Facebook,Video,Gen Z,2503,64,3,38.53,265.26
12-12-2024,Campaign 2,Facebook,Video,Millennials,9106,274,21,218.79,1834.95
12-12-2024,Campaign 2,Facebook,Video,Gen X,2057,53,6,66.37,456.91
12-12-2024,Campaign 2,Facebook,Image,Gen Z,2907,44,0,48.23,0
12-12-2024,Campaign 2,Facebook,Image,Millennials,8514,78,2,252.91,120.63
12-12-2024,Campaign 2,Facebook,Image,Gen X,5711,48,1,220.42,63.81
12-12-2024,Campaign 2,Facebook,Carousel,Gen Z,2617,47,1,76.28,67.6
12-12-2024,Campaign 2,Facebook,Carousel,Millennials,7279,195,6,253.04,434.58
12-12-2024,Campaign 2,Facebook,Carousel,Gen X,3427,75,5,125.38,389.67
13-12-2024,Campaign 2,Instagram,Video,Gen Z,3287,92,13,117.56,875.12
13-12-2024,Campaign 2,Instagram,Video,Millennials,3268,91,4,90.93,367
13-12-2024,Campaign 2,Instagram,Video,Gen X,500,22,2,14.3,182.42
13-12-2024,Campaign 2,Instagram,Image,Gen Z,7164,113,2,218.72,119.27
13-12-2024,Campaign 2,Instagram,Image,Millennials,3881,28,0,85.49,0
13-12-2024,Campaign 2,Instagram,Image,Gen X,669,7,0,17.47,0
13-12-2024,Campaign 2,Instagram,Carousel,Gen Z,6541,192,8,98.42,675.27
13-12-2024,Campaign 2,Instagram,Carousel,Millennials,4703,110,6,171.08,396.2
13-12-2024,Campaign 2,Instagram,Carousel,Gen X,452,8,0,13.81,0
13-12-2024,Campaign 2,TikTok,Video,Gen Z,6514,158,12,148.81,766.35
13-12-2024,Campaign 2,TikTok,Video,Millennials,1748,45,3,37.21,298.85
13-12-2024,Campaign 2,TikTok,Video,Gen X,717,32,4,21.96,399.28
13-12-2024,Campaign 2,TikTok,Image,Gen Z,13385,106,4,354.24,397.49
13-12-2024,Campaign 2,TikTok,Image,Millennials,1281,16,0,22.27,0
13-12-2024,Campaign 2,TikTok,Image,Gen X,909,6,0,26.86,0
13-12-2024,Campaign 2,TikTok,Carousel,Gen Z,14334,393,28,429.41,2796.3
13-12-2024,Campaign 2,TikTok,Carousel,Millennials,848,10,0,13.83,0
13-12-2024,Campaign 2,TikTok,Carousel,Gen X,703,18,1,24.9,83.45
13-12-2024,Campaign 2,Facebook,Video,Gen Z,2144,45,2,62.01,183.82
13-12-2024,Campaign 2,Facebook,Video,Millennials,10207,414,29,183.06,2727.98
13-12-2024,Campaign 2,Facebook,Video,Gen X,5712,143,16,192.78,1469.65
13-12-2024,Campaign 2,Facebook,Image,Gen Z,1160,22,0,40.85,0
13-12-2024,Campaign 2,Facebook,Image,Millennials,11899,197,6,445.82,592.1
13-12-2024,Campaign 2,Facebook,Image,Gen X,4249,53,1,153.15,98.42
13-12-2024,Campaign 2,Facebook,Carousel,Gen Z,1261,21,0,21.29,0
13-12-2024,Campaign 2,Facebook,Carousel,Millennials,4277,50,1,132.38,87.93
13-12-2024,Campaign 2,Facebook,Carousel,Gen X,3590,39,3,130.23,251.77
14-12-2024,Campaign 2,Instagram,Video,Gen Z,8528,388,21,199.65,1834.98
14-12-2024,Campaign 2,Instagram,Video,Millennials,7313,253,25,144.81,2225.8
14-12-2024,Campaign 2,Instagram,Video,Gen X,227,7,0,8.1,0
14-12-2024,Campaign 2,Instagram,Image,Gen Z,8201,154,5,279.43,376.28
14-12-2024,Campaign 2,Instagram,Image,Millennials,4115,25,0,140.48,0
14-12-2024,Campaign 2,Instagram,Image,Gen X,284,3,0,5.47,0
14-12-2024,Campaign 2,Instagram,Carousel,Gen Z,3217,53,4,66.39,370.9
14-12-2024,Campaign 2,Instagram,Carousel,Millennials,4158,64,2,84.2,116.29
14-12-2024,Campaign 2,Instagram,Carousel,Gen X,436,6,0,6.84,0
14-12-2024,Campaign 2,TikTok,Video,Gen Z,9961,292,41,213.22,3818.9
14-12-2024,Campaign 2,TikTok,Video,Millennials,1329,42,4,38.76,327.99
14-12-2024,Campaign 2,TikTok,Video,Gen X,351,14,1,9.68,60.84
14-12-2024,Campaign 2,TikTok,Image,Gen Z,12941,115,2,448.17,185.98
14-12-2024,Campaign 2,TikTok,Image,Millennials,1038,6,0,14.58,0
14-12-2024,Campaign 2,TikTok,Image,Gen X,976,15,0,19.79,0
14-12-2024,Campaign 2,TikTok,Carousel,Gen Z,13061,169,11,356.9,1001.9
14-12-2024,Campaign 2,TikTok,Carousel,Millennials,1598,17,0,36.31,0
14-12-2024,Campaign 2,TikTok,Carousel,Gen X,267,7,0,10.27,0
14-12-2024,Campaign 2,Facebook,Video,Gen Z,1791,62,4,52.46,269.99
14-12-2024,Campaign 2,Facebook,Video,Millennials,7817,187,11,193.69,756.74
14-12-2024,Campaign 2,Facebook,Video,Gen X,3766,93,4,48.98,382.61
14-12-2024,Campaign 2,Facebook,Image,Gen Z,1120,14,0,35.82,0
14-12-2024,Campaign 2,Facebook,Image,Millennials,7789,86,3,238.95,227.6
14-12-2024,Campaign 2,Facebook,Image,Gen X,5265,84,4,171.31,259.61
14-12-2024,Campaign 2,Facebook,Carousel,Gen Z,2187,28,2,39.82,134.9
14-12-2024,Campaign 2,Facebook,Carousel,Millennials,4935,57,3,81.98,153.93
14-12-2024,Campaign 2,Facebook,Carousel,Gen X,5667,157,8,138.85,441.04
15-12-2024,Campaign 2,Instagram,Video,Gen Z,6397,138,16,117.25,1435.57
15-12-2024,Campaign 2,Instagram,Video,Millennials,4583,101,13,147.88,910.78
15-12-2024,Campaign 2,Instagram,Video,Gen X,467,11,0,13.32,0
15-12-2024,Campaign 2,Instagram,Image,Gen Z,5513,78,2,199.88,181.48
15-12-2024,Campaign 2,Instagram,Image,Millennials,5438,49,2,145.92,184.1
15-12-2024,Campaign 2,Instagram,Image,Gen X,818,11,0,22.6,0
15-12-2024,Campaign 2,Instagram,Carousel,Gen Z,7385,140,3,236.6,169.67
15-12-2024,Campaign 2,Instagram,Carousel,Millennials,2521,31,0,75.58,0
15-12-2024,Campaign 2,Instagram,Carousel,Gen X,670,12,0,15.2,0
15-12-2024,Campaign 2,TikTok,Video,Gen Z,13452,468,43,459.11,2213.67
15-12-2024,Campaign 2,TikTok,Video,Millennials,781,23,2,10.35,105.52
15-12-2024,Campaign 2,TikTok,Video,Gen X,120,4,0,2.94,0
15-12-2024,Campaign 2,TikTok,Image,Gen Z,5032,40,1,156.37,66.53
15-12-2024,Campaign 2,TikTok,Image,Millennials,657,10,0,16.28,0
15-12-2024,Campaign 2,TikTok,Image,Gen X,127,2,0,4.62,0
15-12-2024,Campaign 2,TikTok,Carousel,Gen Z,7098,152,10,262.77,634.46
15-12-2024,Campaign 2,TikTok,Carousel,Millennials,837,15,0,18.66,0
15-12-2024,Campaign 2,TikTok,Carousel,Gen X,430,10,0,15.28,0
15-12-2024,Campaign 2,Facebook,Video,Gen Z,1568,33,3,40.75,162.96
15-12-2024,Campaign 2,Facebook,Video,Millennials,4661,221,29,166.28,2759.63
15-12-2024,Campaign 2,Facebook,Video,Gen X,2574,66,6,35.89,519.97
15-12-2024,Campaign 2,Facebook,Image,Gen Z,2012,24,0,76.33,0
15-12-2024,Campaign 2,Facebook,Image,Millennials,5351,54,0,194.49,0
15-12-2024,Campaign 2,Facebook,Image,Gen X,2527,20,0,81.44,0
15-12-2024,Campaign 2,Facebook,Carousel,Gen Z,1648,18,1,46.63,76.68
15-12-2024,Campaign 2,Facebook,Carousel,Millennials,10732,211,15,273.27,1053.63
15-12-2024,Campaign 2,Facebook,Carousel,Gen X,2312,24,1,52.12,79.96
16-12-2024,Campaign 2,Instagram,Video,Gen Z,9978,225,18,187.78,1393.82
16-12-2024,Campaign 2,Instagram,Video,Millennials,6931,222,32,117.25,2221.53
16-12-2024,Campaign 2,Instagram,Video,Gen X,506,18,1,11.38,58.68
16-12-2024,Campaign 2,Instagram,Image,Gen Z,6114,108,4,103.66,249.09
16-12-2024,Campaign 2,Instagram,Image,Millennials,2106,15,0,73.26,0
16-12-2024,Campaign 2,Instagram,Image,Gen X,609,4,0,8.39,0
16-12-2024,Campaign 2,Instagram,Carousel,Gen Z,3080,54,1,103.27,65.05
16-12-2024,Campaign 2,Instagram,Carousel,Millennials,5040,104,4,162.85,360.82
16-12-2024,Campaign 2,Instagram,Carousel,Gen X,893,9,0,18.4,0
16-12-2024,Campaign 2,TikTok,Video,Gen Z,14031,351,52,515.23,2605.26
16-12-2024,Campaign 2,TikTok,Video,Millennials,1181,53,4,29.13,268.83
16-12-2024,Campaign 2,TikTok,Video,Gen X,819,17,2,20.23,153.11
16-12-2024,Campaign 2,TikTok,Image,Gen Z,10234,121,3,275.18,270.26
16-12-2024,Campaign 2,TikTok,Image,Millennials,868,5,0,23.71,0
16-12-2024,Campaign 2,TikTok,Image,Gen X,406,2,0,15.48,0
16-12-2024,Campaign 2,TikTok,Carousel,Gen Z,7046,83,4,211.03,290.41
16-12-2024,Campaign 2,TikTok,Carousel,Millennials,1909,43,0,29.65,0
16-12-2024,Campaign 2,TikTok,Carousel,Gen X,826,17,1,26.73,81.01
16-12-2024,Campaign 2,Facebook,Video,Gen Z,1108,47,2,38.24,166.26
16-12-2024,Campaign 2,Facebook,Video,Millennials,10695,368,26,230.07,1967.8
16-12-2024,Campaign 2,Facebook,Video,Gen X,4204,132,19,71.71,1739.43
16-12-2024,Campaign 2,Facebook,Image,Gen Z,2216,16,0,80.38,0
16-12-2024,Campaign 2,Facebook,Image,Millennials,10825,135,2,248.96,161.42
16-12-2024,Campaign 2,Facebook,Image,Gen X,5023,50,0,126.36,0
16-12-2024,Campaign 2,Facebook,Carousel,Gen Z,2815,82,2,61.49,103.57
16-12-2024,Campaign 2,Facebook,Carousel,Millennials,8305,232,11,318.61,833.9
16-12-2024,Campaign 2,Facebook,Carousel,Gen X,2864,45,0,100.51,0
17-12-2024,Campaign 2,Instagram,Video,Gen Z,7206,167,23,243.52,1529.61
17-12-2024,Campaign 2,Instagram,Video,Millennials,6148,156,21,206.72,1375.27
17-12-2024,Campaign 2,Instagram,Video,Gen X,955,21,1,18.53,88.01
17-12-2024,Campaign 2,Instagram,Image,Gen Z,6222,34,1,113.67,61.76
17-12-2024,Campaign 2,Instagram,Image,Millennials,5210,43,1,95.99,55.31
17-12-2024,Campaign 2,Instagram,Image,Gen X,221,2,0,3.02,0
17-12-2024,Campaign 2,Instagram,Carousel,Gen Z,4079,53,2,113.87,132.21
17-12-2024,Campaign 2,Instagram,Carousel,Millennials,5499,118,8,148.56,474.25
17-12-2024,Campaign 2,Instagram,Carousel,Gen X,647,8,0,12.72,0
17-12-2024,Campaign 2,TikTok,Video,Gen Z,6200,301,18,119.42,1681.49
17-12-2024,Campaign 2,TikTok,Video,Millennials,917,27,2,19.77,103.86
17-12-2024,Campaign 2,TikTok,Video,Gen X,955,33,1,16.7,90.83
17-12-2024,Campaign 2,TikTok,Image,Gen Z,11813,148,4,223.03,370.5
17-12-2024,Campaign 2,TikTok,Image,Millennials,1984,33,1,41,76.16
17-12-2024,Campaign 2,TikTok,Image,Gen X,635,3,0,13.68,0
17-12-2024,Campaign 2,TikTok,Carousel,Gen Z,6488,174,9,133.41,504.63
17-12-2024,Campaign 2,TikTok,Carousel,Millennials,1282,34,1,46.63,82.11
17-12-2024,Campaign 2,TikTok,Carousel,Gen X,754,10,0,19.07,0
17-12-2024,Campaign 2,Facebook,Video,Gen Z,2214,89,7,58.76,395.72
17-12-2024,Campaign 2,Facebook,Video,Millennials,9215,457,38,286.87,3722.13
17-12-2024,Campaign 2,Facebook,Video,Gen X,5467,223,22,187.88,1915.14
17-12-2024,Campaign 2,Facebook,Image,Gen Z,1139,21,0,19.59,0
17-12-2024,Campaign 2,Facebook,Image,Millennials,9767,194,9,146.72,707.84
17-12-2024,Campaign 2,Facebook,Image,Gen X,4676,90,2,136.97,122.19
17-12-2024,Campaign 2,Facebook,Carousel,Gen Z,2312,33,2,83.84,119.07
17-12-2024,Campaign 2,Facebook,Carousel,Millennials,4194,113,8,126.39,697.95
17-12-2024,Campaign 2,Facebook,Carousel,Gen X,5698,104,7,84.59,542.7
18-12-2024,Campaign 2,Instagram,Video,Gen Z,6519,275,19,100.53,1404.16
18-12-2024,Campaign 2,Instagram,Video,Millennials,7275,344,47,188.06,3776.52
18-12-2024,Campaign 2,Instagram,Video,Gen X,999,44,2,32.18,135.31
18-12-2024,Campaign 2,Instagram,Image,Gen Z,5176,81,2,167.42,150
18-12-2024,Campaign 2,Instagram,Image,Millennials,4699,46,0,63.94,0
18-12-2024,Campaign 2,Instagram,Image,Gen X,491,4,0,7.74,0
18-12-2024,Campaign 2,Instagram,Carousel,Gen Z,7917,196,9,104.61,620.63
18-12-2024,Campaign 2,Instagram,Carousel,Millennials,7738,85,6,149.15,567.46
18-12-2024,Campaign 2,Instagram,Carousel,Gen X,180,1,0,3.97,0
18-12-2024,Campaign 2,TikTok,Video,Gen Z,5488,110,9,72.41,757.51
18-12-2024,Campaign 2,TikTok,Video,Millennials,1367,61,9,22.29,520.18
18-12-2024,Campaign 2,TikTok,Video,Gen X,180,4,0,3.12,0
18-12-2024,Campaign 2,TikTok,Image,Gen Z,11442,223,8,194.77,625.27
18-12-2024,Campaign 2,TikTok,Image,Millennials,831,7,0,31.25,0
18-12-2024,Campaign 2,TikTok,Image,Gen X,452,7,0,9.63,0
18-12-2024,Campaign 2,TikTok,Carousel,Gen Z,10825,214,14,342.6,924.5
18-12-2024,Campaign 2,TikTok,Carousel,Millennials,987,16,0,21.6,0
18-12-2024,Campaign 2,TikTok,Carousel,Gen X,985,16,0,21.91,0
18-12-2024,Campaign 2,Facebook,Video,Gen Z,1193,53,7,17.99,675.69
18-12-2024,Campaign 2,Facebook,Video,Millennials,11188,232,24,374.37,1839.82
18-12-2024,Campaign 2,Facebook,Video,Gen X,3849,116,15,128.61,1494.64
18-12-2024,Campaign 2,Facebook,Image,Gen Z,1615,10,0,60.61,0
18-12-2024,Campaign 2,Facebook,Image,Millennials,8561,91,2,128.3,178.38
18-12-2024,Campaign 2,Facebook,Image,Gen X,5706,113,3,166.28,255.15
18-12-2024,Campaign 2,Facebook,Carousel,Gen Z,1089,25,0,27.07,0
18-12-2024,Campaign 2,Facebook,Carousel,Millennials,5107,147,8,130.75,533.58
18-12-2024,Campaign 2,Facebook,Carousel,Gen X,5916,101,7,187.06,558
19-12-2024,Campaign 2,Instagram,Video,Gen Z,7309,300,35,234.2,2698.46
19-12-2024,Campaign 2,Instagram,Video,Millennials,6614,330,45,158.93,3443.23
19-12-2024,Campaign 2,Instagram,Video,Gen X,442,13,0,16.95,0
19-12-2024,Campaign 2,Instagram,Image,Gen Z,8007,116,5,170.44,436.25
19-12-2024,Campaign 2,Instagram,Image,Millennials,3414,21,0,101.26,0
19-12-2024,Campaign 2,Instagram,Image,Gen X,841,8,0,12.46,0
19-12-2024,Campaign 2,Instagram,Carousel,Gen Z,6103,104,2,85.54,173.04
19-12-2024,Campaign 2,Instagram,Carousel,Millennials,4735,76,4,151.7,311.78
19-12-2024,Campaign 2,Instagram,Carousel,Gen X,824,23,1,15.74,95.34
19-12-2024,Campaign 2,TikTok,Video,Gen Z,5640,274,21,158.31,1818.88
19-12-2024,Campaign 2,TikTok,Video,Millennials,1024,48,7,24.05,697.47
19-12-2024,Campaign 2,TikTok,Video,Gen X,510,18,1,18.14,84.88
19-12-2024,Campaign 2,TikTok,Image,Gen Z,9887,54,1,137.3,57.07
19-12-2024,Campaign 2,TikTok,Image,Millennials,824,12,0,31.56,0
19-12-2024,Campaign 2,TikTok,Image,Gen X,676,6,0,15.1,0
19-12-2024,Campaign 2,TikTok,Carousel,Gen Z,5089,151,6,121.9,348.1
19-12-2024,Campaign 2,TikTok,Carousel,Millennials,1226,32,0,30.73,0
19-12-2024,Campaign 2,TikTok,Carousel,Gen X,530,13,0,15.97,0
19-12-2024,Campaign 2,Facebook,Video,Gen Z,2250,79,9,59.12,560.82
19-12-2024,Campaign 2,Facebook,Video,Millennials,5988,145,15,148.25,920.16
19-12-2024,Campaign 2,Facebook,Video,Gen X,2495,105,11,56.74,729.7
19-12-2024,Campaign 2,Facebook,Image,Gen Z,2896,27,1,41.6,93.29
19-12-2024,Campaign 2,Facebook,Image,Millennials,4882,72,3,154.26,250.52
19-12-2024,Campaign 2,Facebook,Image,Gen X,3216,38,1,53.57,77.98
19-12-2024,Campaign 2,Facebook,Carousel,Gen Z,2088,48,2,76.85,199.36
19-12-2024,Campaign 2,Facebook,Carousel,Millennials,5573,129,7,170.33,443.44
19-12-2024,Campaign 2,Facebook,Carousel,Gen X,2275,61,3,51.82,249.91
20-12-2024,Campaign 2,Instagram,Video,Gen Z,9947,275,34,366.09,2062.13
20-12-2024,Campaign 2,Instagram,Video,Millennials,4034,167,8,131.73,408
20-12-2024,Campaign 2,Instagram,Video,Gen X,604,22,2,19.66,141.75
20-12-2024,Campaign 2,Instagram,Image,Gen Z,5545,78,3,207.75,201.68
20-12-2024,Campaign 2,Instagram,Image,Millennials,5436,36,0,134.44,0
20-12-2024,Campaign 2,Instagram,Image,Gen X,337,3,0,4.36,0
20-12-2024,Campaign 2,Instagram,Carousel,Gen Z,3186,34,1,90.68,79.16
20-12-2024,Campaign 2,Instagram,Carousel,Millennials,5388,125,5,141.28,395.1
20-12-2024,Campaign 2,Instagram,Carousel,Gen X,571,9,0,13.99,0
20-12-2024,Campaign 2,TikTok,Video,Gen Z,7751,208,21,169.12,1126.38
20-12-2024,Campaign 2,TikTok,Video,Millennials,1156,30,1,36.28,69.98
20-12-2024,Campaign 2,TikTok,Video,Gen X,575,22,3,7.79,251.44
20-12-2024,Campaign 2,TikTok,Image,Gen Z,11189,146,7,202.62,451.48
20-12-2024,Campaign 2,TikTok,Image,Millennials,1958,34,0,47.04,0
20-12-2024,Campaign 2,TikTok,Image,Gen X,451,4,0,9.44,0
20-12-2024,Campaign 2,TikTok,Carousel,Gen Z,12201,150,8,210.15,735.14
20-12-2024,Campaign 2,TikTok,Carousel,Millennials,822,13,0,15.79,0
20-12-2024,Campaign 2,TikTok,Carousel,Gen X,417,8,0,6.63,0
20-12-2024,Campaign 2,Facebook,Video,Gen Z,1342,38,2,42.29,179.19
20-12-2024,Campaign 2,Facebook,Video,Millennials,10990,353,26,176.55,2073.23
20-12-2024,Campaign 2,Facebook,Video,Gen X,4527,191,22,166.9,1533.97
20-12-2024,Campaign 2,Facebook,Image,Gen Z,1213,7,0,17.93,0
20-12-2024,Campaign 2,Facebook,Image,Millennials,9548,124,3,172.53,278.46
20-12-2024,Campaign 2,Facebook,Image,Gen X,4246,74,3,97.75,199.39
20-12-2024,Campaign 2,Facebook,Carousel,Gen Z,2988,82,2,65.93,125.03
20-12-2024,Campaign 2,Facebook,Carousel,Millennials,7691,179,10,152.01,971.64
20-12-2024,Campaign 2,Facebook,Carousel,Gen X,5858,162,7,116.89,574.11
21-12-2024,Campaign 2,Instagram,Video,Gen Z,7012,339,25,110,2411.93
21-12-2024,Campaign 2,Instagram,Video,Millennials,5524,195,18,123.29,1326.78
21-12-2024,Campaign 2,Instagram,Video,Gen X,415,19,2,6.27,143.34
21-12-2024,Campaign 2,Instagram,Image,Gen Z,4857,79,1,176.91,62.25
21-12-2024,Campaign 2,Instagram,Image,Millennials,3245,41,1,73.18,55.18
21-12-2024,Campaign 2,Instagram,Image,Gen X,354,5,0,12.57,0
21-12-2024,Campaign 2,Instagram,Carousel,Gen Z,8061,146,10,260.55,511.43
21-12-2024,Campaign 2,Instagram,Carousel,Millennials,5199,155,6,79.71,461.57
21-12-2024,Campaign 2,Instagram,Carousel,Gen X,427,9,0,6.12,0
21-12-2024,Campaign 2,TikTok,Video,Gen Z,9289,296,33,190.1,2566.85
21-12-2024,Campaign 2,TikTok,Video,Millennials,1586,32,2,27.46,125.09
21-12-2024,Campaign 2,TikTok,Video,Gen X,163,3,0,3.2,0
21-12-2024,Campaign 2,TikTok,Image,Gen Z,12998,66,3,417.93,211.91
21-12-2024,Campaign 2,TikTok,Image,Millennials,1080,14,0,24.88,0
21-12-2024,Campaign 2,TikTok,Image,Gen X,191,3,0,5.34,0
21-12-2024,Campaign 2,TikTok,Carousel,Gen Z,9467,138,7,220.45,402.46
21-12-2024,Campaign 2,TikTok,Carousel,Millennials,1110,14,1,38.35,55.65
21-12-2024,Campaign 2,TikTok,Carousel,Gen X,227,3,0,7.35,0
21-12-2024,Campaign 2,Facebook,Video,Gen Z,2142,48,4,30.37,374.98
21-12-2024,Campaign 2,Facebook,Video,Millennials,6216,196,21,87.58,1978.88
21-12-2024,Campaign 2,Facebook,Video,Gen X,5814,250,29,191.49,1739.24
21-12-2024,Campaign 2,Facebook,Image,Gen Z,2649,17,0,48.05,0
21-12-2024,Campaign 2,Facebook,Image,Millennials,5935,68,2,123.99,107.55
21-12-2024,Campaign 2,Facebook,Image,Gen X,3601,46,1,82.01,66.09
21-12-2024,Campaign 2,Facebook,Carousel,Gen Z,2405,28,1,88.72,53.12
21-12-2024,Campaign 2,Facebook,Carousel,Millennials,6384,89,3,179.03,296.99
21-12-2024,Campaign 2,Facebook,Carousel,Gen X,5355,56,4,172.55,227.03
22-12-2024,Campaign 2,Instagram,Video,Gen Z,5250,224,23,136.92,1893.43
22-12-2024,Campaign 2,Instagram,Video,Millennials,7534,251,33,156.53,2929.28
22-12-2024,Campaign 2,Instagram,Video,Gen X,355,10,1,9.65,96.47
22-12-2024,Campaign 2,Instagram,Image,Gen Z,9872,57,2,327.48,135.56
22-12-2024,Campaign 2,Instagram,Image,Millennials,4577,36,0,163.57,0
22-12-2024,Campaign 2,Instagram,Image,Gen X,991,14,0,16.39,0
22-12-2024,Campaign 2,Instagram,Carousel,Gen Z,4390,73,1,112.35,85.08
22-12-2024,Campaign 2,Instagram,Carousel,Millennials,2926,65,3,60,223.02
22-12-2024,Campaign 2,Instagram,Carousel,Gen X,990,12,0,36.28,0
22-12-2024,Campaign 2,TikTok,Video,Gen Z,8179,259,31,264.73,1868.75
22-12-2024,Campaign 2,TikTok,Video,Millennials,1542,52,2,45.49,167.68
22-12-2024,Campaign 2,TikTok,Video,Gen X,919,41,2,14.14,128.24
22-12-2024,Campaign 2,TikTok,Image,Gen Z,12695,220,8,223.1,532.42
22-12-2024,Campaign 2,TikTok,Image,Millennials,1391,24,0,30.14,0
22-12-2024,Campaign 2,TikTok,Image,Gen X,833,8,0,24.08,0
22-12-2024,Campaign 2,TikTok,Carousel,Gen Z,6286,170,12,116.33,926.18
22-12-2024,Campaign 2,TikTok,Carousel,Millennials,1568,32,2,47.74,145.66
22-12-2024,Campaign 2,TikTok,Carousel,Gen X,401,9,0,8.21,0
22-12-2024,Campaign 2,Facebook,Video,Gen Z,1423,42,2,20.08,143.91
22-12-2024,Campaign 2,Facebook,Video,Millennials,8690,387,32,185.71,2595.83
22-12-2024,Campaign 2,Facebook,Video,Gen X,4106,188,17,108.2,1263.77
22-12-2024,Campaign 2,Facebook,Image,Gen Z,2163,14,0,37.91,0
22-12-2024,Campaign 2,Facebook,Image,Millennials,7442,129,5,104.84,302.31
22-12-2024,Campaign 2,Facebook,Image,Gen X,3870,22,0,143.91,0
22-12-2024,Campaign 2,Facebook,Carousel,Gen Z,2781,79,3,45.08,175.65
22-12-2024,Campaign 2,Facebook,Carousel,Millennials,6070,148,4,196.63,212.04
22-12-2024,Campaign 2,Facebook,Carousel,Gen X,4602,119,6,70.19,524.14
23-12-2024,Campaign 2,Instagram,Video,Gen Z,9734,222,29,288.7,1678.89
23-12-2024,Campaign 2,Instagram,Video,Millennials,3789,163,19,106,1677.35
23-12-2024,Campaign 2,Instagram,Video,Gen X,318,12,0,10.81,0
23-12-2024,Campaign 2,Instagram,Image,Gen Z,3900,69,2,62.45,140.35
23-12-2024,Campaign 2,Instagram,Image,Millennials,7988,143,4,189.38,219.18
23-12-2024,Campaign 2,Instagram,Image,Gen X,945,16,0,30.55,0
23-12-2024,Campaign 2,Instagram,Carousel,Gen Z,9992,230,17,275.51,1079.27
23-12-2024,Campaign 2,Instagram,Carousel,Millennials,5194,92,3,141.64,193.36
23-12-2024,Campaign 2,Instagram,Carousel,Gen X,752,11,0,17.75,0
23-12-2024,Campaign 2,TikTok,Video,Gen Z,13598,308,26,182.23,1904.18
23-12-2024,Campaign 2,TikTok,Video,Millennials,1050,44,2,31.53,117.93
23-12-2024,Campaign 2,TikTok,Video,Gen X,890,26,3,32.23,296.69
23-12-2024,Campaign 2,TikTok,Image,Gen Z,5838,42,1,214.41,58.83
23-12-2024,Campaign 2,TikTok,Image,Millennials,709,11,0,24.57,0
23-12-2024,Campaign 2,TikTok,Image,Gen X,758,11,0,13.83,0
23-12-2024,Campaign 2,TikTok,Carousel,Gen Z,9095,262,18,296.85,994.27
23-12-2024,Campaign 2,TikTok,Carousel,Millennials,1542,26,1,54.65,89.08
23-12-2024,Campaign 2,TikTok,Carousel,Gen X,427,8,0,10.3,0
23-12-2024,Campaign 2,Facebook,Video,Gen Z,1611,71,7,62.32,527.45
23-12-2024,Campaign 2,Facebook,Video,Millennials,8489,220,11,142.78,1035.69
23-12-2024,Campaign 2,Facebook,Video,Gen X,2008,82,8,65.62,633.41
23-12-2024,Campaign 2,Facebook,Image,Gen Z,2912,52,1,50.58,71.45
23-12-2024,Campaign 2,Facebook,Image,Millennials,10252,121,1,172.06,86.05
23-12-2024,Campaign 2,Facebook,Image,Gen X,4880,92,2,107.76,173.83
23-12-2024,Campaign 2,Facebook,Carousel,Gen Z,2724,45,1,40.95,75.22
23-12-2024,Campaign 2,Facebook,Carousel,Millennials,4826,66,3,125.07,214.83
23-12-2024,Campaign 2,Facebook,Carousel,Gen X,5147,106,7,196.78,635.44
24-12-2024,Campaign 2,Instagram,Video,Gen Z,8502,395,49,197.66,3357.34
24-12-2024,Campaign 2,Instagram,Video,Millennials,3642,88,5,92.17,309.74
24-12-2024,Campaign 2,Instagram,Video,Gen X,501,23,1,10.84,75.45
24-12-2024,Campaign 2,Instagram,Image,Gen Z,7466,124,4,144.01,210.31
24-12-2024,Campaign 2,Instagram,Image,Millennials,7955,43,0,266.92,0
24-12-2024,Campaign 2,Instagram,Image,Gen X,605,11,0,18.81,0
24-12-2024,Campaign 2,Instagram,Carousel,Gen Z,3319,43,1,102.91,77.41
24-12-2024,Campaign 2,Instagram,Carousel,Millennials,7019,158,5,271.38,336.84
24-12-2024,Campaign 2,Instagram,Carousel,Gen X,859,24,1,27.77,62.69
24-12-2024,Campaign 2,TikTok,Video,Gen Z,6252,160,21,107.6,1098.03
24-12-2024,Campaign 2,TikTok,Video,Millennials,1594,45,2,30.32,156.71
24-12-2024,Campaign 2,TikTok,Video,Gen X,547,14,1,10.55,69.81
24-12-2024,Campaign 2,TikTok,Image,Gen Z,5345,75,2,200.45,110.82
24-12-2024,Campaign 2,TikTok,Image,Millennials,1158,21,0,27.64,0
24-12-2024,Campaign 2,TikTok,Image,Gen X,982,11,0,17.44,0
24-12-2024,Campaign 2,TikTok,Carousel,Gen Z,5475,82,5,106.98,288.96
24-12-2024,Campaign 2,TikTok,Carousel,Millennials,1796,31,1,54.81,80.14
24-12-2024,Campaign 2,TikTok,Carousel,Gen X,1000,18,1,27.58,98.26
24-12-2024,Campaign 2,Facebook,Video,Gen Z,1487,53,4,51.84,298.95
24-12-2024,Campaign 2,Facebook,Video,Millennials,4649,171,24,92.02,1655.51
24-12-2024,Campaign 2,Facebook,Video,Gen X,5096,238,17,158.62,1203.23
24-12-2024,Campaign 2,Facebook,Image,Gen Z,1872,28,0,45.67,0
24-12-2024,Campaign 2,Facebook,Image,Millennials,7607,131,4,293.58,234.43
24-12-2024,Campaign 2,Facebook,Image,Gen X,4224,51,1,144.09,97.91
24-12-2024,Campaign 2,Facebook,Carousel,Gen Z,1560,27,2,38.5,186.09
24-12-2024,Campaign 2,Facebook,Carousel,Millennials,9465,195,13,183.44,976
24-12-2024,Campaign 2,Facebook,Carousel,Gen X,4515,124,4,98.5,264.8
25-12-2024,Campaign 2,Instagram,Video,Gen Z,6985,264,32,149.02,2430.82
25-12-2024,Campaign 2,Instagram,Video,Millennials,3482,105,5,60.95,430.37
25-12-2024,Campaign 2,Instagram,Video,Gen X,710,29,1,15.22,54.32
25-12-2024,Campaign 2,Instagram,Image,Gen Z,3828,69,3,112.95,271.06
25-12-2024,Campaign 2,Instagram,Image,Millennials,5620,89,3,186.98,165.61
25-12-2024,Campaign 2,Instagram,Image,Gen X,182,3,0,4.44,0
25-12-2024,Campaign 2,Instagram,Carousel,Gen Z,3185,74,4,94.13,310.78
25-12-2024,Campaign 2,Instagram,Carousel,Millennials,4517,112,4,159.24,380.06
25-12-2024,Campaign 2,Instagram,Carousel,Gen X,536,10,0,12.57,0
25-12-2024,Campaign 2,TikTok,Video,Gen Z,8784,276,30,334.63,2675.84
25-12-2024,Campaign 2,TikTok,Video,Millennials,1195,43,6,45.23,441.31
25-12-2024,Campaign 2,TikTok,Video,Gen X,835,22,1,12.1,78.84
25-12-2024,Campaign 2,TikTok,Image,Gen Z,5223,42,1,109.77,92.71
25-12-2024,Campaign 2,TikTok,Image,Millennials,502,8,0,6.92,0
25-12-2024,Campaign 2,TikTok,Image,Gen X,828,5,0,13.68,0
25-12-2024,Campaign 2,TikTok,Carousel,Gen Z,8925,190,12,238.38,1142.22
25-12-2024,Campaign 2,TikTok,Carousel,Millennials,804,16,1,24.69,75.92
25-12-2024,Campaign 2,TikTok,Carousel,Gen X,957,17,0,19.25,0
25-12-2024,Campaign 2,Facebook,Video,Gen Z,1909,73,4,66.76,388.49
25-12-2024,Campaign 2,Facebook,Video,Millennials,10828,507,44,227.18,4208.52
25-12-2024,Campaign 2,Facebook,Video,Gen X,3013,103,5,113.9,258.06
25-12-2024,Campaign 2,Facebook,Image,Gen Z,1860,29,0,38.86,0
25-12-2024,Campaign 2,Facebook,Image,Millennials,9149,60,2,175.83,109.41
25-12-2024,Campaign 2,Facebook,Image,Gen X,2416,47,1,72.41,84.67
25-12-2024,Campaign 2,Facebook,Carousel,Gen Z,1804,47,1,50.58,76.31
25-12-2024,Campaign 2,Facebook,Carousel,Millennials,9937,188,5,333.29,339.1
25-12-2024,Campaign 2,Facebook,Carousel,Gen X,5748,63,2,184.5,186.85
26-12-2024,Campaign 2,Instagram,Video,Gen Z,3518,161,15,102.21,1357.3
26-12-2024,Campaign 2,Instagram,Video,Millennials,7403,277,39,96.9,3253.03
26-12-2024,Campaign 2,Instagram,Video,Gen X,688,33,1,17.86,64.31
26-12-2024,Campaign 2,Instagram,Image,Gen Z,3562,22,0,85,0
26-12-2024,Campaign 2,Instagram,Image,Millennials,3342,55,1,109.82,74.25
26-12-2024,Campaign 2,Instagram,Image,Gen X,374,7,0,11.15,0
26-12-2024,Campaign 2,Instagram,Carousel,Gen Z,9804,236,16,210.15,1245.28
26-12-2024,Campaign 2,Instagram,Carousel,Millennials,4453,70,4,141.25,270.41
26-12-2024,Campaign 2,Instagram,Carousel,Gen X,529,10,0,10.63,0
26-12-2024,Campaign 2,TikTok,Video,Gen Z,12467,273,35,216.55,2858.53
26-12-2024,Campaign 2,TikTok,Video,Millennials,569,13,1,7.95,50.58
26-12-2024,Campaign 2,TikTok,Video,Gen X,467,12,0,17.24,0
26-12-2024,Campaign 2,TikTok,Image,Gen Z,11820,178,3,423.42,222.21
26-12-2024,Campaign 2,TikTok,Image,Millennials,652,8,0,14.06,0
26-12-2024,Campaign 2,TikTok,Image,Gen X,852,9,0,15.07,0
26-12-2024,Campaign 2,TikTok,Carousel,Gen Z,12601,375,24,423.99,1923.24
26-12-2024,Campaign 2,TikTok,Carousel,Millennials,768,14,0,26.45,0
26-12-2024,Campaign 2,TikTok,Carousel,Gen X,532,15,0,8.95,0
26-12-2024,Campaign 2,Facebook,Video,Gen Z,1077,51,6,32.33,432.32
26-12-2024,Campaign 2,Facebook,Video,Millennials,7010,338,49,130.42,4235
26-12-2024,Campaign 2,Facebook,Video,Gen X,2094,76,10,69.72,916.18
26-12-2024,Campaign 2,Facebook,Image,Gen Z,1902,29,0,33.91,0
26-12-2024,Campaign 2,Facebook,Image,Millennials,8261,105,4,174.1,205.22
26-12-2024,Campaign 2,Facebook,Image,Gen X,2466,21,0,55.2,0
26-12-2024,Campaign 2,Facebook,Carousel,Gen Z,1206,31,0,26.45,0
26-12-2024,Campaign 2,Facebook,Carousel,Millennials,5941,167,6,141.3,325.74
26-12-2024,Campaign 2,Facebook,Carousel,Gen X,3270,71,3,108.82,252.46
27-12-2024,Campaign 2,Instagram,Video,Gen Z,7334,239,16,238.23,1334.99
27-12-2024,Campaign 2,Instagram,Video,Millennials,3429,91,12,104.43,1122.04
27-12-2024,Campaign 2,Instagram,Video,Gen X,561,16,2,19.79,104.82
27-12-2024,Campaign 2,Instagram,Image,Gen Z,9925,119,5,265.99,308.79
27-12-2024,Campaign 2,Instagram,Image,Millennials,3091,26,1,53.7,83.74
27-12-2024,Campaign 2,Instagram,Image,Gen X,151,1,0,4.85,0
27-12-2024,Campaign 2,Instagram,Carousel,Gen Z,5382,159,6,124.56,438.54
27-12-2024,Campaign 2,Instagram,Carousel,Millennials,7158,188,4,222.54,306.79
27-12-2024,Campaign 2,Instagram,Carousel,Gen X,302,5,0,7.87,0
27-12-2024,Campaign 2,TikTok,Video,Gen Z,13641,289,36,292.31,3476.24
27-12-2024,Campaign 2,TikTok,Video,Millennials,1400,47,5,22.35,498.7
27-12-2024,Campaign 2,TikTok,Video,Gen X,446,15,0,12.62,0
27-12-2024,Campaign 2,TikTok,Image,Gen Z,5235,99,2,115.11,149.08
27-12-2024,Campaign 2,TikTok,Image,Millennials,1505,29,1,28.33,74.84
27-12-2024,Campaign 2,TikTok,Image,Gen X,139,1,0,2.37,0
27-12-2024,Campaign 2,TikTok,Carousel,Gen Z,7153,89,4,124.25,273.15
27-12-2024,Campaign 2,TikTok,Carousel,Millennials,622,15,0,20.9,0
27-12-2024,Campaign 2,TikTok,Carousel,Gen X,696,17,0,10.19,0
27-12-2024,Campaign 2,Facebook,Video,Gen Z,1393,66,4,26.97,385.9
27-12-2024,Campaign 2,Facebook,Video,Millennials,5777,178,8,200.55,734.13
27-12-2024,Campaign 2,Facebook,Video,Gen X,4724,194,20,130.75,1994.1
27-12-2024,Campaign 2,Facebook,Image,Gen Z,2306,32,0,77.98,0
27-12-2024,Campaign 2,Facebook,Image,Millennials,6550,98,4,233.06,312.36
27-12-2024,Campaign 2,Facebook,Image,Gen X,4382,29,1,155.86,72.27
27-12-2024,Campaign 2,Facebook,Carousel,Gen Z,1576,36,1,59.14,64.93
27-12-2024,Campaign 2,Facebook,Carousel,Millennials,6279,63,4,237.97,269.27
27-12-2024,Campaign 2,Facebook,Carousel,Gen X,3649,55,3,128.63,192.58
28-12-2024,Campaign 2,Instagram,Video,Gen Z,8596,258,15,186.2,1102.58
28-12-2024,Campaign 2,Instagram,Video,Millennials,7300,203,28,185.51,1967.23
28-12-2024,Campaign 2,Instagram,Video,Gen X,651,31,2,9.24,123.96
28-12-2024,Campaign 2,Instagram,Image,Gen Z,3117,33,1,105.54,78.99
28-12-2024,Campaign 2,Instagram,Image,Millennials,6762,111,1,127.06,83.8
28-12-2024,Campaign 2,Instagram,Image,Gen X,760,11,0,26.11,0
28-12-2024,Campaign 2,Instagram,Carousel,Gen Z,3615,76,4,99.94,213.85
28-12-2024,Campaign 2,Instagram,Carousel,Millennials,6366,179,5,134.62,338.35
28-12-2024,Campaign 2,Instagram,Carousel,Gen X,968,14,0,35.22,0
28-12-2024,Campaign 2,TikTok,Video,Gen Z,14725,469,30,295.77,2971.61
28-12-2024,Campaign 2,TikTok,Video,Millennials,903,22,2,29.67,176.12
28-12-2024,Campaign 2,TikTok,Video,Gen X,185,8,0,2.48,0
28-12-2024,Campaign 2,TikTok,Image,Gen Z,13613,104,4,494.62,216.47
28-12-2024,Campaign 2,TikTok,Image,Millennials,1672,8,0,50.19,0
28-12-2024,Campaign 2,TikTok,Image,Gen X,256,3,0,9.73,0
28-12-2024,Campaign 2,TikTok,Carousel,Gen Z,12301,254,11,313.63,980.28
28-12-2024,Campaign 2,TikTok,Carousel,Millennials,1079,30,1,38.58,97.98
28-12-2024,Campaign 2,TikTok,Carousel,Gen X,272,5,0,7.87,0
28-12-2024,Campaign 2,Facebook,Video,Gen Z,2132,101,14,65.21,880.79
28-12-2024,Campaign 2,Facebook,Video,Millennials,11263,279,28,207.18,2034.66
28-12-2024,Campaign 2,Facebook,Video,Gen X,4906,184,11,154.95,666.93
28-12-2024,Campaign 2,Facebook,Image,Gen Z,2139,36,0,50.6,0
28-12-2024,Campaign 2,Facebook,Image,Millennials,5103,59,0,135.83,0
28-12-2024,Campaign 2,Facebook,Image,Gen X,5407,38,0,154.26,0
28-12-2024,Campaign 2,Facebook,Carousel,Gen Z,2807,69,1,96.38,84.61
28-12-2024,Campaign 2,Facebook,Carousel,Millennials,7507,116,5,276.8,438.05
28-12-2024,Campaign 2,Facebook,Carousel,Gen X,4820,107,3,164.3,229.01
29-12-2024,Campaign 2,Instagram,Video,Gen Z,7908,195,26,259.82,2458.09
29-12-2024,Campaign 2,Instagram,Video,Millennials,6777,185,26,110.65,1788.22
29-12-2024,Campaign 2,Instagram,Video,Gen X,246,5,0,8.08,0
29-12-2024,Campaign 2,Instagram,Image,Gen Z,4578,73,3,63.12,164.98
29-12-2024,Campaign 2,Instagram,Image,Millennials,3568,40,1,57.78,51.67
29-12-2024,Campaign 2,Instagram,Image,Gen X,555,7,0,17.11,0
29-12-2024,Campaign 2,Instagram,Carousel,Gen Z,7569,189,10,257.32,890.49
29-12-2024,Campaign 2,Instagram,Carousel,Millennials,3501,93,5,75.01,289.1
29-12-2024,Campaign 2,Instagram,Carousel,Gen X,500,7,0,16.64,0
29-12-2024,Campaign 2,TikTok,Video,Gen Z,5199,217,21,125.51,1379.36
29-12-2024,Campaign 2,TikTok,Video,Millennials,1124,34,4,15.97,391.67
29-12-2024,Campaign 2,TikTok,Video,Gen X,913,27,2,26.06,120
29-12-2024,Campaign 2,TikTok,Image,Gen Z,11238,152,3,391.68,243.76
29-12-2024,Campaign 2,TikTok,Image,Millennials,1032,15,0,28.82,0
29-12-2024,Campaign 2,TikTok,Image,Gen X,505,9,0,17.86,0
29-12-2024,Campaign 2,TikTok,Carousel,Gen Z,8480,206,11,176.45,713.86
29-12-2024,Campaign 2,TikTok,Carousel,Millennials,844,22,1,11.46,98.68
29-12-2024,Campaign 2,TikTok,Carousel,Gen X,704,16,1,22.48,68.75
29-12-2024,Campaign 2,Facebook,Video,Gen Z,2130,97,5,70.37,394.84
29-12-2024,Campaign 2,Facebook,Video,Millennials,8132,372,38,293.78,2283.06
29-12-2024,Campaign 2,Facebook,Video,Gen X,3141,93,8,42.55,611.04
29-12-2024,Campaign 2,Facebook,Image,Gen Z,1400,16,0,46.29,0
29-12-2024,Campaign 2,Facebook,Image,Millennials,8052,113,1,139.58,56.92
29-12-2024,Campaign 2,Facebook,Image,Gen X,3476,45,0,115.37,0
29-12-2024,Campaign 2,Facebook,Carousel,Gen Z,2029,30,1,55.12,57.7
29-12-2024,Campaign 2,Facebook,Carousel,Millennials,7762,109,7,276.85,370.74
29-12-2024,Campaign 2,Facebook,Carousel,Gen X,5044,60,4,138.16,271.35
30-12-2024,Campaign 2,Instagram,Video,Gen Z,4144,202,11,109.46,828.71
30-12-2024,Campaign 2,Instagram,Video,Millennials,7743,256,18,134.98,1680.07
30-12-2024,Campaign 2,Instagram,Video,Gen X,658,22,1,11.69,97.83
30-12-2024,Campaign 2,Instagram,Image,Gen Z,6093,96,2,200.32,157.03
30-12-2024,Campaign 2,Instagram,Image,Millennials,3493,26,1,57.8,91.62
30-12-2024,Campaign 2,Instagram,Image,Gen X,347,3,0,11.53,0
30-12-2024,Campaign 2,Instagram,Carousel,Gen Z,7238,89,4,137.56,399.27
30-12-2024,Campaign 2,Instagram,Carousel,Millennials,2040,43,1,29.24,67.8
30-12-2024,Campaign 2,Instagram,Carousel,Gen X,754,14,0,11.51,0
30-12-2024,Campaign 2,TikTok,Video,Gen Z,10989,287,39,263.05,3765.03
30-12-2024,Campaign 2,TikTok,Video,Millennials,591,25,2,14.79,157.28
30-12-2024,Campaign 2,TikTok,Video,Gen X,514,14,1,13.37,60.12
30-12-2024,Campaign 2,TikTok,Image,Gen Z,11646,120,5,435.65,494.95
30-12-2024,Campaign 2,TikTok,Image,Millennials,1773,20,0,61.78,0
30-12-2024,Campaign 2,TikTok,Image,Gen X,969,16,0,29.57,0
30-12-2024,Campaign 2,TikTok,Carousel,Gen Z,11633,346,17,309.08,894.82
30-12-2024,Campaign 2,TikTok,Carousel,Millennials,1963,55,2,64.12,197.76
30-12-2024,Campaign 2,TikTok,Carousel,Gen X,770,20,0,16.15,0
30-12-2024,Campaign 2,Facebook,Video,Gen Z,2964,100,10,86.08,913.61
30-12-2024,Campaign 2,Facebook,Video,Millennials,5385,252,24,111.73,1563.3
30-12-2024,Campaign 2,Facebook,Video,Gen X,5838,288,20,98.21,1353.47
30-12-2024,Campaign 2,Facebook,Image,Gen Z,1309,11,0,38.99,0
30-12-2024,Campaign 2,Facebook,Image,Millennials,6230,72,0,118.42,0
30-12-2024,Campaign 2,Facebook,Image,Gen X,5947,82,3,205.27,266.17
30-12-2024,Campaign 2,Facebook,Carousel,Gen Z,2784,76,4,75.61,204.19
30-12-2024,Campaign 2,Facebook,Carousel,Millennials,7294,87,4,268.16,316.62
30-12-2024,Campaign 2,Facebook,Carousel,Gen X,4659,124,9,123.6,627.32
31-12-2024,Campaign 2,Instagram,Video,Gen Z,5572,230,27,213.3,2112.63
31-12-2024,Campaign 2,Instagram,Video,Millennials,5657,117,7,123.47,566.76
31-12-2024,Campaign 2,Instagram,Video,Gen X,394,12,1,8.1,60.23
31-12-2024,Campaign 2,Instagram,Image,Gen Z,7410,47,2,208.86,126.4
31-12-2024,Campaign 2,Instagram,Image,Millennials,2892,44,0,82.75,0
31-12-2024,Campaign 2,Instagram,Image,Gen X,717,14,0,9.68,0
31-12-2024,Campaign 2,Instagram,Carousel,Gen Z,9081,236,15,299.48,988.35
31-12-2024,Campaign 2,Instagram,Carousel,Millennials,7334,140,10,101.28,864.65
31-12-2024,Campaign 2,Instagram,Carousel,Gen X,323,3,0,10.42,0
31-12-2024,Campaign 2,TikTok,Video,Gen Z,10511,237,22,179.73,1772.03
31-12-2024,Campaign 2,TikTok,Video,Millennials,1786,71,5,29.49,448.57
31-12-2024,Campaign 2,TikTok,Video,Gen X,883,39,5,14.14,282.17
31-12-2024,Campaign 2,TikTok,Image,Gen Z,13129,93,2,255.15,168.96
31-12-2024,Campaign 2,TikTok,Image,Millennials,1918,20,0,68.23,0
31-12-2024,Campaign 2,TikTok,Image,Gen X,534,10,0,15.43,0
31-12-2024,Campaign 2,TikTok,Carousel,Gen Z,9775,116,3,190.41,207.21
31-12-2024,Campaign 2,TikTok,Carousel,Millennials,1561,41,1,22.84,54.84
31-12-2024,Campaign 2,TikTok,Carousel,Gen X,955,11,0,25.98,0
31-12-2024,Campaign 2,Facebook,Video,Gen Z,1644,74,5,32.72,390.02
31-12-2024,Campaign 2,Facebook,Video,Millennials,4323,199,29,66.19,1476.6
31-12-2024,Campaign 2,Facebook,Video,Gen X,4680,118,13,79.17,719.47
31-12-2024,Campaign 2,Facebook,Image,Gen Z,1576,21,0,33.39,0
31-12-2024,Campaign 2,Facebook,Image,Millennials,9238,106,3,266.04,184.64
31-12-2024,Campaign 2,Facebook,Image,Gen X,4139,47,1,83.55,74.25
31-12-2024,Campaign 2,Facebook,Carousel,Gen Z,2860,68,1,108.43,68.27
31-12-2024,Campaign 2,Facebook,Carousel,Millennials,10725,131,5,376.51,365.3
31-12-2024,Campaign 2,Facebook,Carousel,Gen X,5511,57,3,94.96,287.82
